{
    "channel_loss": 0.04,
    "convergence_set": [
        249,
        250,
        251,
        252,
        253,
        254,
        255,
        256,
        257,
        258,
        259,
        260,
        261,
        262,
        263,
        264,
        265,
        266,
        267,
        268
    ],
    "convergence_sets": [
        [
            108,
            109,
            110,
            111
        ],
        [
            150,
            151,
            152,
            153,
            154,
            155
        ],
        [
            158,
            159,
            160,
            161,
            162,
            163,
            164,
            165,
            166,
            167,
            168,
            169,
            170,
            171,
            172,
            173,
            174,
            175,
            176,
            177,
            178,
            179
        ],
        [
            182,
            183,
            184,
            185
        ],
        [
            188,
            189,
            190,
            191,
            192,
            193,
            194,
            195,
            196,
            197,
            198
        ],
        [
            201,
            202,
            203,
            204,
            205,
            206,
            207,
            208
        ],
        [
            211,
            212,
            213,
            214,
            215,
            216,
            217,
            218,
            219,
            220,
            221
        ],
        [
            224,
            225,
            226,
            227,
            228,
            229,
            230,
            231,
            232,
            233,
            234,
            235,
            236,
            237,
            238,
            239,
            240,
            241,
            242,
            243
        ],
        [
            246
        ]
    ],
    "convergence_treshold": 2,
    "corrupted_parts": [
        0,
        0,
        1,
        1,
        6,
        1,
        7,
        6,
        2,
        1,
        8,
        2,
        4,
        6,
        2,
        3,
        5,
        6,
        1,
        2,
        5,
        7,
        4,
        7,
        2,
        5,
        4,
        6,
        7,
        4,
        7,
        9,
        7,
        6,
        8,
        11,
        3,
        10,
        8,
        7,
        6,
        5,
        6,
        2,
        13,
        4,
        8,
        7,
        4,
        6,
        3,
        6,
        7,
        5,
        3,
        5,
        10,
        4,
        8,
        4,
        8,
        10,
        6,
        8,
        6,
        9,
        5,
        8,
        5,
        9,
        7,
        13,
        6,
        4,
        4,
        2,
        2,
        5,
        7,
        3,
        5,
        9,
        7,
        10,
        1,
        3,
        6,
        3,
        7,
        2,
        3,
        5,
        7,
        3,
        2,
        4,
        6,
        6,
        6,
        4,
        5,
        1,
        5,
        2,
        4,
        5,
        6,
        4,
        5,
        6,
        1,
        7,
        2,
        4,
        3,
        3,
        4,
        4,
        2,
        4,
        5,
        3,
        0,
        3,
        7,
        5,
        2,
        2,
        4,
        2,
        3,
        6,
        3,
        6,
        11,
        0,
        2,
        7,
        4,
        6,
        3,
        3,
        3,
        4,
        6,
        4,
        4,
        4,
        6,
        7,
        12,
        3,
        8,
        7,
        7,
        5,
        9,
        6,
        7,
        8,
        5,
        6,
        3,
        3,
        9,
        5,
        7,
        10,
        9,
        1,
        12,
        4,
        1,
        5,
        10,
        4,
        4,
        11,
        8,
        3,
        4,
        5,
        7,
        6,
        6,
        8,
        1,
        9,
        8,
        6,
        11,
        8,
        8,
        4,
        5,
        7,
        8,
        13,
        11,
        7,
        7,
        4,
        12,
        9,
        5,
        5,
        7,
        5,
        10,
        10,
        9,
        7,
        5,
        7,
        5,
        7,
        6,
        8,
        7,
        4,
        6,
        8,
        8,
        8,
        3,
        11,
        12,
        6,
        8,
        4,
        7,
        7,
        7,
        11,
        9,
        10,
        5,
        4,
        6,
        13,
        11,
        9,
        7,
        6,
        8,
        4,
        5,
        11,
        6,
        13,
        6,
        5,
        9,
        6,
        6,
        7,
        3,
        4,
        9,
        8,
        3,
        2,
        6,
        8,
        7,
        8,
        10,
        11
    ],
    "corruption_chance_tod": 0.00809378264676263,
    "critical_size_threshold": 3,
    "cswc": 21,
    "delay": [
        0,
        0,
        4.0,
        1.0,
        1.8333333333333333,
        4.0,
        2.7142857142857144,
        2.3333333333333335,
        4.0,
        2.0,
        1.875,
        2.0,
        1.5,
        2.5,
        3.0,
        2.3333333333333335,
        2.8,
        2.5,
        4.0,
        2.5,
        2.6,
        2.5714285714285716,
        1.75,
        2.142857142857143,
        3.5,
        2.8,
        2.75,
        2.1666666666666665,
        2.5714285714285716,
        2.75,
        2.2857142857142856,
        2.5555555555555554,
        2.5714285714285716,
        2.5,
        2.5,
        2.5454545454545454,
        3.0,
        2.9,
        2.5,
        2.2857142857142856,
        1.8333333333333333,
        1.8,
        2.1666666666666665,
        1.5,
        2.4615384615384617,
        1.5,
        2.125,
        2.4285714285714284,
        2.25,
        2.6666666666666665,
        2.0,
        3.1666666666666665,
        2.5714285714285716,
        3.2,
        3.6666666666666665,
        2.0,
        2.6,
        3.0,
        1.875,
        1.75,
        2.875,
        2.6,
        2.5,
        2.625,
        2.6666666666666665,
        2.2222222222222223,
        2.2,
        2.5,
        2.0,
        2.111111111111111,
        2.4285714285714284,
        2.5384615384615383,
        2.4444444444444446,
        1.0,
        3.0,
        3.0,
        2.0,
        3.0,
        2.2857142857142856,
        2.0,
        2.6,
        2.4444444444444446,
        2.7142857142857144,
        2.4,
        4.0,
        2.0,
        3.3333333333333335,
        3.0,
        1.5714285714285714,
        3.0,
        1.3333333333333333,
        2.2,
        2.5714285714285716,
        2.6666666666666665,
        2.0,
        2.5,
        2.6666666666666665,
        2.8333333333333335,
        2.0,
        2.25,
        1.4,
        3.0,
        3.4,
        2.5,
        3.5,
        3.0,
        2.8333333333333335,
        2.0,
        2.2,
        2.1666666666666665,
        2.0,
        2.2857142857142856,
        3.0,
        2.25,
        2.6666666666666665,
        2.0,
        2.75,
        3.0,
        2.5,
        1.5,
        1.8,
        2.0,
        0,
        2.3333333333333335,
        3.0,
        1.8,
        2.5,
        2.5,
        2.25,
        4.0,
        3.0,
        2.6666666666666665,
        2.3333333333333335,
        2.5,
        3.090909090909091,
        0,
        2.5,
        2.5714285714285716,
        3.25,
        2.8333333333333335,
        3.0,
        2.3333333333333335,
        2.3333333333333335,
        2.25,
        2.1666666666666665,
        3.0,
        2.467741935483871,
        2.5,
        2.0,
        2.4285714285714284,
        2.5,
        2.3333333333333335,
        2.5,
        2.7142857142857144,
        2.0,
        2.2,
        2.0,
        2.6666666666666665,
        2.4285714285714284,
        3.25,
        2.8,
        3.3333333333333335,
        3.6666666666666665,
        2.0,
        2.5555555555555554,
        2.0,
        3.0,
        3.0,
        2.6666666666666665,
        4.0,
        2.8333333333333335,
        2.5,
        4.0,
        3.2,
        2.7,
        2.0,
        2.25,
        2.909090909090909,
        2.125,
        2.6666666666666665,
        2.25,
        2.8,
        2.7142857142857144,
        3.1666666666666665,
        2.8333333333333335,
        2.375,
        2.0,
        2.4444444444444446,
        2.625,
        2.6666666666666665,
        1.9090909090909092,
        2.125,
        2.5,
        3.25,
        3.2,
        2.4285714285714284,
        3.125,
        2.4615384615384617,
        2.3636363636363638,
        2.5714285714285716,
        1.7142857142857142,
        2.25,
        2.0,
        2.7777777777777777,
        2.0,
        2.2,
        2.5714285714285716,
        3.6,
        2.8,
        2.4,
        2.3333333333333335,
        1.7142857142857142,
        2.2,
        2.4285714285714284,
        3.0,
        2.7142857142857144,
        3.3333333333333335,
        3.25,
        2.5714285714285716,
        2.0,
        2.3333333333333335,
        1.625,
        2.625,
        3.25,
        2.6666666666666665,
        2.909090909090909,
        2.3333333333333335,
        2.1666666666666665,
        2.75,
        2.5,
        2.2857142857142856,
        2.142857142857143,
        2.7142857142857144,
        2.272727272727273,
        2.6666666666666665,
        2.2,
        1.8,
        4.0,
        2.5,
        2.0,
        2.5454545454545454,
        2.4444444444444446,
        3.0,
        1.8333333333333333,
        2.625,
        2.0,
        2.2,
        2.0,
        2.8333333333333335,
        2.3846153846153846,
        2.0,
        3.0,
        3.111111111111111,
        2.3333333333333335,
        1.5,
        2.5714285714285716,
        2.6666666666666665,
        2.25,
        2.7777777777777777,
        1.625,
        2.0,
        2.0,
        2.5,
        2.25,
        2.857142857142857,
        2.5,
        2.4,
        2.5
    ],
    "disconnected_workers": [
        0,
        0,
        0,
        0,
        0,
        0,
        0,
        0,
        0,
        0,
        0,
        0,
        0,
        0,
        0,
        0,
        0,
        0,
        0,
        0,
        0,
        0,
        0,
        0,
        0,
        0,
        0,
        0,
        0,
        0,
        0,
        0,
        0,
        0,
        0,
        0,
        0,
        0,
        0,
        0,
        0,
        0,
        0,
        0,
        0,
        0,
        0,
        0,
        0,
        0,
        0,
        0,
        0,
        0,
        0,
        0,
        0,
        0,
        0,
        0,
        0,
        0,
        0,
        0,
        0,
        0,
        0,
        0,
        0,
        0,
        0,
        0,
        1,
        0,
        0,
        0,
        0,
        0,
        0,
        0,
        0,
        0,
        0,
        0,
        0,
        0,
        0,
        0,
        0,
        0,
        0,
        0,
        0,
        0,
        0,
        0,
        0,
        0,
        0,
        0,
        0,
        0,
        0,
        0,
        0,
        0,
        0,
        0,
        0,
        0,
        0,
        0,
        0,
        0,
        0,
        0,
        0,
        0,
        0,
        0,
        0,
        0,
        0,
        0,
        0,
        0,
        0,
        0,
        0,
        0,
        0,
        0,
        0,
        0,
        0,
        0,
        0,
        0,
        0,
        0,
        0,
        0,
        0,
        0,
        0,
        0,
        1,
        0,
        0,
        0,
        0,
        0,
        0,
        0,
        0,
        0,
        0,
        0,
        0,
        0,
        0,
        0,
        0,
        0,
        0,
        0,
        0,
        0,
        0,
        0,
        0,
        0,
        0,
        0,
        0,
        0,
        0,
        0,
        0,
        0,
        0,
        0,
        0,
        0,
        0,
        0,
        0,
        0,
        0,
        0,
        0,
        0,
        0,
        0,
        0,
        0,
        0,
        0,
        0,
        0,
        0,
        0,
        0,
        0,
        0,
        0,
        0,
        0,
        0,
        0,
        0,
        0,
        0,
        0,
        0,
        0,
        0,
        0,
        0,
        0,
        0,
        0,
        0,
        0,
        0,
        0,
        0,
        0,
        0,
        0,
        0,
        0,
        0,
        0,
        0,
        0,
        0,
        0,
        0,
        0,
        0,
        0,
        0,
        0,
        0,
        0,
        0,
        0,
        0,
        0,
        0,
        0,
        0,
        0,
        0,
        0,
        0,
        0,
        0,
        0,
        0,
        0,
        0,
        0,
        0,
        0,
        0,
        0
    ],
    "file_name": "FBZ_0134.NEF",
    "hive_id": "f706640f-f026-4d44-aa08-2e8a572f420a",
    "hive_size_after_maintenance": [
        8,
        8,
        8,
        8,
        8,
        8,
        8,
        8,
        8,
        8,
        8,
        8,
        8,
        8,
        8,
        8,
        8,
        8,
        8,
        8,
        8,
        8,
        8,
        8,
        8,
        8,
        8,
        8,
        8,
        8,
        8,
        8,
        8,
        8,
        8,
        8,
        8,
        8,
        8,
        8,
        8,
        8,
        8,
        8,
        8,
        8,
        8,
        8,
        8,
        8,
        8,
        8,
        8,
        8,
        8,
        8,
        8,
        8,
        8,
        8,
        8,
        8,
        8,
        8,
        8,
        8,
        8,
        8,
        8,
        8,
        8,
        8,
        8,
        8,
        8,
        8,
        8,
        8,
        8,
        8,
        8,
        8,
        8,
        8,
        8,
        8,
        8,
        8,
        8,
        8,
        8,
        8,
        8,
        8,
        8,
        8,
        8,
        8,
        8,
        8,
        8,
        8,
        8,
        8,
        8,
        8,
        8,
        8,
        8,
        8,
        8,
        8,
        8,
        8,
        8,
        8,
        8,
        8,
        8,
        8,
        8,
        8,
        8,
        8,
        8,
        8,
        8,
        8,
        8,
        8,
        8,
        8,
        8,
        8,
        8,
        8,
        8,
        8,
        8,
        8,
        8,
        8,
        8,
        8,
        8,
        8,
        8,
        8,
        8,
        8,
        8,
        8,
        8,
        8,
        8,
        8,
        8,
        8,
        8,
        8,
        8,
        8,
        8,
        8,
        8,
        8,
        8,
        8,
        8,
        8,
        8,
        8,
        8,
        8,
        8,
        8,
        8,
        8,
        8,
        8,
        8,
        8,
        8,
        8,
        8,
        8,
        8,
        8,
        8,
        8,
        8,
        8,
        8,
        8,
        8,
        8,
        8,
        8,
        8,
        8,
        8,
        8,
        8,
        8,
        8,
        8,
        8,
        8,
        8,
        8,
        8,
        8,
        8,
        8,
        8,
        8,
        8,
        8,
        8,
        8,
        8,
        8,
        8,
        8,
        8,
        8,
        8,
        8,
        8,
        8,
        8,
        8,
        8,
        8,
        8,
        8,
        8,
        8,
        8,
        8,
        8,
        8,
        8,
        8,
        8,
        8,
        8,
        8,
        8,
        8,
        8,
        8,
        8,
        8,
        8,
        8,
        8,
        8,
        8,
        8,
        8,
        8,
        8,
        8,
        8,
        8,
        8,
        8
    ],
    "hive_size_before_maintenance": [
        8,
        8,
        8,
        8,
        8,
        8,
        8,
        8,
        8,
        8,
        8,
        8,
        8,
        8,
        8,
        8,
        8,
        8,
        8,
        8,
        8,
        8,
        8,
        8,
        8,
        8,
        8,
        8,
        8,
        8,
        8,
        8,
        8,
        8,
        8,
        8,
        8,
        8,
        8,
        8,
        8,
        8,
        8,
        8,
        8,
        8,
        8,
        8,
        8,
        8,
        8,
        8,
        8,
        8,
        8,
        8,
        8,
        8,
        8,
        8,
        8,
        8,
        8,
        8,
        8,
        8,
        8,
        8,
        8,
        8,
        8,
        8,
        7,
        8,
        8,
        8,
        8,
        8,
        8,
        8,
        8,
        8,
        8,
        8,
        8,
        8,
        8,
        8,
        8,
        8,
        8,
        8,
        8,
        8,
        8,
        8,
        8,
        8,
        8,
        8,
        8,
        8,
        8,
        8,
        8,
        8,
        8,
        8,
        8,
        8,
        8,
        8,
        8,
        8,
        8,
        8,
        8,
        8,
        8,
        8,
        8,
        8,
        8,
        8,
        8,
        8,
        8,
        8,
        8,
        8,
        8,
        8,
        8,
        8,
        8,
        8,
        8,
        8,
        8,
        8,
        8,
        8,
        8,
        8,
        8,
        8,
        7,
        8,
        8,
        8,
        8,
        8,
        8,
        8,
        8,
        8,
        8,
        8,
        8,
        8,
        8,
        8,
        8,
        8,
        8,
        8,
        8,
        8,
        8,
        8,
        8,
        8,
        8,
        8,
        8,
        8,
        8,
        8,
        8,
        8,
        8,
        8,
        8,
        8,
        8,
        8,
        8,
        8,
        8,
        8,
        8,
        8,
        8,
        8,
        8,
        8,
        8,
        8,
        8,
        8,
        8,
        8,
        8,
        8,
        8,
        8,
        8,
        8,
        8,
        8,
        8,
        8,
        8,
        8,
        8,
        8,
        8,
        8,
        8,
        8,
        8,
        8,
        8,
        8,
        8,
        8,
        8,
        8,
        8,
        8,
        8,
        8,
        8,
        8,
        8,
        8,
        8,
        8,
        8,
        8,
        8,
        8,
        8,
        8,
        8,
        8,
        8,
        8,
        8,
        8,
        8,
        8,
        8,
        8,
        8,
        8,
        8,
        8,
        8,
        8,
        8,
        8,
        8,
        8,
        8,
        8,
        8,
        8
    ],
    "hive_status_before_maintenance": [
        "stable",
        "stable",
        "stable",
        "stable",
        "stable",
        "stable",
        "stable",
        "stable",
        "stable",
        "stable",
        "stable",
        "stable",
        "stable",
        "stable",
        "stable",
        "stable",
        "stable",
        "stable",
        "stable",
        "stable",
        "stable",
        "stable",
        "stable",
        "stable",
        "stable",
        "stable",
        "stable",
        "stable",
        "stable",
        "stable",
        "stable",
        "stable",
        "stable",
        "stable",
        "stable",
        "stable",
        "stable",
        "stable",
        "stable",
        "stable",
        "stable",
        "stable",
        "stable",
        "stable",
        "stable",
        "stable",
        "stable",
        "stable",
        "stable",
        "stable",
        "stable",
        "stable",
        "stable",
        "stable",
        "stable",
        "stable",
        "stable",
        "stable",
        "stable",
        "stable",
        "stable",
        "stable",
        "stable",
        "stable",
        "stable",
        "stable",
        "stable",
        "stable",
        "stable",
        "stable",
        "stable",
        "stable",
        "sufficient",
        "stable",
        "stable",
        "stable",
        "stable",
        "stable",
        "stable",
        "stable",
        "stable",
        "stable",
        "stable",
        "stable",
        "stable",
        "stable",
        "stable",
        "stable",
        "stable",
        "stable",
        "stable",
        "stable",
        "stable",
        "stable",
        "stable",
        "stable",
        "stable",
        "stable",
        "stable",
        "stable",
        "stable",
        "stable",
        "stable",
        "stable",
        "stable",
        "stable",
        "stable",
        "stable",
        "stable",
        "stable",
        "stable",
        "stable",
        "stable",
        "stable",
        "stable",
        "stable",
        "stable",
        "stable",
        "stable",
        "stable",
        "stable",
        "stable",
        "stable",
        "stable",
        "stable",
        "stable",
        "stable",
        "stable",
        "stable",
        "stable",
        "stable",
        "stable",
        "stable",
        "stable",
        "stable",
        "stable",
        "stable",
        "stable",
        "stable",
        "stable",
        "stable",
        "stable",
        "stable",
        "stable",
        "stable",
        "stable",
        "sufficient",
        "stable",
        "stable",
        "stable",
        "stable",
        "stable",
        "stable",
        "stable",
        "stable",
        "stable",
        "stable",
        "stable",
        "stable",
        "stable",
        "stable",
        "stable",
        "stable",
        "stable",
        "stable",
        "stable",
        "stable",
        "stable",
        "stable",
        "stable",
        "stable",
        "stable",
        "stable",
        "stable",
        "stable",
        "stable",
        "stable",
        "stable",
        "stable",
        "stable",
        "stable",
        "stable",
        "stable",
        "stable",
        "stable",
        "stable",
        "stable",
        "stable",
        "stable",
        "stable",
        "stable",
        "stable",
        "stable",
        "stable",
        "stable",
        "stable",
        "stable",
        "stable",
        "stable",
        "stable",
        "stable",
        "stable",
        "stable",
        "stable",
        "stable",
        "stable",
        "stable",
        "stable",
        "stable",
        "stable",
        "stable",
        "stable",
        "stable",
        "stable",
        "stable",
        "stable",
        "stable",
        "stable",
        "stable",
        "stable",
        "stable",
        "stable",
        "stable",
        "stable",
        "stable",
        "stable",
        "stable",
        "stable",
        "stable",
        "stable",
        "stable",
        "stable",
        "stable",
        "stable",
        "stable",
        "stable",
        "stable",
        "stable",
        "stable",
        "stable",
        "stable",
        "stable",
        "stable",
        "stable",
        "stable",
        "stable",
        "stable",
        "stable",
        "stable",
        "stable",
        "stable",
        "stable",
        "stable",
        "stable",
        "stable",
        "stable",
        "stable",
        "stable",
        "stable",
        "stable",
        "stable",
        "stable",
        "stable",
        "stable",
        "stable",
        "stable",
        "stable",
        "stable"
    ],
    "initial_spread": "i",
    "largest_convergence_window": 22,
    "lost_messages": [
        33,
        42,
        54,
        47,
        40,
        44,
        39,
        48,
        50,
        59,
        47,
        47,
        59,
        51,
        48,
        49,
        52,
        47,
        40,
        51,
        45,
        46,
        39,
        47,
        54,
        41,
        49,
        49,
        48,
        52,
        41,
        45,
        62,
        59,
        46,
        38,
        50,
        46,
        46,
        46,
        51,
        54,
        43,
        45,
        45,
        48,
        49,
        45,
        47,
        54,
        54,
        39,
        52,
        41,
        43,
        58,
        50,
        46,
        39,
        35,
        46,
        40,
        53,
        47,
        46,
        40,
        54,
        45,
        52,
        57,
        42,
        46,
        51,
        42,
        16,
        14,
        26,
        24,
        26,
        30,
        20,
        26,
        33,
        15,
        21,
        29,
        30,
        30,
        29,
        25,
        35,
        20,
        30,
        24,
        30,
        29,
        30,
        27,
        31,
        32,
        30,
        28,
        30,
        25,
        23,
        25,
        19,
        27,
        21,
        21,
        40,
        18,
        27,
        28,
        24,
        25,
        32,
        34,
        27,
        22,
        23,
        29,
        23,
        22,
        23,
        21,
        24,
        29,
        30,
        25,
        33,
        31,
        20,
        25,
        25,
        18,
        31,
        20,
        30,
        29,
        17,
        23,
        22,
        27,
        33,
        31,
        30,
        42,
        38,
        43,
        42,
        42,
        56,
        41,
        43,
        36,
        38,
        42,
        41,
        37,
        42,
        53,
        35,
        36,
        43,
        39,
        51,
        46,
        39,
        36,
        37,
        39,
        47,
        43,
        38,
        43,
        42,
        33,
        46,
        50,
        44,
        37,
        39,
        40,
        37,
        36,
        36,
        46,
        32,
        42,
        40,
        50,
        52,
        29,
        47,
        35,
        38,
        37,
        39,
        32,
        32,
        50,
        39,
        32,
        44,
        38,
        35,
        45,
        35,
        39,
        32,
        56,
        42,
        46,
        41,
        33,
        31,
        42,
        31,
        37,
        37,
        53,
        39,
        26,
        37,
        47,
        43,
        33,
        34,
        34,
        42,
        37,
        50,
        38,
        40,
        45,
        43,
        45,
        38,
        41,
        29,
        41,
        47,
        32,
        39,
        30,
        41,
        43,
        44,
        52,
        51,
        35,
        44,
        36,
        44,
        32,
        36,
        38,
        37,
        41,
        39,
        40,
        42,
        38,
        44,
        48,
        46,
        42
    ],
    "lost_parts": [
        0,
        0,
        0,
        0,
        0,
        0,
        0,
        0,
        0,
        0,
        0,
        0,
        0,
        0,
        0,
        0,
        0,
        0,
        0,
        0,
        0,
        0,
        0,
        0,
        0,
        0,
        0,
        0,
        0,
        0,
        0,
        0,
        0,
        0,
        0,
        0,
        0,
        0,
        0,
        0,
        0,
        0,
        0,
        0,
        0,
        0,
        0,
        0,
        0,
        0,
        0,
        0,
        0,
        0,
        0,
        0,
        0,
        0,
        0,
        0,
        0,
        0,
        0,
        0,
        0,
        0,
        0,
        0,
        0,
        0,
        0,
        0,
        48,
        0,
        0,
        0,
        0,
        0,
        0,
        0,
        0,
        0,
        0,
        0,
        0,
        0,
        0,
        0,
        0,
        0,
        0,
        0,
        0,
        0,
        0,
        0,
        0,
        0,
        0,
        0,
        0,
        0,
        0,
        0,
        0,
        0,
        0,
        0,
        0,
        0,
        0,
        0,
        0,
        0,
        0,
        0,
        0,
        0,
        0,
        0,
        0,
        0,
        0,
        0,
        0,
        0,
        0,
        0,
        0,
        0,
        0,
        0,
        0,
        0,
        0,
        0,
        0,
        0,
        0,
        0,
        0,
        0,
        0,
        0,
        0,
        0,
        58,
        0,
        0,
        0,
        0,
        0,
        0,
        0,
        0,
        0,
        0,
        0,
        0,
        0,
        0,
        0,
        0,
        0,
        0,
        0,
        0,
        0,
        0,
        0,
        0,
        0,
        0,
        0,
        0,
        0,
        0,
        0,
        0,
        0,
        0,
        0,
        0,
        0,
        0,
        0,
        0,
        0,
        0,
        0,
        0,
        0,
        0,
        0,
        0,
        0,
        0,
        0,
        0,
        0,
        0,
        0,
        0,
        0,
        0,
        0,
        0,
        0,
        0,
        0,
        0,
        0,
        0,
        0,
        0,
        0,
        0,
        0,
        0,
        0,
        0,
        0,
        0,
        0,
        0,
        0,
        0,
        0,
        0,
        0,
        0,
        0,
        0,
        0,
        0,
        0,
        0,
        0,
        0,
        0,
        0,
        0,
        0,
        0,
        0,
        0,
        0,
        0,
        0,
        0,
        0,
        0,
        0,
        0,
        0,
        0,
        0,
        0,
        0,
        0,
        0,
        0,
        0,
        0,
        0,
        0,
        0,
        0
    ],
    "max_epochs": 720,
    "max_recovery_delay": 4,
    "min_recovery_delay": 1,
    "moved_parts": [
        1058,
        1221,
        1226,
        1220,
        1240,
        1206,
        1210,
        1205,
        1205,
        1211,
        1212,
        1198,
        1213,
        1171,
        1194,
        1182,
        1178,
        1213,
        1225,
        1256,
        1224,
        1178,
        1188,
        1225,
        1188,
        1195,
        1199,
        1201,
        1211,
        1196,
        1175,
        1164,
        1179,
        1189,
        1180,
        1188,
        1181,
        1209,
        1189,
        1212,
        1176,
        1190,
        1191,
        1192,
        1179,
        1208,
        1204,
        1176,
        1188,
        1210,
        1161,
        1195,
        1165,
        1180,
        1189,
        1191,
        1183,
        1154,
        1165,
        1189,
        1225,
        1215,
        1220,
        1222,
        1214,
        1203,
        1238,
        1179,
        1165,
        1176,
        1186,
        1165,
        1102,
        720,
        649,
        669,
        640,
        640,
        640,
        627,
        670,
        625,
        657,
        678,
        651,
        600,
        676,
        666,
        654,
        660,
        662,
        658,
        649,
        670,
        680,
        649,
        646,
        631,
        622,
        654,
        656,
        644,
        685,
        671,
        636,
        636,
        660,
        627,
        628,
        642,
        692,
        671,
        660,
        700,
        673,
        623,
        667,
        686,
        671,
        663,
        658,
        621,
        644,
        638,
        678,
        660,
        657,
        680,
        642,
        641,
        606,
        650,
        626,
        670,
        650,
        667,
        656,
        654,
        654,
        670,
        586,
        651,
        642,
        664,
        680,
        677,
        580,
        1008,
        1031,
        952,
        1021,
        985,
        962,
        1036,
        1006,
        999,
        1031,
        1000,
        985,
        1007,
        981,
        1012,
        984,
        966,
        968,
        1014,
        995,
        972,
        1000,
        1001,
        1028,
        1017,
        983,
        982,
        1067,
        998,
        972,
        989,
        999,
        987,
        1000,
        1025,
        998,
        986,
        969,
        1002,
        996,
        1040,
        1010,
        994,
        1020,
        991,
        1066,
        981,
        1039,
        1037,
        1001,
        1008,
        1014,
        990,
        1006,
        1022,
        984,
        996,
        975,
        984,
        1020,
        1000,
        992,
        1006,
        1017,
        1016,
        1022,
        1040,
        992,
        1004,
        996,
        949,
        1019,
        974,
        993,
        1033,
        1055,
        979,
        1031,
        994,
        1008,
        1031,
        982,
        1053,
        1005,
        1018,
        1054,
        1073,
        1050,
        1017,
        1056,
        1013,
        966,
        1010,
        983,
        1004,
        1046,
        1024,
        1009,
        998,
        1044,
        981,
        1033,
        1016,
        990,
        1020,
        1024,
        995,
        1048,
        1049,
        968,
        1028,
        993,
        993,
        1005,
        969,
        977,
        992,
        981,
        1020,
        977,
        1027
    ],
    "msg": [
        "lost all replicas of file part with id: FBZ_0134.NEF_#_239, and last loss was due to corruption"
    ],
    "original_hive_size": 8,
    "parts_in_hive": [
        1083,
        1083,
        1082,
        1081,
        1076,
        1078,
        1074,
        1070,
        1071,
        1075,
        1071,
        1076,
        1076,
        1073,
        1076,
        1074,
        1075,
        1069,
        1074,
        1077,
        1073,
        1070,
        1070,
        1070,
        1074,
        1074,
        1071,
        1070,
        1068,
        1068,
        1070,
        1066,
        1064,
        1066,
        1065,
        1062,
        1068,
        1062,
        1062,
        1063,
        1064,
        1067,
        1072,
        1076,
        1067,
        1067,
        1067,
        1069,
        1071,
        1070,
        1071,
        1072,
        1068,
        1066,
        1069,
        1071,
        1064,
        1067,
        1066,
        1070,
        1068,
        1065,
        1064,
        1063,
        1063,
        1064,
        1067,
        1066,
        1069,
        1066,
        1069,
        1062,
        1009,
        1029,
        1053,
        1066,
        1077,
        1074,
        1070,
        1071,
        1071,
        1067,
        1066,
        1063,
        1069,
        1071,
        1072,
        1073,
        1068,
        1072,
        1077,
        1076,
        1072,
        1072,
        1075,
        1074,
        1072,
        1070,
        1067,
        1069,
        1072,
        1079,
        1076,
        1075,
        1073,
        1070,
        1070,
        1069,
        1070,
        1069,
        1076,
        1073,
        1075,
        1074,
        1076,
        1074,
        1075,
        1074,
        1075,
        1073,
        1074,
        1077,
        1080,
        1078,
        1074,
        1071,
        1074,
        1076,
        1076,
        1077,
        1076,
        1072,
        1071,
        1070,
        1064,
        1069,
        1070,
        1072,
        1074,
        1070,
        1070,
        1071,
        1073,
        1074,
        1073,
        1072,
        1014,
        1031,
        1046,
        1052,
        1063,
        1067,
        1064,
        1067,
        1066,
        1069,
        1066,
        1070,
        1068,
        1065,
        1064,
        1066,
        1068,
        1070,
        1065,
        1069,
        1068,
        1063,
        1059,
        1066,
        1062,
        1065,
        1070,
        1071,
        1066,
        1067,
        1067,
        1066,
        1063,
        1068,
        1068,
        1073,
        1068,
        1069,
        1066,
        1063,
        1068,
        1069,
        1065,
        1067,
        1060,
        1065,
        1064,
        1070,
        1069,
        1067,
        1064,
        1057,
        1054,
        1059,
        1065,
        1070,
        1065,
        1064,
        1068,
        1066,
        1069,
        1071,
        1062,
        1061,
        1056,
        1060,
        1069,
        1071,
        1071,
        1068,
        1064,
        1063,
        1062,
        1064,
        1067,
        1068,
        1069,
        1066,
        1067,
        1061,
        1055,
        1061,
        1061,
        1068,
        1067,
        1068,
        1067,
        1063,
        1060,
        1060,
        1063,
        1070,
        1071,
        1062,
        1056,
        1061,
        1060,
        1065,
        1067,
        1068,
        1069,
        1067,
        1069,
        1059,
        1060,
        1068,
        1066,
        1065,
        1064,
        1069,
        1072,
        1072,
        1069,
        1065,
        1070,
        1076,
        1074,
        1068,
        1068,
        1066,
        1061,
        1057
    ],
    "read_size": 131072,
    "redundant_size": 14,
    "replication_level": 3,
    "simfile_name": "min4-mean32-std32-i.json",
    "successfull": false,
    "sufficient_size_threshold": 6,
    "terminated": 268
}
