{
    "channel_loss": 0.04,
    "convergence_set": [],
    "convergence_sets": [
        [
            31,
            32,
            33,
            34,
            35,
            36,
            37,
            38,
            39,
            40,
            41,
            42,
            43,
            44,
            45,
            46,
            47,
            48,
            49,
            50
        ],
        [
            53,
            54,
            55,
            56,
            57,
            58,
            59,
            60,
            61,
            62,
            63,
            64,
            65,
            66,
            67,
            68,
            69,
            70,
            71,
            72,
            73,
            74,
            75,
            76,
            77,
            78,
            79,
            80,
            81,
            82,
            83,
            84,
            85,
            86,
            87,
            88,
            89,
            90,
            91,
            92,
            93,
            94,
            95,
            96,
            97,
            98,
            99,
            100,
            101,
            102,
            103,
            104,
            105,
            106,
            107,
            108,
            109,
            110,
            111,
            112,
            113,
            114,
            115,
            116,
            117,
            118,
            119,
            120,
            121,
            122,
            123,
            124,
            125,
            126,
            127,
            128,
            129,
            130,
            131,
            132,
            133,
            134,
            135,
            136,
            137,
            138,
            139,
            140,
            141,
            142,
            143,
            144,
            145,
            146,
            147,
            148,
            149,
            150,
            151,
            152,
            153,
            154,
            155,
            156,
            157,
            158,
            159,
            160,
            161,
            162,
            163,
            164,
            165,
            166,
            167,
            168,
            169,
            170,
            171,
            172
        ],
        [
            175,
            176,
            177,
            178,
            179,
            180,
            181,
            182,
            183,
            184,
            185,
            186,
            187,
            188,
            189,
            190,
            191,
            192,
            193,
            194,
            195,
            196,
            197,
            198,
            199,
            200,
            201,
            202,
            203,
            204,
            205,
            206,
            207,
            208,
            209,
            210,
            211,
            212,
            213,
            214,
            215,
            216,
            217,
            218,
            219,
            220,
            221,
            222,
            223,
            224,
            225,
            226,
            227,
            228,
            229,
            230,
            231,
            232,
            233,
            234
        ]
    ],
    "convergence_treshold": 2,
    "corrupted_parts": [
        0,
        0,
        0,
        1,
        0,
        2,
        1,
        1,
        0,
        1,
        1,
        2,
        0,
        2,
        2,
        0,
        2,
        2,
        5,
        1,
        2,
        1,
        5,
        2,
        2,
        2,
        2,
        3,
        4,
        5,
        4,
        0,
        3,
        6,
        3,
        6,
        4,
        12,
        9,
        7,
        4,
        4,
        11,
        5,
        7,
        4,
        5,
        2,
        8,
        10,
        7,
        5,
        6,
        5,
        4,
        5,
        6,
        10,
        4,
        6,
        6,
        6,
        4,
        8,
        2,
        10,
        8,
        5,
        10,
        1,
        7,
        4,
        12,
        1,
        4,
        7,
        5,
        4,
        9,
        9,
        6,
        3,
        3,
        8,
        7,
        5,
        7,
        1,
        4,
        5,
        4,
        3,
        8,
        7,
        9,
        4,
        3,
        6,
        8,
        8,
        12,
        4,
        9,
        4,
        7,
        9,
        8,
        4,
        8,
        7,
        9,
        6,
        2,
        6,
        7,
        8,
        7,
        3,
        10,
        7,
        5,
        10,
        6,
        9,
        2,
        8,
        3,
        10,
        7,
        10,
        9,
        11,
        8,
        10,
        11,
        4,
        8,
        6,
        5,
        6,
        9,
        8,
        6,
        6,
        6,
        3,
        6,
        5,
        5,
        6,
        10,
        6,
        7,
        12,
        11,
        6,
        2,
        11,
        7,
        13,
        10,
        5,
        7,
        17,
        8,
        7,
        4,
        8,
        7,
        7,
        12,
        1,
        10,
        5,
        10,
        7,
        2,
        6,
        12,
        8,
        9,
        3,
        7,
        10,
        8,
        4,
        14,
        5,
        10,
        10,
        2,
        5,
        6,
        9,
        8,
        9,
        10,
        11,
        7,
        5,
        6,
        8,
        7,
        10,
        3,
        10,
        7,
        8,
        13,
        6,
        12,
        4,
        6,
        8,
        7,
        4,
        9,
        4,
        6,
        6,
        9,
        9,
        8,
        5,
        11,
        1,
        10,
        9,
        7,
        3,
        11,
        15,
        7,
        7,
        4,
        6,
        6,
        4,
        7,
        6,
        9,
        7,
        0,
        7,
        7,
        4,
        7,
        7,
        3,
        4,
        0,
        6,
        8,
        6,
        5,
        1,
        6,
        6,
        6,
        3,
        1,
        5,
        5,
        6,
        7,
        4,
        8,
        4,
        4,
        8,
        5,
        5,
        7,
        11,
        8,
        4,
        5,
        4,
        6,
        6,
        4,
        5,
        5,
        7,
        9,
        2,
        3,
        3,
        3,
        8,
        4,
        5,
        3,
        2,
        8,
        8,
        7,
        7,
        9,
        7,
        11,
        12,
        6,
        3,
        13,
        5,
        8,
        8,
        2,
        3,
        9,
        8,
        6,
        5,
        10,
        5,
        3,
        6,
        5,
        2,
        6,
        9,
        4,
        5,
        7,
        5,
        5,
        10,
        5,
        2,
        2,
        8,
        9,
        8,
        6,
        8,
        7,
        8,
        8,
        4,
        12,
        19,
        13,
        10,
        6,
        17,
        9,
        7,
        8,
        10,
        12,
        5,
        9,
        8,
        8,
        9,
        7,
        7,
        8,
        12,
        5,
        8,
        5,
        7,
        9,
        11,
        9,
        5,
        9,
        3,
        7,
        6,
        8,
        4,
        6,
        6,
        5,
        0,
        4,
        6,
        5,
        5,
        7,
        9,
        7,
        9,
        3,
        3,
        5,
        8,
        7,
        2,
        10,
        4,
        4,
        5,
        4,
        3,
        4,
        6,
        6,
        4,
        5,
        9,
        7,
        12,
        4,
        3,
        6,
        4,
        7,
        8,
        6,
        4,
        8,
        5,
        6,
        6,
        6,
        5,
        3,
        3,
        8,
        6,
        7,
        7,
        7,
        5,
        4,
        6,
        14,
        7,
        8,
        4,
        8,
        10
    ],
    "corruption_chance_tod": 0.008798288297561952,
    "critical_size_threshold": 3,
    "cswc": 0,
    "delay": [
        0,
        0,
        0,
        1.0,
        0,
        1.0,
        4.0,
        2.0,
        0,
        2.0,
        4.0,
        2.5,
        0,
        3.0,
        4.0,
        0,
        3.0,
        3.0,
        2.6,
        4.0,
        1.0,
        4.0,
        3.0,
        2.5,
        2.0,
        1.5,
        1.5,
        1.6666666666666667,
        2.533333333333333,
        2.6,
        2.0,
        0,
        3.0,
        2.6666666666666665,
        2.0,
        3.3333333333333335,
        3.25,
        2.8333333333333335,
        2.111111111111111,
        3.0,
        2.5,
        1.5,
        2.0,
        1.6,
        2.7142857142857144,
        1.5,
        3.0,
        2.0,
        2.625,
        2.3,
        1.8571428571428572,
        3.0,
        2.1666666666666665,
        3.0,
        2.25,
        2.4,
        1.5,
        2.3,
        1.75,
        2.8333333333333335,
        3.0,
        3.0,
        3.25,
        2.25,
        2.0,
        2.5,
        2.875,
        1.8,
        3.1,
        1.0,
        2.4285714285714284,
        2.5,
        2.5,
        3.0,
        2.75,
        2.7142857142857144,
        3.2,
        2.5,
        2.3333333333333335,
        1.7777777777777777,
        3.1666666666666665,
        1.6666666666666667,
        3.0,
        2.5,
        3.0,
        3.2,
        2.142857142857143,
        3.0,
        1.75,
        2.0,
        3.0,
        2.6666666666666665,
        2.125,
        2.142857142857143,
        2.2222222222222223,
        2.75,
        2.3333333333333335,
        2.5,
        3.25,
        2.625,
        2.5,
        2.5,
        2.6666666666666665,
        3.0,
        2.5714285714285716,
        2.6666666666666665,
        2.25,
        2.25,
        2.25,
        2.5714285714285716,
        2.888888888888889,
        2.3333333333333335,
        4.0,
        2.8333333333333335,
        2.7142857142857144,
        1.875,
        2.857142857142857,
        3.6666666666666665,
        2.3,
        3.0,
        2.6,
        2.5,
        3.0,
        2.3333333333333335,
        3.5,
        2.25,
        2.3333333333333335,
        2.8,
        2.5714285714285716,
        2.2,
        3.2222222222222223,
        2.272727272727273,
        2.0,
        2.5,
        2.6363636363636362,
        2.0,
        2.25,
        2.0,
        3.2,
        2.5,
        2.7777777777777777,
        2.5,
        2.0,
        2.5,
        2.6666666666666665,
        2.6666666666666665,
        1.3333333333333333,
        2.4,
        2.2,
        3.1666666666666665,
        2.1,
        2.3333333333333335,
        2.4285714285714284,
        2.6666666666666665,
        2.1818181818181817,
        2.6666666666666665,
        2.0,
        2.3636363636363638,
        2.5714285714285716,
        2.5384615384615383,
        2.7,
        1.6,
        1.7142857142857142,
        2.588235294117647,
        2.25,
        3.0,
        2.75,
        2.75,
        2.7142857142857144,
        2.4285714285714284,
        2.4166666666666665,
        3.0,
        2.7,
        2.2,
        2.4,
        1.7142857142857142,
        3.5,
        2.3333333333333335,
        2.25,
        2.25,
        2.2222222222222223,
        3.3333333333333335,
        2.2857142857142856,
        2.1,
        3.0,
        2.75,
        2.5714285714285716,
        2.8,
        2.4,
        1.9,
        2.0,
        2.2,
        2.3333333333333335,
        2.3333333333333335,
        2.625,
        3.6666666666666665,
        2.2,
        2.727272727272727,
        2.5714285714285716,
        2.8,
        3.0,
        2.125,
        2.4285714285714284,
        1.8,
        2.0,
        2.7,
        2.142857142857143,
        1.75,
        2.3846153846153846,
        2.6666666666666665,
        3.1666666666666665,
        3.5,
        2.0,
        2.375,
        2.7142857142857144,
        1.25,
        2.0,
        2.0,
        2.0,
        2.1666666666666665,
        2.888888888888889,
        2.3333333333333335,
        2.125,
        2.2,
        2.727272727272727,
        4.0,
        2.4,
        2.888888888888889,
        2.0,
        2.6666666666666665,
        2.4545454545454546,
        2.933333333333333,
        2.857142857142857,
        2.566666666666667,
        1.5,
        2.3333333333333335,
        2.0,
        3.0,
        3.2857142857142856,
        2.6666666666666665,
        2.2222222222222223,
        1.5714285714285714,
        0,
        2.4285714285714284,
        2.2857142857142856,
        2.037037037037037,
        2.142857142857143,
        2.7142857142857144,
        3.0,
        2.5,
        0,
        2.6666666666666665,
        3.125,
        2.1666666666666665,
        2.2,
        1.0,
        3.3333333333333335,
        2.1666666666666665,
        3.0,
        2.3333333333333335,
        4.0,
        2.8,
        1.8,
        3.3333333333333335,
        3.0,
        2.75,
        2.875,
        2.25,
        2.75,
        2.375,
        2.6,
        1.8,
        3.0,
        2.6363636363636362,
        2.5,
        2.25,
        3.2,
        2.0,
        2.5,
        2.1666666666666665,
        3.25,
        2.6,
        2.6,
        2.0,
        2.2222222222222223,
        2.0,
        2.0,
        2.3333333333333335,
        2.772727272727273,
        1.875,
        3.25,
        2.4,
        3.0,
        2.0,
        2.625,
        3.0,
        2.142857142857143,
        3.142857142857143,
        1.7777777777777777,
        2.0,
        2.6363636363636362,
        2.5833333333333335,
        2.5,
        3.0,
        2.5384615384615383,
        1.6,
        2.75,
        2.25,
        2.5,
        3.3333333333333335,
        2.2222222222222223,
        1.9230769230769231,
        2.5,
        2.0,
        2.6,
        1.6,
        2.3333333333333335,
        1.6666666666666667,
        3.2,
        3.0,
        1.8333333333333333,
        2.5555555555555554,
        2.75,
        2.8,
        2.857142857142857,
        1.8,
        3.4,
        2.2,
        2.8,
        1.0,
        1.5,
        2.6818181818181817,
        2.6666666666666665,
        2.75,
        2.3333333333333335,
        2.375,
        1.7142857142857142,
        1.375,
        2.75,
        3.75,
        2.5,
        2.526315789473684,
        2.923076923076923,
        2.9,
        2.1666666666666665,
        2.3529411764705883,
        2.4444444444444446,
        2.142857142857143,
        2.375,
        2.4,
        2.5833333333333335,
        3.0,
        3.4444444444444446,
        2.375,
        2.5,
        1.7777777777777777,
        2.142857142857143,
        2.4285714285714284,
        2.375,
        2.5833333333333335,
        2.3469387755102042,
        2.875,
        2.4,
        3.0,
        2.4444444444444446,
        2.4545454545454546,
        2.5555555555555554,
        3.0,
        2.7777777777777777,
        2.0,
        2.5714285714285716,
        2.6666666666666665,
        2.125,
        3.5,
        2.0,
        2.6666666666666665,
        2.4,
        0,
        1.5,
        3.0,
        2.2,
        3.2,
        2.857142857142857,
        2.111111111111111,
        2.857142857142857,
        2.6666666666666665,
        2.6666666666666665,
        2.0,
        2.4,
        2.0,
        1.7142857142857142,
        1.0,
        3.0,
        2.5,
        2.0,
        1.4,
        2.25,
        1.0,
        2.25,
        1.8333333333333333,
        3.5,
        3.0,
        3.0,
        2.2222222222222223,
        3.0,
        3.0833333333333335,
        2.5,
        2.3333333333333335,
        2.5,
        1.5,
        2.2857142857142856,
        3.0,
        2.8333333333333335,
        2.75,
        2.75,
        3.6,
        2.8333333333333335,
        3.1666666666666665,
        3.1666666666666665,
        2.4,
        2.0,
        2.6666666666666665,
        2.125,
        2.8333333333333335,
        3.0,
        2.142857142857143,
        2.2857142857142856,
        2.8,
        2.5,
        2.1666666666666665,
        2.357142857142857,
        2.4285714285714284,
        2.0,
        2.395348837209302,
        2.0,
        2.4210526315789473
    ],
    "disconnected_workers": [
        0,
        0,
        0,
        0,
        0,
        0,
        0,
        0,
        0,
        0,
        0,
        0,
        0,
        0,
        0,
        0,
        0,
        0,
        0,
        0,
        0,
        0,
        0,
        0,
        0,
        0,
        0,
        0,
        2,
        0,
        0,
        0,
        0,
        0,
        0,
        0,
        0,
        0,
        0,
        0,
        0,
        0,
        0,
        0,
        0,
        0,
        0,
        0,
        0,
        0,
        0,
        0,
        0,
        0,
        0,
        0,
        0,
        0,
        0,
        0,
        0,
        0,
        0,
        0,
        0,
        0,
        0,
        0,
        0,
        0,
        0,
        0,
        0,
        0,
        0,
        0,
        0,
        0,
        0,
        0,
        0,
        0,
        0,
        0,
        0,
        0,
        0,
        0,
        0,
        0,
        0,
        0,
        0,
        0,
        0,
        0,
        0,
        0,
        0,
        0,
        0,
        0,
        0,
        0,
        0,
        0,
        0,
        0,
        0,
        0,
        0,
        0,
        0,
        0,
        0,
        0,
        0,
        0,
        0,
        0,
        0,
        0,
        0,
        0,
        0,
        0,
        0,
        0,
        0,
        0,
        0,
        0,
        0,
        0,
        0,
        0,
        0,
        0,
        0,
        0,
        0,
        0,
        0,
        0,
        0,
        0,
        0,
        0,
        0,
        0,
        0,
        0,
        0,
        0,
        0,
        0,
        0,
        0,
        0,
        0,
        0,
        0,
        0,
        0,
        0,
        0,
        0,
        0,
        0,
        0,
        0,
        0,
        0,
        0,
        0,
        0,
        0,
        0,
        0,
        0,
        0,
        0,
        0,
        0,
        0,
        0,
        0,
        0,
        0,
        0,
        0,
        0,
        0,
        0,
        0,
        0,
        0,
        0,
        0,
        0,
        0,
        0,
        0,
        0,
        0,
        0,
        0,
        0,
        0,
        0,
        0,
        0,
        0,
        0,
        0,
        0,
        0,
        0,
        0,
        0,
        0,
        0,
        0,
        0,
        0,
        0,
        0,
        0,
        0,
        0,
        0,
        0,
        0,
        1,
        0,
        0,
        0,
        0,
        0,
        0,
        0,
        0,
        0,
        0,
        0,
        1,
        0,
        0,
        0,
        0,
        0,
        0,
        0,
        0,
        0,
        0,
        0,
        0,
        0,
        0,
        0,
        0,
        0,
        0,
        0,
        0,
        0,
        0,
        0,
        0,
        0,
        0,
        0,
        0,
        0,
        0,
        0,
        0,
        0,
        0,
        0,
        0,
        0,
        0,
        0,
        0,
        0,
        0,
        1,
        0,
        0,
        0,
        0,
        0,
        0,
        0,
        0,
        0,
        0,
        0,
        0,
        0,
        0,
        0,
        0,
        0,
        0,
        0,
        0,
        0,
        0,
        1,
        0,
        0,
        0,
        0,
        0,
        0,
        0,
        0,
        0,
        0,
        0,
        0,
        0,
        0,
        0,
        0,
        0,
        0,
        0,
        1,
        0,
        0,
        0,
        0,
        0,
        0,
        0,
        0,
        0,
        0,
        0,
        0,
        0,
        0,
        0,
        0,
        0,
        0,
        0,
        0,
        0,
        0,
        0,
        0,
        0,
        0,
        0,
        0,
        1,
        0,
        0,
        0,
        0,
        0,
        0,
        0,
        0,
        0,
        0,
        0,
        0,
        0,
        0,
        0,
        0,
        0,
        0,
        0,
        0,
        0,
        0,
        0,
        0,
        0,
        0,
        0,
        0,
        0,
        0,
        0,
        0,
        0,
        0,
        0,
        0,
        0,
        0,
        0,
        0,
        0,
        0,
        0,
        0,
        0,
        0,
        0,
        0,
        0,
        0,
        0,
        0,
        0,
        0,
        0,
        0,
        0,
        0,
        0,
        0,
        0,
        0,
        0,
        0,
        0,
        0,
        0,
        0,
        0,
        0,
        0,
        0,
        1,
        0,
        1
    ],
    "file_name": "FBZ_0134.NEF",
    "hive_id": "f883b968-f995-4491-86a5-6cb0ca74a1b1",
    "hive_size_after_maintenance": [
        8,
        8,
        8,
        8,
        8,
        8,
        8,
        8,
        8,
        8,
        8,
        8,
        8,
        8,
        8,
        8,
        8,
        8,
        8,
        8,
        8,
        8,
        8,
        8,
        8,
        8,
        8,
        8,
        8,
        8,
        8,
        8,
        8,
        8,
        8,
        8,
        8,
        8,
        8,
        8,
        8,
        8,
        8,
        8,
        8,
        8,
        8,
        8,
        8,
        8,
        8,
        8,
        8,
        8,
        8,
        8,
        8,
        8,
        8,
        8,
        8,
        8,
        8,
        8,
        8,
        8,
        8,
        8,
        8,
        8,
        8,
        8,
        8,
        8,
        8,
        8,
        8,
        8,
        8,
        8,
        8,
        8,
        8,
        8,
        8,
        8,
        8,
        8,
        8,
        8,
        8,
        8,
        8,
        8,
        8,
        8,
        8,
        8,
        8,
        8,
        8,
        8,
        8,
        8,
        8,
        8,
        8,
        8,
        8,
        8,
        8,
        8,
        8,
        8,
        8,
        8,
        8,
        8,
        8,
        8,
        8,
        8,
        8,
        8,
        8,
        8,
        8,
        8,
        8,
        8,
        8,
        8,
        8,
        8,
        8,
        8,
        8,
        8,
        8,
        8,
        8,
        8,
        8,
        8,
        8,
        8,
        8,
        8,
        8,
        8,
        8,
        8,
        8,
        8,
        8,
        8,
        8,
        8,
        8,
        8,
        8,
        8,
        8,
        8,
        8,
        8,
        8,
        8,
        8,
        8,
        8,
        8,
        8,
        8,
        8,
        8,
        8,
        8,
        8,
        8,
        8,
        8,
        8,
        8,
        8,
        8,
        8,
        8,
        8,
        8,
        8,
        8,
        8,
        8,
        8,
        8,
        8,
        8,
        8,
        8,
        8,
        8,
        8,
        8,
        8,
        8,
        8,
        8,
        8,
        8,
        8,
        8,
        8,
        8,
        8,
        8,
        8,
        8,
        8,
        8,
        8,
        8,
        8,
        8,
        8,
        8,
        8,
        8,
        8,
        8,
        8,
        8,
        8,
        8,
        8,
        8,
        8,
        8,
        8,
        8,
        8,
        8,
        8,
        8,
        8,
        8,
        8,
        8,
        8,
        8,
        8,
        8,
        8,
        8,
        8,
        8,
        8,
        8,
        8,
        8,
        8,
        8,
        8,
        8,
        8,
        8,
        8,
        8,
        8,
        8,
        8,
        8,
        8,
        8,
        8,
        8,
        8,
        8,
        8,
        8,
        8,
        8,
        8,
        8,
        8,
        8,
        8,
        8,
        8,
        8,
        8,
        8,
        8,
        8,
        8,
        8,
        8,
        8,
        8,
        8,
        8,
        8,
        8,
        8,
        8,
        8,
        8,
        8,
        8,
        8,
        8,
        8,
        8,
        8,
        8,
        8,
        8,
        8,
        8,
        8,
        8,
        8,
        8,
        8,
        8,
        8,
        8,
        8,
        8,
        8,
        8,
        8,
        8,
        8,
        8,
        8,
        8,
        8,
        8,
        8,
        8,
        8,
        8,
        8,
        8,
        8,
        8,
        8,
        8,
        8,
        8,
        8,
        8,
        8,
        8,
        8,
        8,
        8,
        8,
        8,
        8,
        8,
        8,
        8,
        8,
        8,
        8,
        8,
        8,
        8,
        8,
        8,
        8,
        8,
        8,
        8,
        8,
        8,
        8,
        8,
        8,
        8,
        8,
        8,
        8,
        8,
        8,
        8,
        8,
        8,
        8,
        8,
        8,
        8,
        8,
        8,
        8,
        8,
        8,
        8,
        8,
        8,
        8,
        8,
        8,
        8,
        8,
        8,
        8,
        8,
        8,
        8,
        8,
        8,
        8,
        8,
        8,
        8,
        8,
        8,
        8,
        8,
        8,
        8,
        8,
        8,
        8,
        8,
        8,
        8,
        8,
        8,
        8,
        8,
        8,
        8
    ],
    "hive_size_before_maintenance": [
        8,
        8,
        8,
        8,
        8,
        8,
        8,
        8,
        8,
        8,
        8,
        8,
        8,
        8,
        8,
        8,
        8,
        8,
        8,
        8,
        8,
        8,
        8,
        8,
        8,
        8,
        8,
        8,
        6,
        8,
        8,
        8,
        8,
        8,
        8,
        8,
        8,
        8,
        8,
        8,
        8,
        8,
        8,
        8,
        8,
        8,
        8,
        8,
        8,
        8,
        8,
        8,
        8,
        8,
        8,
        8,
        8,
        8,
        8,
        8,
        8,
        8,
        8,
        8,
        8,
        8,
        8,
        8,
        8,
        8,
        8,
        8,
        8,
        8,
        8,
        8,
        8,
        8,
        8,
        8,
        8,
        8,
        8,
        8,
        8,
        8,
        8,
        8,
        8,
        8,
        8,
        8,
        8,
        8,
        8,
        8,
        8,
        8,
        8,
        8,
        8,
        8,
        8,
        8,
        8,
        8,
        8,
        8,
        8,
        8,
        8,
        8,
        8,
        8,
        8,
        8,
        8,
        8,
        8,
        8,
        8,
        8,
        8,
        8,
        8,
        8,
        8,
        8,
        8,
        8,
        8,
        8,
        8,
        8,
        8,
        8,
        8,
        8,
        8,
        8,
        8,
        8,
        8,
        8,
        8,
        8,
        8,
        8,
        8,
        8,
        8,
        8,
        8,
        8,
        8,
        8,
        8,
        8,
        8,
        8,
        8,
        8,
        8,
        8,
        8,
        8,
        8,
        8,
        8,
        8,
        8,
        8,
        8,
        8,
        8,
        8,
        8,
        8,
        8,
        8,
        8,
        8,
        8,
        8,
        8,
        8,
        8,
        8,
        8,
        8,
        8,
        8,
        8,
        8,
        8,
        8,
        8,
        8,
        8,
        8,
        8,
        8,
        8,
        8,
        8,
        8,
        8,
        8,
        8,
        8,
        8,
        8,
        8,
        8,
        8,
        8,
        8,
        8,
        8,
        8,
        8,
        8,
        8,
        8,
        8,
        8,
        8,
        8,
        8,
        8,
        8,
        8,
        8,
        7,
        8,
        8,
        8,
        8,
        8,
        8,
        8,
        8,
        8,
        8,
        8,
        7,
        8,
        8,
        8,
        8,
        8,
        8,
        8,
        8,
        8,
        8,
        8,
        8,
        8,
        8,
        8,
        8,
        8,
        8,
        8,
        8,
        8,
        8,
        8,
        8,
        8,
        8,
        8,
        8,
        8,
        8,
        8,
        8,
        8,
        8,
        8,
        8,
        8,
        8,
        8,
        8,
        8,
        8,
        7,
        8,
        8,
        8,
        8,
        8,
        8,
        8,
        8,
        8,
        8,
        8,
        8,
        8,
        8,
        8,
        8,
        8,
        8,
        8,
        8,
        8,
        8,
        7,
        8,
        8,
        8,
        8,
        8,
        8,
        8,
        8,
        8,
        8,
        8,
        8,
        8,
        8,
        8,
        8,
        8,
        8,
        8,
        7,
        8,
        8,
        8,
        8,
        8,
        8,
        8,
        8,
        8,
        8,
        8,
        8,
        8,
        8,
        8,
        8,
        8,
        8,
        8,
        8,
        8,
        8,
        8,
        8,
        8,
        8,
        8,
        8,
        7,
        8,
        8,
        8,
        8,
        8,
        8,
        8,
        8,
        8,
        8,
        8,
        8,
        8,
        8,
        8,
        8,
        8,
        8,
        8,
        8,
        8,
        8,
        8,
        8,
        8,
        8,
        8,
        8,
        8,
        8,
        8,
        8,
        8,
        8,
        8,
        8,
        8,
        8,
        8,
        8,
        8,
        8,
        8,
        8,
        8,
        8,
        8,
        8,
        8,
        8,
        8,
        8,
        8,
        8,
        8,
        8,
        8,
        8,
        8,
        8,
        8,
        8,
        8,
        8,
        8,
        8,
        8,
        8,
        8,
        8,
        8,
        8,
        7,
        8,
        7
    ],
    "hive_status_before_maintenance": [
        "stable",
        "stable",
        "stable",
        "stable",
        "stable",
        "stable",
        "stable",
        "stable",
        "stable",
        "stable",
        "stable",
        "stable",
        "stable",
        "stable",
        "stable",
        "stable",
        "stable",
        "stable",
        "stable",
        "stable",
        "stable",
        "stable",
        "stable",
        "stable",
        "stable",
        "stable",
        "stable",
        "stable",
        "sufficient",
        "stable",
        "stable",
        "stable",
        "stable",
        "stable",
        "stable",
        "stable",
        "stable",
        "stable",
        "stable",
        "stable",
        "stable",
        "stable",
        "stable",
        "stable",
        "stable",
        "stable",
        "stable",
        "stable",
        "stable",
        "stable",
        "stable",
        "stable",
        "stable",
        "stable",
        "stable",
        "stable",
        "stable",
        "stable",
        "stable",
        "stable",
        "stable",
        "stable",
        "stable",
        "stable",
        "stable",
        "stable",
        "stable",
        "stable",
        "stable",
        "stable",
        "stable",
        "stable",
        "stable",
        "stable",
        "stable",
        "stable",
        "stable",
        "stable",
        "stable",
        "stable",
        "stable",
        "stable",
        "stable",
        "stable",
        "stable",
        "stable",
        "stable",
        "stable",
        "stable",
        "stable",
        "stable",
        "stable",
        "stable",
        "stable",
        "stable",
        "stable",
        "stable",
        "stable",
        "stable",
        "stable",
        "stable",
        "stable",
        "stable",
        "stable",
        "stable",
        "stable",
        "stable",
        "stable",
        "stable",
        "stable",
        "stable",
        "stable",
        "stable",
        "stable",
        "stable",
        "stable",
        "stable",
        "stable",
        "stable",
        "stable",
        "stable",
        "stable",
        "stable",
        "stable",
        "stable",
        "stable",
        "stable",
        "stable",
        "stable",
        "stable",
        "stable",
        "stable",
        "stable",
        "stable",
        "stable",
        "stable",
        "stable",
        "stable",
        "stable",
        "stable",
        "stable",
        "stable",
        "stable",
        "stable",
        "stable",
        "stable",
        "stable",
        "stable",
        "stable",
        "stable",
        "stable",
        "stable",
        "stable",
        "stable",
        "stable",
        "stable",
        "stable",
        "stable",
        "stable",
        "stable",
        "stable",
        "stable",
        "stable",
        "stable",
        "stable",
        "stable",
        "stable",
        "stable",
        "stable",
        "stable",
        "stable",
        "stable",
        "stable",
        "stable",
        "stable",
        "stable",
        "stable",
        "stable",
        "stable",
        "stable",
        "stable",
        "stable",
        "stable",
        "stable",
        "stable",
        "stable",
        "stable",
        "stable",
        "stable",
        "stable",
        "stable",
        "stable",
        "stable",
        "stable",
        "stable",
        "stable",
        "stable",
        "stable",
        "stable",
        "stable",
        "stable",
        "stable",
        "stable",
        "stable",
        "stable",
        "stable",
        "stable",
        "stable",
        "stable",
        "stable",
        "stable",
        "stable",
        "stable",
        "stable",
        "stable",
        "stable",
        "stable",
        "stable",
        "stable",
        "stable",
        "stable",
        "stable",
        "stable",
        "stable",
        "stable",
        "stable",
        "stable",
        "stable",
        "stable",
        "stable",
        "stable",
        "stable",
        "stable",
        "sufficient",
        "stable",
        "stable",
        "stable",
        "stable",
        "stable",
        "stable",
        "stable",
        "stable",
        "stable",
        "stable",
        "stable",
        "sufficient",
        "stable",
        "stable",
        "stable",
        "stable",
        "stable",
        "stable",
        "stable",
        "stable",
        "stable",
        "stable",
        "stable",
        "stable",
        "stable",
        "stable",
        "stable",
        "stable",
        "stable",
        "stable",
        "stable",
        "stable",
        "stable",
        "stable",
        "stable",
        "stable",
        "stable",
        "stable",
        "stable",
        "stable",
        "stable",
        "stable",
        "stable",
        "stable",
        "stable",
        "stable",
        "stable",
        "stable",
        "stable",
        "stable",
        "stable",
        "stable",
        "stable",
        "stable",
        "sufficient",
        "stable",
        "stable",
        "stable",
        "stable",
        "stable",
        "stable",
        "stable",
        "stable",
        "stable",
        "stable",
        "stable",
        "stable",
        "stable",
        "stable",
        "stable",
        "stable",
        "stable",
        "stable",
        "stable",
        "stable",
        "stable",
        "stable",
        "sufficient",
        "stable",
        "stable",
        "stable",
        "stable",
        "stable",
        "stable",
        "stable",
        "stable",
        "stable",
        "stable",
        "stable",
        "stable",
        "stable",
        "stable",
        "stable",
        "stable",
        "stable",
        "stable",
        "stable",
        "sufficient",
        "stable",
        "stable",
        "stable",
        "stable",
        "stable",
        "stable",
        "stable",
        "stable",
        "stable",
        "stable",
        "stable",
        "stable",
        "stable",
        "stable",
        "stable",
        "stable",
        "stable",
        "stable",
        "stable",
        "stable",
        "stable",
        "stable",
        "stable",
        "stable",
        "stable",
        "stable",
        "stable",
        "stable",
        "sufficient",
        "stable",
        "stable",
        "stable",
        "stable",
        "stable",
        "stable",
        "stable",
        "stable",
        "stable",
        "stable",
        "stable",
        "stable",
        "stable",
        "stable",
        "stable",
        "stable",
        "stable",
        "stable",
        "stable",
        "stable",
        "stable",
        "stable",
        "stable",
        "stable",
        "stable",
        "stable",
        "stable",
        "stable",
        "stable",
        "stable",
        "stable",
        "stable",
        "stable",
        "stable",
        "stable",
        "stable",
        "stable",
        "stable",
        "stable",
        "stable",
        "stable",
        "stable",
        "stable",
        "stable",
        "stable",
        "stable",
        "stable",
        "stable",
        "stable",
        "stable",
        "stable",
        "stable",
        "stable",
        "stable",
        "stable",
        "stable",
        "stable",
        "stable",
        "stable",
        "stable",
        "stable",
        "stable",
        "stable",
        "stable",
        "stable",
        "stable",
        "stable",
        "stable",
        "stable",
        "stable",
        "stable",
        "stable",
        "sufficient",
        "stable",
        "sufficient"
    ],
    "initial_spread": "u",
    "largest_convergence_window": 120,
    "lost_messages": [
        28,
        17,
        17,
        20,
        20,
        16,
        20,
        20,
        19,
        14,
        14,
        20,
        27,
        28,
        21,
        19,
        19,
        21,
        19,
        19,
        27,
        19,
        24,
        19,
        17,
        17,
        22,
        21,
        17,
        58,
        40,
        41,
        34,
        35,
        38,
        47,
        47,
        40,
        46,
        45,
        36,
        35,
        38,
        46,
        33,
        41,
        42,
        44,
        43,
        44,
        44,
        40,
        42,
        34,
        42,
        38,
        38,
        37,
        28,
        44,
        41,
        41,
        43,
        42,
        40,
        31,
        38,
        51,
        40,
        41,
        40,
        44,
        40,
        43,
        33,
        57,
        39,
        30,
        48,
        42,
        45,
        45,
        45,
        47,
        47,
        48,
        37,
        44,
        37,
        41,
        47,
        49,
        46,
        46,
        45,
        34,
        31,
        48,
        52,
        41,
        47,
        43,
        33,
        53,
        35,
        36,
        35,
        35,
        48,
        41,
        42,
        49,
        43,
        34,
        39,
        46,
        42,
        39,
        33,
        38,
        45,
        47,
        36,
        42,
        42,
        43,
        53,
        31,
        47,
        43,
        37,
        41,
        43,
        49,
        51,
        40,
        37,
        38,
        37,
        48,
        40,
        28,
        43,
        50,
        39,
        41,
        42,
        53,
        43,
        47,
        42,
        50,
        41,
        46,
        41,
        44,
        42,
        57,
        47,
        57,
        36,
        41,
        46,
        43,
        36,
        45,
        32,
        40,
        41,
        37,
        40,
        27,
        41,
        38,
        54,
        27,
        38,
        44,
        39,
        30,
        38,
        40,
        34,
        44,
        51,
        43,
        59,
        50,
        44,
        44,
        43,
        34,
        45,
        37,
        37,
        42,
        37,
        46,
        42,
        51,
        54,
        39,
        37,
        52,
        48,
        50,
        36,
        43,
        32,
        41,
        44,
        46,
        41,
        41,
        27,
        41,
        48,
        40,
        36,
        45,
        41,
        41,
        39,
        42,
        35,
        39,
        33,
        34,
        22,
        46,
        40,
        38,
        42,
        32,
        29,
        27,
        23,
        32,
        21,
        26,
        22,
        26,
        27,
        29,
        28,
        21,
        28,
        28,
        32,
        25,
        30,
        29,
        31,
        34,
        28,
        19,
        23,
        29,
        25,
        17,
        35,
        15,
        29,
        20,
        27,
        22,
        32,
        23,
        25,
        24,
        29,
        39,
        29,
        25,
        26,
        25,
        31,
        32,
        25,
        29,
        36,
        20,
        23,
        29,
        42,
        27,
        36,
        31,
        32,
        35,
        35,
        47,
        31,
        37,
        48,
        32,
        34,
        31,
        27,
        31,
        44,
        44,
        36,
        32,
        41,
        34,
        34,
        22,
        30,
        36,
        29,
        30,
        31,
        25,
        21,
        22,
        29,
        34,
        18,
        20,
        42,
        19,
        23,
        30,
        29,
        21,
        23,
        22,
        26,
        28,
        36,
        15,
        50,
        46,
        43,
        65,
        58,
        52,
        39,
        40,
        52,
        57,
        60,
        35,
        47,
        45,
        48,
        49,
        45,
        49,
        35,
        48,
        44,
        44,
        43,
        59,
        50,
        48,
        47,
        39,
        56,
        46,
        24,
        28,
        28,
        29,
        28,
        41,
        35,
        36,
        34,
        32,
        31,
        32,
        16,
        38,
        24,
        36,
        27,
        28,
        23,
        32,
        26,
        32,
        47,
        23,
        20,
        28,
        20,
        30,
        26,
        32,
        26,
        34,
        33,
        34,
        27,
        30,
        28,
        28,
        22,
        20,
        33,
        28,
        29,
        23,
        26,
        27,
        30,
        24,
        30,
        33,
        29,
        35,
        25,
        32,
        29,
        24,
        26,
        30,
        30,
        28,
        31,
        35,
        20,
        29,
        25,
        33,
        21,
        27,
        19,
        23,
        28,
        18,
        38,
        49
    ],
    "lost_parts": [
        0,
        0,
        0,
        0,
        0,
        0,
        0,
        0,
        0,
        0,
        0,
        0,
        0,
        0,
        0,
        0,
        0,
        0,
        0,
        0,
        0,
        0,
        0,
        0,
        0,
        0,
        0,
        0,
        41,
        0,
        0,
        0,
        0,
        0,
        0,
        0,
        0,
        0,
        0,
        0,
        0,
        0,
        0,
        0,
        0,
        0,
        0,
        0,
        0,
        0,
        0,
        0,
        0,
        0,
        0,
        0,
        0,
        0,
        0,
        0,
        0,
        0,
        0,
        0,
        0,
        0,
        0,
        0,
        0,
        0,
        0,
        0,
        0,
        0,
        0,
        0,
        0,
        0,
        0,
        0,
        0,
        0,
        0,
        0,
        0,
        0,
        0,
        0,
        0,
        0,
        0,
        0,
        0,
        0,
        0,
        0,
        0,
        0,
        0,
        0,
        0,
        0,
        0,
        0,
        0,
        0,
        0,
        0,
        0,
        0,
        0,
        0,
        0,
        0,
        0,
        0,
        0,
        0,
        0,
        0,
        0,
        0,
        0,
        0,
        0,
        0,
        0,
        0,
        0,
        0,
        0,
        0,
        0,
        0,
        0,
        0,
        0,
        0,
        0,
        0,
        0,
        0,
        0,
        0,
        0,
        0,
        0,
        0,
        0,
        0,
        0,
        0,
        0,
        0,
        0,
        0,
        0,
        0,
        0,
        0,
        0,
        0,
        0,
        0,
        0,
        0,
        0,
        0,
        0,
        0,
        0,
        0,
        0,
        0,
        0,
        0,
        0,
        0,
        0,
        0,
        0,
        0,
        0,
        0,
        0,
        0,
        0,
        0,
        0,
        0,
        0,
        0,
        0,
        0,
        0,
        0,
        0,
        0,
        0,
        0,
        0,
        0,
        0,
        0,
        0,
        0,
        0,
        0,
        0,
        0,
        0,
        0,
        0,
        0,
        0,
        0,
        0,
        0,
        0,
        0,
        0,
        0,
        0,
        0,
        0,
        0,
        0,
        0,
        0,
        0,
        0,
        0,
        0,
        113,
        0,
        0,
        0,
        0,
        0,
        0,
        0,
        0,
        0,
        0,
        0,
        23,
        0,
        0,
        0,
        0,
        0,
        0,
        0,
        0,
        0,
        0,
        0,
        0,
        0,
        0,
        0,
        0,
        0,
        0,
        0,
        0,
        0,
        0,
        0,
        0,
        0,
        0,
        0,
        0,
        0,
        0,
        0,
        0,
        0,
        0,
        0,
        0,
        0,
        0,
        0,
        0,
        0,
        0,
        41,
        0,
        0,
        0,
        0,
        0,
        0,
        0,
        0,
        0,
        0,
        0,
        0,
        0,
        0,
        0,
        0,
        0,
        0,
        0,
        0,
        0,
        0,
        18,
        0,
        0,
        0,
        0,
        0,
        0,
        0,
        0,
        0,
        0,
        0,
        0,
        0,
        0,
        0,
        0,
        0,
        0,
        0,
        14,
        0,
        0,
        0,
        0,
        0,
        0,
        0,
        0,
        0,
        0,
        0,
        0,
        0,
        0,
        0,
        0,
        0,
        0,
        0,
        0,
        0,
        0,
        0,
        0,
        0,
        0,
        0,
        0,
        44,
        0,
        0,
        0,
        0,
        0,
        0,
        0,
        0,
        0,
        0,
        0,
        0,
        0,
        0,
        0,
        0,
        0,
        0,
        0,
        0,
        0,
        0,
        0,
        0,
        0,
        0,
        0,
        0,
        0,
        0,
        0,
        0,
        0,
        0,
        0,
        0,
        0,
        0,
        0,
        0,
        0,
        0,
        0,
        0,
        0,
        0,
        0,
        0,
        0,
        0,
        0,
        0,
        0,
        0,
        0,
        0,
        0,
        0,
        0,
        0,
        0,
        0,
        0,
        0,
        0,
        0,
        0,
        0,
        0,
        0,
        0,
        0,
        82,
        0,
        10
    ],
    "max_epochs": 720,
    "max_recovery_delay": 4,
    "min_recovery_delay": 1,
    "moved_parts": [
        645,
        610,
        537,
        493,
        518,
        509,
        486,
        501,
        520,
        487,
        487,
        499,
        511,
        511,
        471,
        500,
        496,
        480,
        493,
        493,
        507,
        515,
        512,
        520,
        498,
        478,
        474,
        462,
        444,
        1077,
        1008,
        1006,
        1052,
        1064,
        1070,
        1049,
        1030,
        1067,
        995,
        1020,
        1037,
        1032,
        1035,
        1046,
        1033,
        1061,
        1056,
        1020,
        1050,
        1028,
        1092,
        1041,
        1059,
        1076,
        1028,
        1063,
        1011,
        1065,
        1031,
        1030,
        1070,
        1015,
        1050,
        981,
        1022,
        1035,
        1011,
        1062,
        1034,
        1020,
        1063,
        1028,
        1028,
        1039,
        1054,
        1031,
        1029,
        1073,
        1046,
        1049,
        1080,
        1012,
        1013,
        1051,
        1085,
        1034,
        995,
        1014,
        1094,
        1053,
        1047,
        1057,
        1058,
        1044,
        1038,
        1049,
        1062,
        1041,
        1080,
        1047,
        1013,
        1018,
        1010,
        1047,
        1054,
        1080,
        1087,
        1048,
        1038,
        1030,
        1015,
        1038,
        1019,
        1041,
        1049,
        1019,
        1017,
        1082,
        1050,
        1036,
        1036,
        1022,
        1051,
        1042,
        985,
        1020,
        1028,
        1007,
        1036,
        1023,
        1016,
        1012,
        1017,
        1043,
        1008,
        1024,
        1001,
        1030,
        1015,
        1012,
        1035,
        1011,
        999,
        1037,
        1063,
        1053,
        1018,
        1045,
        1072,
        1053,
        1040,
        1065,
        1005,
        1056,
        1023,
        1055,
        1025,
        1029,
        1007,
        1099,
        1088,
        1051,
        1024,
        1074,
        1014,
        1031,
        1025,
        1012,
        1037,
        988,
        1042,
        1028,
        1094,
        1062,
        1022,
        1016,
        1036,
        1050,
        1026,
        1017,
        1037,
        1027,
        1024,
        1037,
        996,
        983,
        1027,
        1050,
        1033,
        1058,
        1001,
        1039,
        1042,
        1064,
        1039,
        1049,
        1015,
        1037,
        993,
        999,
        1043,
        1051,
        1017,
        1011,
        1042,
        1076,
        1005,
        1019,
        1074,
        1085,
        1040,
        1034,
        1055,
        1041,
        1019,
        1012,
        1027,
        1030,
        1075,
        1057,
        1080,
        1061,
        1071,
        1077,
        1061,
        1012,
        1019,
        1048,
        1019,
        1063,
        1030,
        1041,
        1029,
        870,
        748,
        692,
        650,
        711,
        665,
        668,
        677,
        628,
        665,
        640,
        674,
        667,
        795,
        743,
        746,
        738,
        703,
        681,
        727,
        741,
        688,
        697,
        692,
        700,
        684,
        723,
        709,
        649,
        703,
        673,
        707,
        656,
        705,
        683,
        697,
        727,
        703,
        692,
        667,
        727,
        701,
        670,
        697,
        654,
        661,
        683,
        679,
        671,
        689,
        679,
        714,
        671,
        679,
        666,
        671,
        825,
        866,
        884,
        893,
        881,
        882,
        880,
        883,
        869,
        868,
        811,
        913,
        878,
        877,
        924,
        897,
        870,
        862,
        866,
        898,
        903,
        872,
        873,
        776,
        748,
        680,
        673,
        649,
        641,
        667,
        682,
        667,
        717,
        690,
        687,
        702,
        685,
        682,
        705,
        662,
        687,
        671,
        648,
        1132,
        1153,
        1136,
        1199,
        1146,
        1170,
        1154,
        1157,
        1233,
        1173,
        1150,
        1172,
        1169,
        1167,
        1189,
        1149,
        1181,
        1150,
        1170,
        1164,
        1156,
        1192,
        1178,
        1195,
        1186,
        1177,
        1189,
        1160,
        1115,
        872,
        773,
        726,
        746,
        749,
        771,
        746,
        754,
        712,
        754,
        708,
        740,
        767,
        723,
        729,
        729,
        723,
        781,
        767,
        801,
        770,
        769,
        762,
        740,
        732,
        800,
        698,
        696,
        699,
        749,
        704,
        732,
        730,
        739,
        707,
        725,
        702,
        732,
        740,
        749,
        719,
        757,
        720,
        707,
        737,
        737,
        715,
        710,
        748,
        735,
        717,
        755,
        675,
        713,
        716,
        697,
        699,
        694,
        735,
        705,
        711,
        747,
        705,
        695,
        719,
        700,
        726,
        737,
        727,
        669,
        712,
        736,
        611,
        1085,
        1005
    ],
    "msg": [
        "lost all replicas of file part with id: FBZ_0134.NEF_#_83, and last loss was due to corruption"
    ],
    "original_hive_size": 8,
    "parts_in_hive": [
        1083,
        1083,
        1083,
        1082,
        1083,
        1081,
        1082,
        1081,
        1081,
        1081,
        1081,
        1080,
        1081,
        1079,
        1078,
        1080,
        1078,
        1077,
        1075,
        1075,
        1077,
        1080,
        1076,
        1075,
        1075,
        1076,
        1080,
        1079,
        1037,
        1043,
        1055,
        1065,
        1079,
        1074,
        1073,
        1071,
        1071,
        1062,
        1056,
        1061,
        1067,
        1070,
        1064,
        1070,
        1070,
        1072,
        1072,
        1074,
        1070,
        1065,
        1067,
        1066,
        1067,
        1071,
        1070,
        1071,
        1069,
        1069,
        1070,
        1071,
        1069,
        1068,
        1067,
        1064,
        1070,
        1066,
        1066,
        1067,
        1062,
        1070,
        1069,
        1067,
        1065,
        1071,
        1070,
        1069,
        1070,
        1070,
        1063,
        1063,
        1069,
        1069,
        1075,
        1068,
        1068,
        1068,
        1063,
        1071,
        1073,
        1075,
        1074,
        1074,
        1069,
        1068,
        1066,
        1070,
        1072,
        1070,
        1069,
        1064,
        1056,
        1064,
        1061,
        1067,
        1067,
        1062,
        1064,
        1067,
        1067,
        1067,
        1066,
        1064,
        1068,
        1070,
        1067,
        1063,
        1065,
        1072,
        1065,
        1062,
        1065,
        1063,
        1066,
        1062,
        1065,
        1068,
        1071,
        1066,
        1066,
        1062,
        1062,
        1056,
        1057,
        1060,
        1063,
        1064,
        1063,
        1066,
        1071,
        1069,
        1065,
        1063,
        1065,
        1065,
        1069,
        1072,
        1069,
        1072,
        1074,
        1073,
        1064,
        1066,
        1065,
        1061,
        1056,
        1063,
        1069,
        1065,
        1066,
        1059,
        1062,
        1060,
        1062,
        1061,
        1059,
        1060,
        1066,
        1067,
        1063,
        1064,
        1058,
        1069,
        1066,
        1065,
        1065,
        1061,
        1074,
        1072,
        1064,
        1063,
        1063,
        1070,
        1068,
        1064,
        1065,
        1067,
        1057,
        1062,
        1062,
        1057,
        1069,
        1072,
        1072,
        1067,
        1066,
        1062,
        1059,
        1055,
        1055,
        1065,
        1066,
        1066,
        1064,
        1063,
        1071,
        1068,
        1066,
        1063,
        1061,
        1067,
        1057,
        1062,
        1063,
        1063,
        1064,
        1070,
        1067,
        1071,
        1072,
        1072,
        1070,
        1062,
        1062,
        1064,
        1066,
        1068,
        1064,
        1064,
        1063,
        1069,
        1063,
        1057,
        1057,
        947,
        983,
        1012,
        1033,
        1074,
        1070,
        1066,
        1063,
        1061,
        1077,
        1074,
        1069,
        1047,
        1058,
        1061,
        1068,
        1073,
        1075,
        1073,
        1069,
        1066,
        1066,
        1076,
        1073,
        1069,
        1067,
        1071,
        1075,
        1072,
        1073,
        1068,
        1069,
        1068,
        1065,
        1065,
        1069,
        1068,
        1068,
        1071,
        1069,
        1062,
        1064,
        1064,
        1067,
        1072,
        1071,
        1069,
        1071,
        1070,
        1070,
        1068,
        1066,
        1070,
        1076,
        1076,
        1036,
        1038,
        1050,
        1053,
        1074,
        1074,
        1068,
        1069,
        1064,
        1064,
        1063,
        1066,
        1060,
        1059,
        1062,
        1065,
        1061,
        1067,
        1066,
        1064,
        1070,
        1072,
        1068,
        1048,
        1057,
        1065,
        1065,
        1068,
        1071,
        1071,
        1075,
        1074,
        1071,
        1067,
        1069,
        1070,
        1067,
        1068,
        1071,
        1065,
        1067,
        1070,
        1075,
        1059,
        1056,
        1055,
        1058,
        1064,
        1065,
        1069,
        1068,
        1071,
        1063,
        1048,
        1046,
        1051,
        1057,
        1048,
        1056,
        1062,
        1062,
        1061,
        1062,
        1062,
        1060,
        1060,
        1060,
        1060,
        1066,
        1066,
        1067,
        1062,
        1021,
        1031,
        1043,
        1060,
        1063,
        1059,
        1061,
        1060,
        1062,
        1069,
        1066,
        1068,
        1064,
        1068,
        1069,
        1070,
        1067,
        1077,
        1075,
        1074,
        1073,
        1070,
        1067,
        1065,
        1062,
        1061,
        1068,
        1069,
        1074,
        1070,
        1069,
        1071,
        1072,
        1071,
        1069,
        1067,
        1077,
        1076,
        1078,
        1072,
        1073,
        1072,
        1068,
        1064,
        1063,
        1059,
        1062,
        1064,
        1069,
        1071,
        1072,
        1070,
        1067,
        1067,
        1064,
        1067,
        1066,
        1064,
        1064,
        1066,
        1071,
        1071,
        1070,
        1072,
        1066,
        1065,
        1064,
        1068,
        1071,
        1071,
        1061,
        1062,
        1063,
        986,
        1012,
        1015
    ],
    "read_size": 131072,
    "redundant_size": 14,
    "replication_level": 3,
    "simfile_name": "min4-mean32-std32-u.json",
    "successfull": false,
    "sufficient_size_threshold": 6,
    "terminated": 436
}
