{
    "channel_loss": 0.04,
    "convergence_set": [],
    "convergence_sets": [
        [
            172
        ],
        [
            175
        ],
        [
            185,
            186,
            187,
            188
        ]
    ],
    "convergence_treshold": 2,
    "corrupted_parts": [
        0,
        1,
        1,
        2,
        1,
        1,
        4,
        0,
        2,
        5,
        1,
        2,
        1,
        6,
        1,
        4,
        4,
        2,
        3,
        2,
        3,
        2,
        2,
        2,
        4,
        3,
        4,
        4,
        4,
        1,
        4,
        3,
        4,
        5,
        3,
        2,
        1,
        4,
        6,
        2,
        8,
        6,
        4,
        5,
        4,
        9,
        6,
        1,
        5,
        5,
        6,
        3,
        4,
        7,
        6,
        3,
        2,
        4,
        4,
        7,
        8,
        1,
        5,
        0,
        6,
        3,
        3,
        5,
        3,
        7,
        6,
        5,
        2,
        2,
        4,
        6,
        5,
        2,
        5,
        5,
        5,
        3,
        6,
        10,
        3,
        9,
        2,
        2,
        5,
        8,
        7,
        7,
        0,
        1,
        4,
        3,
        5,
        3,
        5,
        5,
        6,
        2,
        2,
        4,
        7,
        12,
        8,
        4,
        11,
        6,
        5,
        6,
        6,
        7,
        4,
        4,
        9,
        10,
        6,
        10,
        6,
        5,
        5,
        5,
        5,
        6,
        7,
        4,
        12,
        7,
        4,
        1,
        3,
        4,
        5,
        2,
        4,
        4,
        6,
        5,
        4,
        3,
        4,
        3,
        6,
        4,
        4,
        5,
        3,
        13,
        1,
        4,
        3,
        3,
        8,
        4,
        9,
        5,
        7,
        5,
        6,
        6,
        3,
        0,
        6,
        9,
        8,
        8,
        4,
        6,
        6,
        8,
        8,
        9,
        11,
        5,
        12,
        13,
        11,
        6,
        10,
        8,
        7,
        9,
        8,
        8,
        11,
        12,
        6,
        11,
        20
    ],
    "corruption_chance_tod": 0.0076034445574924255,
    "critical_size_threshold": 3,
    "cswc": 1,
    "delay": [
        0,
        3.0,
        4.0,
        1.0,
        1.0,
        2.0,
        1.75,
        0,
        2.0,
        2.6,
        1.0,
        4.0,
        2.0,
        2.6666666666666665,
        4.0,
        2.5,
        3.25,
        2.5,
        2.6666666666666665,
        1.0,
        2.6666666666666665,
        2.5,
        2.0,
        1.0,
        2.75,
        1.3333333333333333,
        2.5,
        2.25,
        3.25,
        1.0,
        2.5,
        3.0,
        3.0,
        3.0,
        2.3333333333333335,
        1.5,
        4.0,
        3.0,
        3.0,
        1.5,
        3.0,
        2.3333333333333335,
        3.5,
        2.2,
        2.75,
        3.0,
        2.3333333333333335,
        2.0,
        2.8,
        1.6,
        1.6666666666666667,
        2.0,
        2.0,
        2.0,
        2.0,
        3.6666666666666665,
        2.0,
        3.0,
        2.75,
        1.7142857142857142,
        2.75,
        2.0,
        3.2,
        0,
        3.1666666666666665,
        3.3333333333333335,
        3.6666666666666665,
        2.0,
        2.0,
        2.5714285714285716,
        1.3333333333333333,
        2.4,
        2.0,
        2.5,
        2.75,
        2.1666666666666665,
        3.0,
        2.5,
        3.4,
        2.2,
        2.8,
        1.6666666666666667,
        2.0,
        2.7,
        2.6666666666666665,
        2.4444444444444446,
        2.5,
        3.0,
        2.8,
        2.625,
        2.2857142857142856,
        2.4285714285714284,
        0,
        3.0,
        3.75,
        2.6666666666666665,
        3.2,
        2.6666666666666665,
        2.0,
        2.8,
        2.8333333333333335,
        3.5,
        2.0,
        1.75,
        3.0,
        2.75,
        3.0,
        1.75,
        2.6363636363636362,
        2.1666666666666665,
        1.8,
        2.6666666666666665,
        2.1666666666666665,
        2.4285714285714284,
        2.75,
        3.0,
        3.0,
        1.7,
        2.1666666666666665,
        2.1,
        1.8333333333333333,
        2.2,
        2.8,
        2.4,
        2.4,
        2.0,
        2.4285714285714284,
        2.25,
        2.5833333333333335,
        3.0,
        2.25,
        1.0,
        1.6666666666666667,
        2.25,
        3.2,
        3.5,
        2.25,
        2.0,
        2.6666666666666665,
        2.0,
        3.5,
        2.3333333333333335,
        2.25,
        1.3333333333333333,
        2.6666666666666665,
        2.0,
        3.25,
        3.0,
        1.3333333333333333,
        2.4615384615384617,
        4.0,
        3.5,
        3.3333333333333335,
        1.0,
        3.0,
        3.25,
        2.6666666666666665,
        2.8,
        2.4285714285714284,
        2.6,
        2.1666666666666665,
        2.0,
        3.0,
        0,
        2.5,
        2.3333333333333335,
        2.375,
        2.25,
        2.4634146341463414,
        2.6666666666666665,
        2.8333333333333335,
        2.125,
        2.875,
        1.6666666666666667,
        2.6363636363636362,
        2.4,
        2.5833333333333335,
        2.3076923076923075,
        2.8181818181818183,
        1.8333333333333333,
        1.8,
        2.5,
        2.142857142857143,
        2.7777777777777777,
        2.375,
        2.375,
        2.090909090909091,
        1.9166666666666667,
        3.0,
        2.4545454545454546,
        2.1578947368421053
    ],
    "disconnected_workers": [
        0,
        0,
        0,
        0,
        0,
        0,
        0,
        0,
        0,
        0,
        0,
        0,
        0,
        0,
        0,
        0,
        0,
        0,
        0,
        0,
        0,
        0,
        0,
        0,
        0,
        0,
        0,
        0,
        0,
        0,
        0,
        0,
        0,
        0,
        0,
        0,
        0,
        0,
        0,
        0,
        0,
        0,
        0,
        0,
        0,
        0,
        0,
        0,
        0,
        0,
        0,
        0,
        0,
        0,
        0,
        0,
        0,
        0,
        0,
        0,
        0,
        0,
        0,
        0,
        0,
        0,
        0,
        0,
        0,
        0,
        0,
        0,
        0,
        0,
        0,
        0,
        0,
        0,
        0,
        0,
        0,
        0,
        0,
        0,
        0,
        0,
        0,
        0,
        0,
        0,
        0,
        0,
        0,
        0,
        0,
        0,
        0,
        0,
        0,
        0,
        0,
        0,
        0,
        0,
        0,
        0,
        0,
        0,
        0,
        0,
        0,
        0,
        0,
        0,
        0,
        0,
        0,
        0,
        0,
        0,
        0,
        0,
        0,
        0,
        0,
        0,
        0,
        0,
        0,
        0,
        0,
        0,
        0,
        0,
        0,
        0,
        0,
        0,
        0,
        0,
        0,
        0,
        0,
        0,
        0,
        0,
        0,
        0,
        0,
        0,
        0,
        0,
        0,
        0,
        0,
        0,
        0,
        0,
        0,
        0,
        0,
        0,
        0,
        0,
        0,
        0,
        0,
        0,
        1,
        0,
        0,
        0,
        0,
        0,
        0,
        0,
        0,
        0,
        0,
        0,
        0,
        0,
        0,
        0,
        0,
        0,
        0,
        0,
        0,
        0,
        0
    ],
    "file_name": "FBZ_0134.NEF",
    "hive_id": "dffb3609-ed06-48e1-bcc5-3671470bdd57",
    "hive_size_after_maintenance": [
        8,
        8,
        8,
        8,
        8,
        8,
        8,
        8,
        8,
        8,
        8,
        8,
        8,
        8,
        8,
        8,
        8,
        8,
        8,
        8,
        8,
        8,
        8,
        8,
        8,
        8,
        8,
        8,
        8,
        8,
        8,
        8,
        8,
        8,
        8,
        8,
        8,
        8,
        8,
        8,
        8,
        8,
        8,
        8,
        8,
        8,
        8,
        8,
        8,
        8,
        8,
        8,
        8,
        8,
        8,
        8,
        8,
        8,
        8,
        8,
        8,
        8,
        8,
        8,
        8,
        8,
        8,
        8,
        8,
        8,
        8,
        8,
        8,
        8,
        8,
        8,
        8,
        8,
        8,
        8,
        8,
        8,
        8,
        8,
        8,
        8,
        8,
        8,
        8,
        8,
        8,
        8,
        8,
        8,
        8,
        8,
        8,
        8,
        8,
        8,
        8,
        8,
        8,
        8,
        8,
        8,
        8,
        8,
        8,
        8,
        8,
        8,
        8,
        8,
        8,
        8,
        8,
        8,
        8,
        8,
        8,
        8,
        8,
        8,
        8,
        8,
        8,
        8,
        8,
        8,
        8,
        8,
        8,
        8,
        8,
        8,
        8,
        8,
        8,
        8,
        8,
        8,
        8,
        8,
        8,
        8,
        8,
        8,
        8,
        8,
        8,
        8,
        8,
        8,
        8,
        8,
        8,
        8,
        8,
        8,
        8,
        8,
        8,
        8,
        8,
        8,
        8,
        8,
        8,
        8,
        8,
        8,
        8,
        8,
        8,
        8,
        8,
        8,
        8,
        8,
        8,
        8,
        8,
        8,
        8,
        8,
        8,
        8,
        8,
        8,
        8
    ],
    "hive_size_before_maintenance": [
        8,
        8,
        8,
        8,
        8,
        8,
        8,
        8,
        8,
        8,
        8,
        8,
        8,
        8,
        8,
        8,
        8,
        8,
        8,
        8,
        8,
        8,
        8,
        8,
        8,
        8,
        8,
        8,
        8,
        8,
        8,
        8,
        8,
        8,
        8,
        8,
        8,
        8,
        8,
        8,
        8,
        8,
        8,
        8,
        8,
        8,
        8,
        8,
        8,
        8,
        8,
        8,
        8,
        8,
        8,
        8,
        8,
        8,
        8,
        8,
        8,
        8,
        8,
        8,
        8,
        8,
        8,
        8,
        8,
        8,
        8,
        8,
        8,
        8,
        8,
        8,
        8,
        8,
        8,
        8,
        8,
        8,
        8,
        8,
        8,
        8,
        8,
        8,
        8,
        8,
        8,
        8,
        8,
        8,
        8,
        8,
        8,
        8,
        8,
        8,
        8,
        8,
        8,
        8,
        8,
        8,
        8,
        8,
        8,
        8,
        8,
        8,
        8,
        8,
        8,
        8,
        8,
        8,
        8,
        8,
        8,
        8,
        8,
        8,
        8,
        8,
        8,
        8,
        8,
        8,
        8,
        8,
        8,
        8,
        8,
        8,
        8,
        8,
        8,
        8,
        8,
        8,
        8,
        8,
        8,
        8,
        8,
        8,
        8,
        8,
        8,
        8,
        8,
        8,
        8,
        8,
        8,
        8,
        8,
        8,
        8,
        8,
        8,
        8,
        8,
        8,
        8,
        8,
        7,
        8,
        8,
        8,
        8,
        8,
        8,
        8,
        8,
        8,
        8,
        8,
        8,
        8,
        8,
        8,
        8,
        8,
        8,
        8,
        8,
        8,
        8
    ],
    "hive_status_before_maintenance": [
        "stable",
        "stable",
        "stable",
        "stable",
        "stable",
        "stable",
        "stable",
        "stable",
        "stable",
        "stable",
        "stable",
        "stable",
        "stable",
        "stable",
        "stable",
        "stable",
        "stable",
        "stable",
        "stable",
        "stable",
        "stable",
        "stable",
        "stable",
        "stable",
        "stable",
        "stable",
        "stable",
        "stable",
        "stable",
        "stable",
        "stable",
        "stable",
        "stable",
        "stable",
        "stable",
        "stable",
        "stable",
        "stable",
        "stable",
        "stable",
        "stable",
        "stable",
        "stable",
        "stable",
        "stable",
        "stable",
        "stable",
        "stable",
        "stable",
        "stable",
        "stable",
        "stable",
        "stable",
        "stable",
        "stable",
        "stable",
        "stable",
        "stable",
        "stable",
        "stable",
        "stable",
        "stable",
        "stable",
        "stable",
        "stable",
        "stable",
        "stable",
        "stable",
        "stable",
        "stable",
        "stable",
        "stable",
        "stable",
        "stable",
        "stable",
        "stable",
        "stable",
        "stable",
        "stable",
        "stable",
        "stable",
        "stable",
        "stable",
        "stable",
        "stable",
        "stable",
        "stable",
        "stable",
        "stable",
        "stable",
        "stable",
        "stable",
        "stable",
        "stable",
        "stable",
        "stable",
        "stable",
        "stable",
        "stable",
        "stable",
        "stable",
        "stable",
        "stable",
        "stable",
        "stable",
        "stable",
        "stable",
        "stable",
        "stable",
        "stable",
        "stable",
        "stable",
        "stable",
        "stable",
        "stable",
        "stable",
        "stable",
        "stable",
        "stable",
        "stable",
        "stable",
        "stable",
        "stable",
        "stable",
        "stable",
        "stable",
        "stable",
        "stable",
        "stable",
        "stable",
        "stable",
        "stable",
        "stable",
        "stable",
        "stable",
        "stable",
        "stable",
        "stable",
        "stable",
        "stable",
        "stable",
        "stable",
        "stable",
        "stable",
        "stable",
        "stable",
        "stable",
        "stable",
        "stable",
        "stable",
        "stable",
        "stable",
        "stable",
        "stable",
        "stable",
        "stable",
        "stable",
        "stable",
        "stable",
        "stable",
        "stable",
        "stable",
        "stable",
        "stable",
        "stable",
        "stable",
        "stable",
        "stable",
        "sufficient",
        "stable",
        "stable",
        "stable",
        "stable",
        "stable",
        "stable",
        "stable",
        "stable",
        "stable",
        "stable",
        "stable",
        "stable",
        "stable",
        "stable",
        "stable",
        "stable",
        "stable",
        "stable",
        "stable",
        "stable",
        "stable",
        "stable"
    ],
    "initial_spread": "i",
    "largest_convergence_window": 4,
    "lost_messages": [
        27,
        26,
        29,
        31,
        33,
        30,
        37,
        36,
        36,
        30,
        23,
        29,
        37,
        39,
        39,
        31,
        32,
        34,
        33,
        34,
        31,
        22,
        35,
        40,
        29,
        31,
        30,
        34,
        28,
        23,
        25,
        33,
        26,
        39,
        34,
        39,
        24,
        37,
        38,
        27,
        29,
        17,
        36,
        31,
        23,
        34,
        25,
        28,
        27,
        41,
        36,
        35,
        33,
        23,
        14,
        30,
        33,
        27,
        31,
        29,
        32,
        33,
        36,
        31,
        32,
        28,
        28,
        30,
        27,
        27,
        36,
        37,
        37,
        33,
        38,
        33,
        40,
        36,
        26,
        24,
        20,
        18,
        33,
        30,
        24,
        22,
        33,
        33,
        18,
        32,
        23,
        30,
        36,
        34,
        25,
        33,
        30,
        28,
        35,
        20,
        41,
        31,
        44,
        38,
        37,
        31,
        36,
        26,
        33,
        32,
        37,
        34,
        31,
        26,
        44,
        34,
        31,
        23,
        28,
        28,
        33,
        26,
        38,
        30,
        28,
        26,
        28,
        34,
        29,
        32,
        25,
        38,
        23,
        31,
        28,
        32,
        23,
        33,
        25,
        35,
        32,
        45,
        25,
        42,
        31,
        34,
        24,
        38,
        37,
        28,
        30,
        24,
        35,
        34,
        31,
        41,
        41,
        30,
        35,
        30,
        33,
        27,
        34,
        32,
        41,
        34,
        28,
        33,
        20,
        50,
        68,
        48,
        59,
        52,
        53,
        47,
        56,
        60,
        52,
        52,
        49,
        49,
        50,
        60,
        63,
        55,
        56,
        57,
        46,
        56,
        62
    ],
    "lost_parts": [
        0,
        0,
        0,
        0,
        0,
        0,
        0,
        0,
        0,
        0,
        0,
        0,
        0,
        0,
        0,
        0,
        0,
        0,
        0,
        0,
        0,
        0,
        0,
        0,
        0,
        0,
        0,
        0,
        0,
        0,
        0,
        0,
        0,
        0,
        0,
        0,
        0,
        0,
        0,
        0,
        0,
        0,
        0,
        0,
        0,
        0,
        0,
        0,
        0,
        0,
        0,
        0,
        0,
        0,
        0,
        0,
        0,
        0,
        0,
        0,
        0,
        0,
        0,
        0,
        0,
        0,
        0,
        0,
        0,
        0,
        0,
        0,
        0,
        0,
        0,
        0,
        0,
        0,
        0,
        0,
        0,
        0,
        0,
        0,
        0,
        0,
        0,
        0,
        0,
        0,
        0,
        0,
        0,
        0,
        0,
        0,
        0,
        0,
        0,
        0,
        0,
        0,
        0,
        0,
        0,
        0,
        0,
        0,
        0,
        0,
        0,
        0,
        0,
        0,
        0,
        0,
        0,
        0,
        0,
        0,
        0,
        0,
        0,
        0,
        0,
        0,
        0,
        0,
        0,
        0,
        0,
        0,
        0,
        0,
        0,
        0,
        0,
        0,
        0,
        0,
        0,
        0,
        0,
        0,
        0,
        0,
        0,
        0,
        0,
        0,
        0,
        0,
        0,
        0,
        0,
        0,
        0,
        0,
        0,
        0,
        0,
        0,
        0,
        0,
        0,
        0,
        0,
        0,
        78,
        0,
        0,
        0,
        0,
        0,
        0,
        0,
        0,
        0,
        0,
        0,
        0,
        0,
        0,
        0,
        0,
        0,
        0,
        0,
        0,
        0,
        0
    ],
    "max_epochs": 720,
    "max_recovery_delay": 4,
    "min_recovery_delay": 1,
    "moved_parts": [
        770,
        821,
        814,
        806,
        798,
        798,
        826,
        792,
        803,
        812,
        804,
        837,
        793,
        797,
        760,
        814,
        806,
        808,
        788,
        802,
        819,
        814,
        794,
        810,
        809,
        808,
        827,
        773,
        783,
        774,
        785,
        771,
        788,
        777,
        788,
        821,
        763,
        834,
        774,
        760,
        768,
        788,
        832,
        756,
        776,
        752,
        758,
        798,
        763,
        764,
        783,
        762,
        783,
        823,
        805,
        754,
        763,
        777,
        760,
        748,
        763,
        758,
        765,
        780,
        783,
        726,
        754,
        742,
        762,
        788,
        803,
        776,
        788,
        802,
        828,
        817,
        788,
        814,
        826,
        784,
        791,
        724,
        789,
        800,
        774,
        784,
        822,
        800,
        780,
        812,
        782,
        800,
        786,
        774,
        796,
        786,
        838,
        791,
        812,
        783,
        779,
        755,
        757,
        817,
        800,
        790,
        783,
        790,
        794,
        753,
        765,
        763,
        797,
        851,
        808,
        785,
        810,
        777,
        799,
        780,
        799,
        770,
        811,
        777,
        782,
        775,
        785,
        765,
        797,
        774,
        776,
        800,
        743,
        755,
        741,
        754,
        778,
        779,
        764,
        815,
        818,
        817,
        792,
        754,
        793,
        750,
        773,
        776,
        786,
        768,
        769,
        810,
        759,
        770,
        793,
        837,
        820,
        802,
        804,
        795,
        832,
        772,
        773,
        780,
        782,
        760,
        770,
        817,
        686,
        1354,
        1402,
        1377,
        1383,
        1414,
        1367,
        1424,
        1363,
        1387,
        1359,
        1361,
        1399,
        1387,
        1395,
        1382,
        1396,
        1392,
        1335,
        1319,
        1361,
        1347,
        1308
    ],
    "msg": [
        "lost all replicas of file part with id: FBZ_0134.NEF_#_5, and last loss was due to corruption"
    ],
    "original_hive_size": 8,
    "parts_in_hive": [
        1083,
        1082,
        1081,
        1079,
        1081,
        1081,
        1078,
        1080,
        1081,
        1076,
        1077,
        1079,
        1079,
        1074,
        1075,
        1075,
        1073,
        1073,
        1075,
        1075,
        1079,
        1078,
        1077,
        1078,
        1078,
        1077,
        1076,
        1074,
        1075,
        1075,
        1074,
        1076,
        1074,
        1071,
        1074,
        1074,
        1076,
        1078,
        1073,
        1072,
        1067,
        1067,
        1069,
        1070,
        1071,
        1067,
        1065,
        1071,
        1071,
        1073,
        1071,
        1076,
        1076,
        1073,
        1070,
        1074,
        1075,
        1075,
        1073,
        1070,
        1067,
        1073,
        1072,
        1075,
        1073,
        1072,
        1071,
        1072,
        1073,
        1070,
        1068,
        1073,
        1076,
        1077,
        1076,
        1072,
        1072,
        1074,
        1071,
        1070,
        1071,
        1071,
        1070,
        1067,
        1071,
        1066,
        1067,
        1074,
        1075,
        1070,
        1067,
        1066,
        1070,
        1077,
        1078,
        1075,
        1071,
        1070,
        1071,
        1072,
        1069,
        1074,
        1074,
        1073,
        1073,
        1063,
        1058,
        1062,
        1060,
        1066,
        1066,
        1071,
        1071,
        1069,
        1069,
        1070,
        1068,
        1061,
        1065,
        1063,
        1067,
        1071,
        1072,
        1072,
        1070,
        1069,
        1070,
        1071,
        1065,
        1062,
        1066,
        1071,
        1075,
        1077,
        1075,
        1074,
        1074,
        1071,
        1072,
        1071,
        1072,
        1074,
        1072,
        1074,
        1073,
        1075,
        1073,
        1072,
        1073,
        1064,
        1070,
        1072,
        1072,
        1072,
        1070,
        1070,
        1064,
        1066,
        1065,
        1068,
        1068,
        1068,
        1073,
        1078,
        1074,
        1067,
        1067,
        1063,
        989,
        1013,
        1030,
        1050,
        1065,
        1062,
        1061,
        1064,
        1061,
        1054,
        1056,
        1062,
        1060,
        1063,
        1068,
        1062,
        1065,
        1063,
        1061,
        1059,
        1064,
        1062,
        1050
    ],
    "read_size": 131072,
    "redundant_size": 14,
    "replication_level": 3,
    "simfile_name": "min4-mean90-std32-i.json",
    "successfull": false,
    "sufficient_size_threshold": 6,
    "terminated": 191
}
