{
    "channel_loss": 0.04,
    "convergence_set": [],
    "convergence_sets": [
        [
            181,
            182,
            183,
            184,
            185,
            186,
            187,
            188,
            189,
            190,
            191,
            192,
            193,
            194,
            195,
            196,
            197,
            198,
            199,
            200,
            201,
            202,
            203,
            204,
            205,
            206,
            207,
            208,
            209,
            210,
            211,
            212,
            213,
            214,
            215,
            216,
            217,
            218,
            219,
            220,
            221,
            222,
            223,
            224,
            225,
            226,
            227,
            228,
            229,
            230,
            231,
            232,
            233,
            234,
            235,
            236,
            237,
            238,
            239,
            240,
            241,
            242,
            243,
            244,
            245,
            246,
            247,
            248,
            249,
            250,
            251,
            252,
            253,
            254,
            255,
            256,
            257,
            258,
            259,
            260,
            261,
            262,
            263,
            264,
            265,
            266,
            267,
            268,
            269,
            270,
            271,
            272,
            273,
            274,
            275,
            276,
            277,
            278,
            279,
            280,
            281,
            282,
            283,
            284,
            285,
            286,
            287,
            288,
            289,
            290,
            291,
            292,
            293,
            294,
            295,
            296,
            297,
            298,
            299,
            300,
            301,
            302,
            303,
            304,
            305,
            306,
            307,
            308,
            309,
            310,
            311,
            312,
            313,
            314,
            315,
            316,
            317,
            318,
            319,
            320,
            321,
            322,
            323,
            324,
            325,
            326,
            327,
            328,
            329,
            330,
            331,
            332,
            333,
            334,
            335,
            336,
            337,
            338,
            339,
            340,
            341,
            342
        ]
    ],
    "convergence_treshold": 2,
    "corrupted_parts": [
        0,
        1,
        1,
        2,
        1,
        1,
        1,
        7,
        1,
        4,
        1,
        1,
        0,
        4,
        8,
        2,
        4,
        3,
        4,
        5,
        3,
        5,
        2,
        2,
        5,
        1,
        7,
        4,
        3,
        3,
        3,
        6,
        4,
        3,
        8,
        5,
        5,
        1,
        4,
        1,
        4,
        5,
        8,
        9,
        4,
        5,
        4,
        3,
        7,
        4,
        2,
        6,
        10,
        7,
        2,
        5,
        4,
        4,
        6,
        4,
        9,
        4,
        2,
        3,
        3,
        3,
        6,
        9,
        6,
        5,
        2,
        7,
        3,
        8,
        1,
        4,
        6,
        9,
        4,
        4,
        3,
        10,
        5,
        6,
        6,
        7,
        2,
        11,
        11,
        6,
        7,
        3,
        5,
        7,
        5,
        6,
        8,
        9,
        3,
        9,
        5,
        7,
        6,
        7,
        2,
        4,
        3,
        4,
        8,
        6,
        4,
        6,
        4,
        6,
        4,
        3,
        10,
        5,
        3,
        6,
        3,
        4,
        6,
        6,
        9,
        5,
        6,
        11,
        6,
        5,
        6,
        5,
        2,
        1,
        8,
        4,
        6,
        6,
        11,
        9,
        4,
        5,
        2,
        6,
        10,
        3,
        4,
        5,
        7,
        1,
        8,
        6,
        10,
        6,
        8,
        5,
        7,
        3,
        5,
        11,
        7,
        3,
        12,
        8,
        4,
        5,
        2,
        8,
        6,
        10,
        6,
        3,
        10,
        3,
        7,
        5,
        8,
        6,
        7,
        12,
        11,
        14,
        12,
        8,
        8,
        7,
        7,
        6,
        10,
        6,
        11,
        10,
        8,
        8,
        8,
        3,
        9,
        5,
        4,
        5,
        9,
        4,
        13,
        10,
        7,
        8,
        8,
        7,
        10,
        10,
        7,
        5,
        1,
        8,
        11,
        10,
        4,
        16,
        10,
        9,
        6,
        12,
        7,
        11,
        13,
        7,
        11,
        7,
        9,
        8,
        9,
        6,
        8,
        6,
        8,
        8,
        12,
        8,
        10,
        8,
        7,
        10,
        9,
        10,
        5,
        7,
        6,
        7,
        4,
        10,
        5,
        4,
        6,
        10,
        10,
        9,
        14,
        8,
        7,
        9,
        9,
        11,
        9,
        9,
        6,
        10,
        7,
        12,
        10,
        7,
        5,
        9,
        11,
        8,
        11,
        7,
        10,
        4,
        9,
        11,
        7,
        7,
        16,
        7,
        10,
        5,
        15,
        9,
        12,
        13,
        4,
        11,
        9,
        11,
        12,
        4,
        6,
        15,
        12,
        7,
        6,
        10,
        7,
        11,
        11,
        10,
        6,
        11,
        10,
        8,
        3,
        10,
        6,
        14,
        7,
        4,
        7,
        7,
        11,
        9,
        11,
        7,
        14,
        7,
        15,
        11,
        8,
        6,
        7,
        12,
        10,
        9,
        10,
        5,
        8,
        8,
        9,
        11,
        11,
        5,
        9,
        9,
        4,
        12,
        14
    ],
    "corruption_chance_tod": 0.00845939698357758,
    "critical_size_threshold": 3,
    "cswc": 0,
    "delay": [
        0,
        4.0,
        3.0,
        3.0,
        2.0,
        3.0,
        2.0,
        2.857142857142857,
        2.0,
        2.5,
        3.0,
        2.0,
        0,
        3.0,
        2.875,
        2.5,
        1.75,
        3.6666666666666665,
        2.5,
        2.0,
        2.0,
        2.6,
        2.5,
        1.5,
        2.4,
        4.0,
        2.142857142857143,
        3.0,
        2.3333333333333335,
        1.3333333333333333,
        1.0,
        3.0,
        3.0,
        2.3333333333333335,
        2.0,
        2.6,
        3.6,
        1.0,
        1.5,
        2.0,
        2.75,
        2.2,
        3.0,
        2.888888888888889,
        2.5,
        2.8,
        1.75,
        2.6666666666666665,
        2.7142857142857144,
        1.5,
        1.0,
        2.0,
        2.6,
        2.0,
        1.5,
        2.4,
        2.5,
        2.5,
        3.0,
        2.25,
        2.5555555555555554,
        2.75,
        1.5,
        3.3333333333333335,
        4.0,
        2.0,
        1.8333333333333333,
        2.111111111111111,
        2.8333333333333335,
        2.4,
        3.5,
        2.142857142857143,
        3.6666666666666665,
        2.375,
        2.0,
        3.25,
        2.8333333333333335,
        2.6666666666666665,
        2.75,
        2.5,
        1.6666666666666667,
        1.8,
        1.8,
        2.5,
        3.0,
        2.142857142857143,
        1.5,
        1.7272727272727273,
        2.6363636363636362,
        2.3333333333333335,
        2.4285714285714284,
        2.3333333333333335,
        2.6,
        2.5714285714285716,
        2.4,
        2.6666666666666665,
        2.875,
        2.7777777777777777,
        2.3333333333333335,
        2.0,
        2.0,
        2.857142857142857,
        2.6666666666666665,
        2.5714285714285716,
        3.5,
        2.0,
        2.3333333333333335,
        2.75,
        2.75,
        3.0,
        2.5,
        2.6666666666666665,
        1.5,
        3.0,
        2.25,
        2.3333333333333335,
        2.0,
        2.4,
        4.0,
        2.1666666666666665,
        2.0,
        3.75,
        1.5,
        2.1666666666666665,
        2.3333333333333335,
        2.2,
        3.1666666666666665,
        2.5454545454545454,
        2.8333333333333335,
        2.8,
        2.1666666666666665,
        3.0,
        3.5,
        2.0,
        2.5,
        2.75,
        1.8333333333333333,
        3.0,
        2.0,
        3.0,
        2.5,
        2.4,
        3.5,
        2.6666666666666665,
        2.3,
        2.3333333333333335,
        2.75,
        4.0,
        2.5714285714285716,
        1.0,
        2.375,
        2.3333333333333335,
        2.2,
        3.3333333333333335,
        2.75,
        3.0,
        1.8571428571428572,
        2.3333333333333335,
        2.2,
        1.8181818181818181,
        2.0,
        2.0,
        2.8333333333333335,
        3.125,
        2.0,
        2.6,
        3.0,
        3.5,
        2.8333333333333335,
        2.4,
        2.1666666666666665,
        2.3333333333333335,
        2.2,
        1.6666666666666667,
        2.0,
        3.4,
        2.625,
        2.6153846153846154,
        2.142857142857143,
        2.1666666666666665,
        1.6363636363636365,
        2.7857142857142856,
        2.3333333333333335,
        2.5,
        2.5,
        2.2857142857142856,
        2.2857142857142856,
        2.0,
        2.3,
        2.1666666666666665,
        2.090909090909091,
        2.7,
        2.75,
        2.5,
        2.75,
        2.0,
        3.0,
        2.8,
        2.5,
        3.2,
        2.3333333333333335,
        2.5,
        2.6923076923076925,
        1.9,
        2.857142857142857,
        2.25,
        2.625,
        2.2857142857142856,
        2.3,
        2.5,
        3.0,
        3.6,
        1.0,
        3.0,
        2.272727272727273,
        2.1,
        2.5,
        3.125,
        2.1,
        2.0,
        3.0,
        1.8333333333333333,
        2.4285714285714284,
        2.1818181818181817,
        2.3846153846153846,
        2.7142857142857144,
        2.3636363636363638,
        2.2857142857142856,
        2.3333333333333335,
        2.625,
        2.2222222222222223,
        2.1666666666666665,
        3.375,
        1.8333333333333333,
        2.125,
        2.125,
        2.25,
        3.125,
        3.2,
        2.875,
        2.142857142857143,
        2.0,
        1.7777777777777777,
        3.0,
        2.6,
        3.0,
        1.8333333333333333,
        1.7142857142857142,
        2.0,
        2.4,
        1.2,
        3.25,
        2.3333333333333335,
        2.3,
        2.5,
        2.3333333333333335,
        2.5,
        2.625,
        2.2857142857142856,
        2.4444444444444446,
        2.7777777777777777,
        2.3636363636363638,
        2.3333333333333335,
        2.888888888888889,
        3.0,
        2.7,
        2.5714285714285716,
        2.1666666666666665,
        2.6,
        3.2857142857142856,
        2.8,
        3.0,
        2.727272727272727,
        2.875,
        3.0,
        2.5714285714285716,
        2.5,
        2.25,
        3.2222222222222223,
        1.5454545454545454,
        1.7142857142857142,
        2.2857142857142856,
        2.6875,
        2.5714285714285716,
        3.1,
        2.6,
        2.2666666666666666,
        2.0,
        2.9166666666666665,
        2.076923076923077,
        1.75,
        2.090909090909091,
        2.5555555555555554,
        2.090909090909091,
        2.5833333333333335,
        2.75,
        2.5,
        2.4,
        1.8333333333333333,
        3.0,
        3.3333333333333335,
        1.9,
        2.2857142857142856,
        1.8181818181818181,
        2.727272727272727,
        2.8,
        1.8333333333333333,
        2.4545454545454546,
        2.6,
        2.875,
        2.6666666666666665,
        1.9,
        3.5,
        2.2857142857142856,
        2.142857142857143,
        2.75,
        2.142857142857143,
        2.857142857142857,
        2.4545454545454546,
        2.7777777777777777,
        3.0,
        2.7142857142857144,
        2.357142857142857,
        2.142857142857143,
        2.533333333333333,
        2.909090909090909,
        2.375,
        2.1666666666666665,
        3.2857142857142856,
        2.5,
        2.4,
        2.7777777777777777,
        3.0,
        2.6,
        2.25,
        3.5,
        2.3333333333333335,
        2.090909090909091,
        2.8181818181818183,
        2.8,
        2.111111111111111,
        3.3333333333333335,
        2.4203821656050954,
        1.9166666666666667,
        2.076923076923077
    ],
    "disconnected_workers": [
        0,
        0,
        0,
        0,
        0,
        0,
        0,
        0,
        0,
        0,
        0,
        0,
        0,
        0,
        0,
        0,
        0,
        0,
        0,
        0,
        0,
        0,
        0,
        0,
        0,
        0,
        0,
        0,
        0,
        0,
        0,
        0,
        0,
        0,
        0,
        0,
        0,
        0,
        0,
        0,
        0,
        0,
        0,
        0,
        0,
        0,
        0,
        0,
        0,
        0,
        0,
        0,
        0,
        0,
        0,
        0,
        0,
        0,
        0,
        0,
        0,
        0,
        0,
        0,
        0,
        0,
        0,
        0,
        0,
        0,
        0,
        0,
        0,
        0,
        0,
        0,
        0,
        0,
        0,
        0,
        0,
        0,
        0,
        0,
        0,
        0,
        0,
        0,
        0,
        0,
        0,
        0,
        0,
        0,
        0,
        0,
        0,
        0,
        0,
        0,
        0,
        0,
        0,
        0,
        0,
        0,
        0,
        0,
        0,
        0,
        0,
        0,
        0,
        0,
        0,
        0,
        0,
        0,
        0,
        0,
        0,
        0,
        0,
        0,
        0,
        0,
        0,
        0,
        0,
        0,
        0,
        0,
        0,
        0,
        0,
        0,
        0,
        0,
        0,
        0,
        0,
        0,
        0,
        0,
        0,
        0,
        0,
        0,
        0,
        0,
        0,
        0,
        0,
        0,
        0,
        0,
        0,
        0,
        0,
        0,
        0,
        0,
        0,
        0,
        0,
        0,
        0,
        0,
        0,
        0,
        0,
        0,
        0,
        0,
        0,
        0,
        0,
        1,
        0,
        0,
        0,
        0,
        0,
        0,
        0,
        0,
        0,
        0,
        0,
        0,
        0,
        0,
        0,
        0,
        0,
        0,
        0,
        0,
        0,
        0,
        0,
        0,
        0,
        0,
        0,
        0,
        0,
        0,
        0,
        0,
        0,
        0,
        0,
        0,
        0,
        0,
        0,
        0,
        0,
        0,
        0,
        0,
        0,
        0,
        0,
        0,
        0,
        0,
        0,
        0,
        0,
        0,
        0,
        0,
        0,
        0,
        0,
        0,
        0,
        0,
        0,
        0,
        0,
        0,
        0,
        0,
        0,
        0,
        0,
        0,
        0,
        0,
        0,
        0,
        0,
        0,
        0,
        0,
        0,
        0,
        0,
        0,
        0,
        0,
        0,
        0,
        0,
        0,
        0,
        0,
        0,
        0,
        0,
        0,
        0,
        0,
        0,
        0,
        0,
        0,
        0,
        0,
        0,
        0,
        0,
        0,
        0,
        0,
        0,
        0,
        0,
        0,
        0,
        0,
        0,
        0,
        0,
        0,
        0,
        0,
        0,
        0,
        0,
        0,
        0,
        0,
        0,
        0,
        0,
        0,
        0,
        0,
        0,
        0,
        0,
        0,
        0,
        0,
        0,
        0,
        0,
        0,
        0,
        0,
        0,
        0,
        0,
        0,
        0,
        0,
        0,
        0,
        0,
        0,
        0,
        0,
        0,
        0,
        0,
        0,
        0,
        0,
        1,
        0,
        0
    ],
    "file_name": "FBZ_0134.NEF",
    "hive_id": "11eaef51-eda9-45e6-8632-5307b356ae9e",
    "hive_size_after_maintenance": [
        8,
        8,
        8,
        8,
        8,
        8,
        8,
        8,
        8,
        8,
        8,
        8,
        8,
        8,
        8,
        8,
        8,
        8,
        8,
        8,
        8,
        8,
        8,
        8,
        8,
        8,
        8,
        8,
        8,
        8,
        8,
        8,
        8,
        8,
        8,
        8,
        8,
        8,
        8,
        8,
        8,
        8,
        8,
        8,
        8,
        8,
        8,
        8,
        8,
        8,
        8,
        8,
        8,
        8,
        8,
        8,
        8,
        8,
        8,
        8,
        8,
        8,
        8,
        8,
        8,
        8,
        8,
        8,
        8,
        8,
        8,
        8,
        8,
        8,
        8,
        8,
        8,
        8,
        8,
        8,
        8,
        8,
        8,
        8,
        8,
        8,
        8,
        8,
        8,
        8,
        8,
        8,
        8,
        8,
        8,
        8,
        8,
        8,
        8,
        8,
        8,
        8,
        8,
        8,
        8,
        8,
        8,
        8,
        8,
        8,
        8,
        8,
        8,
        8,
        8,
        8,
        8,
        8,
        8,
        8,
        8,
        8,
        8,
        8,
        8,
        8,
        8,
        8,
        8,
        8,
        8,
        8,
        8,
        8,
        8,
        8,
        8,
        8,
        8,
        8,
        8,
        8,
        8,
        8,
        8,
        8,
        8,
        8,
        8,
        8,
        8,
        8,
        8,
        8,
        8,
        8,
        8,
        8,
        8,
        8,
        8,
        8,
        8,
        8,
        8,
        8,
        8,
        8,
        8,
        8,
        8,
        8,
        8,
        8,
        8,
        8,
        8,
        8,
        8,
        8,
        8,
        8,
        8,
        8,
        8,
        8,
        8,
        8,
        8,
        8,
        8,
        8,
        8,
        8,
        8,
        8,
        8,
        8,
        8,
        8,
        8,
        8,
        8,
        8,
        8,
        8,
        8,
        8,
        8,
        8,
        8,
        8,
        8,
        8,
        8,
        8,
        8,
        8,
        8,
        8,
        8,
        8,
        8,
        8,
        8,
        8,
        8,
        8,
        8,
        8,
        8,
        8,
        8,
        8,
        8,
        8,
        8,
        8,
        8,
        8,
        8,
        8,
        8,
        8,
        8,
        8,
        8,
        8,
        8,
        8,
        8,
        8,
        8,
        8,
        8,
        8,
        8,
        8,
        8,
        8,
        8,
        8,
        8,
        8,
        8,
        8,
        8,
        8,
        8,
        8,
        8,
        8,
        8,
        8,
        8,
        8,
        8,
        8,
        8,
        8,
        8,
        8,
        8,
        8,
        8,
        8,
        8,
        8,
        8,
        8,
        8,
        8,
        8,
        8,
        8,
        8,
        8,
        8,
        8,
        8,
        8,
        8,
        8,
        8,
        8,
        8,
        8,
        8,
        8,
        8,
        8,
        8,
        8,
        8,
        8,
        8,
        8,
        8,
        8,
        8,
        8,
        8,
        8,
        8,
        8,
        8,
        8,
        8,
        8,
        8,
        8,
        8,
        8,
        8,
        8,
        8,
        8,
        8,
        8,
        8,
        8,
        8,
        8,
        8,
        8
    ],
    "hive_size_before_maintenance": [
        8,
        8,
        8,
        8,
        8,
        8,
        8,
        8,
        8,
        8,
        8,
        8,
        8,
        8,
        8,
        8,
        8,
        8,
        8,
        8,
        8,
        8,
        8,
        8,
        8,
        8,
        8,
        8,
        8,
        8,
        8,
        8,
        8,
        8,
        8,
        8,
        8,
        8,
        8,
        8,
        8,
        8,
        8,
        8,
        8,
        8,
        8,
        8,
        8,
        8,
        8,
        8,
        8,
        8,
        8,
        8,
        8,
        8,
        8,
        8,
        8,
        8,
        8,
        8,
        8,
        8,
        8,
        8,
        8,
        8,
        8,
        8,
        8,
        8,
        8,
        8,
        8,
        8,
        8,
        8,
        8,
        8,
        8,
        8,
        8,
        8,
        8,
        8,
        8,
        8,
        8,
        8,
        8,
        8,
        8,
        8,
        8,
        8,
        8,
        8,
        8,
        8,
        8,
        8,
        8,
        8,
        8,
        8,
        8,
        8,
        8,
        8,
        8,
        8,
        8,
        8,
        8,
        8,
        8,
        8,
        8,
        8,
        8,
        8,
        8,
        8,
        8,
        8,
        8,
        8,
        8,
        8,
        8,
        8,
        8,
        8,
        8,
        8,
        8,
        8,
        8,
        8,
        8,
        8,
        8,
        8,
        8,
        8,
        8,
        8,
        8,
        8,
        8,
        8,
        8,
        8,
        8,
        8,
        8,
        8,
        8,
        8,
        8,
        8,
        8,
        8,
        8,
        8,
        8,
        8,
        8,
        8,
        8,
        8,
        8,
        8,
        8,
        7,
        8,
        8,
        8,
        8,
        8,
        8,
        8,
        8,
        8,
        8,
        8,
        8,
        8,
        8,
        8,
        8,
        8,
        8,
        8,
        8,
        8,
        8,
        8,
        8,
        8,
        8,
        8,
        8,
        8,
        8,
        8,
        8,
        8,
        8,
        8,
        8,
        8,
        8,
        8,
        8,
        8,
        8,
        8,
        8,
        8,
        8,
        8,
        8,
        8,
        8,
        8,
        8,
        8,
        8,
        8,
        8,
        8,
        8,
        8,
        8,
        8,
        8,
        8,
        8,
        8,
        8,
        8,
        8,
        8,
        8,
        8,
        8,
        8,
        8,
        8,
        8,
        8,
        8,
        8,
        8,
        8,
        8,
        8,
        8,
        8,
        8,
        8,
        8,
        8,
        8,
        8,
        8,
        8,
        8,
        8,
        8,
        8,
        8,
        8,
        8,
        8,
        8,
        8,
        8,
        8,
        8,
        8,
        8,
        8,
        8,
        8,
        8,
        8,
        8,
        8,
        8,
        8,
        8,
        8,
        8,
        8,
        8,
        8,
        8,
        8,
        8,
        8,
        8,
        8,
        8,
        8,
        8,
        8,
        8,
        8,
        8,
        8,
        8,
        8,
        8,
        8,
        8,
        8,
        8,
        8,
        8,
        8,
        8,
        8,
        8,
        8,
        8,
        8,
        8,
        8,
        8,
        8,
        8,
        8,
        8,
        8,
        8,
        8,
        8,
        7,
        8,
        8
    ],
    "hive_status_before_maintenance": [
        "stable",
        "stable",
        "stable",
        "stable",
        "stable",
        "stable",
        "stable",
        "stable",
        "stable",
        "stable",
        "stable",
        "stable",
        "stable",
        "stable",
        "stable",
        "stable",
        "stable",
        "stable",
        "stable",
        "stable",
        "stable",
        "stable",
        "stable",
        "stable",
        "stable",
        "stable",
        "stable",
        "stable",
        "stable",
        "stable",
        "stable",
        "stable",
        "stable",
        "stable",
        "stable",
        "stable",
        "stable",
        "stable",
        "stable",
        "stable",
        "stable",
        "stable",
        "stable",
        "stable",
        "stable",
        "stable",
        "stable",
        "stable",
        "stable",
        "stable",
        "stable",
        "stable",
        "stable",
        "stable",
        "stable",
        "stable",
        "stable",
        "stable",
        "stable",
        "stable",
        "stable",
        "stable",
        "stable",
        "stable",
        "stable",
        "stable",
        "stable",
        "stable",
        "stable",
        "stable",
        "stable",
        "stable",
        "stable",
        "stable",
        "stable",
        "stable",
        "stable",
        "stable",
        "stable",
        "stable",
        "stable",
        "stable",
        "stable",
        "stable",
        "stable",
        "stable",
        "stable",
        "stable",
        "stable",
        "stable",
        "stable",
        "stable",
        "stable",
        "stable",
        "stable",
        "stable",
        "stable",
        "stable",
        "stable",
        "stable",
        "stable",
        "stable",
        "stable",
        "stable",
        "stable",
        "stable",
        "stable",
        "stable",
        "stable",
        "stable",
        "stable",
        "stable",
        "stable",
        "stable",
        "stable",
        "stable",
        "stable",
        "stable",
        "stable",
        "stable",
        "stable",
        "stable",
        "stable",
        "stable",
        "stable",
        "stable",
        "stable",
        "stable",
        "stable",
        "stable",
        "stable",
        "stable",
        "stable",
        "stable",
        "stable",
        "stable",
        "stable",
        "stable",
        "stable",
        "stable",
        "stable",
        "stable",
        "stable",
        "stable",
        "stable",
        "stable",
        "stable",
        "stable",
        "stable",
        "stable",
        "stable",
        "stable",
        "stable",
        "stable",
        "stable",
        "stable",
        "stable",
        "stable",
        "stable",
        "stable",
        "stable",
        "stable",
        "stable",
        "stable",
        "stable",
        "stable",
        "stable",
        "stable",
        "stable",
        "stable",
        "stable",
        "stable",
        "stable",
        "stable",
        "stable",
        "stable",
        "stable",
        "sufficient",
        "stable",
        "stable",
        "stable",
        "stable",
        "stable",
        "stable",
        "stable",
        "stable",
        "stable",
        "stable",
        "stable",
        "stable",
        "stable",
        "stable",
        "stable",
        "stable",
        "stable",
        "stable",
        "stable",
        "stable",
        "stable",
        "stable",
        "stable",
        "stable",
        "stable",
        "stable",
        "stable",
        "stable",
        "stable",
        "stable",
        "stable",
        "stable",
        "stable",
        "stable",
        "stable",
        "stable",
        "stable",
        "stable",
        "stable",
        "stable",
        "stable",
        "stable",
        "stable",
        "stable",
        "stable",
        "stable",
        "stable",
        "stable",
        "stable",
        "stable",
        "stable",
        "stable",
        "stable",
        "stable",
        "stable",
        "stable",
        "stable",
        "stable",
        "stable",
        "stable",
        "stable",
        "stable",
        "stable",
        "stable",
        "stable",
        "stable",
        "stable",
        "stable",
        "stable",
        "stable",
        "stable",
        "stable",
        "stable",
        "stable",
        "stable",
        "stable",
        "stable",
        "stable",
        "stable",
        "stable",
        "stable",
        "stable",
        "stable",
        "stable",
        "stable",
        "stable",
        "stable",
        "stable",
        "stable",
        "stable",
        "stable",
        "stable",
        "stable",
        "stable",
        "stable",
        "stable",
        "stable",
        "stable",
        "stable",
        "stable",
        "stable",
        "stable",
        "stable",
        "stable",
        "stable",
        "stable",
        "stable",
        "stable",
        "stable",
        "stable",
        "stable",
        "stable",
        "stable",
        "stable",
        "stable",
        "stable",
        "stable",
        "stable",
        "stable",
        "stable",
        "stable",
        "stable",
        "stable",
        "stable",
        "stable",
        "stable",
        "stable",
        "stable",
        "stable",
        "stable",
        "stable",
        "stable",
        "stable",
        "stable",
        "stable",
        "stable",
        "stable",
        "stable",
        "stable",
        "stable",
        "stable",
        "stable",
        "stable",
        "stable",
        "stable",
        "stable",
        "stable",
        "stable",
        "stable",
        "stable",
        "stable",
        "stable",
        "stable",
        "stable",
        "stable",
        "stable",
        "stable",
        "stable",
        "stable",
        "stable",
        "stable",
        "stable",
        "stable",
        "stable",
        "sufficient",
        "stable",
        "stable"
    ],
    "initial_spread": "i",
    "largest_convergence_window": 162,
    "lost_messages": [
        35,
        29,
        41,
        27,
        40,
        32,
        40,
        46,
        40,
        44,
        35,
        46,
        30,
        29,
        39,
        32,
        35,
        28,
        37,
        36,
        40,
        35,
        31,
        46,
        32,
        43,
        34,
        35,
        22,
        37,
        31,
        29,
        43,
        38,
        34,
        44,
        33,
        36,
        23,
        33,
        31,
        37,
        43,
        35,
        42,
        33,
        33,
        39,
        36,
        30,
        33,
        36,
        51,
        42,
        46,
        33,
        32,
        33,
        26,
        37,
        37,
        39,
        38,
        42,
        39,
        36,
        50,
        50,
        35,
        40,
        42,
        36,
        39,
        34,
        32,
        22,
        31,
        35,
        34,
        42,
        37,
        40,
        35,
        38,
        41,
        33,
        33,
        48,
        29,
        36,
        41,
        32,
        31,
        24,
        31,
        40,
        37,
        35,
        42,
        27,
        28,
        33,
        32,
        41,
        27,
        40,
        37,
        41,
        39,
        48,
        39,
        29,
        49,
        35,
        37,
        38,
        32,
        38,
        24,
        32,
        42,
        42,
        40,
        37,
        36,
        48,
        34,
        25,
        17,
        34,
        37,
        31,
        27,
        31,
        35,
        36,
        35,
        46,
        27,
        31,
        37,
        35,
        43,
        32,
        35,
        35,
        35,
        42,
        29,
        40,
        45,
        35,
        31,
        44,
        36,
        37,
        46,
        29,
        34,
        34,
        27,
        22,
        55,
        32,
        28,
        29,
        28,
        35,
        35,
        32,
        36,
        31,
        35,
        40,
        39,
        38,
        36,
        28,
        50,
        49,
        34,
        52,
        43,
        38,
        47,
        49,
        41,
        48,
        46,
        45,
        44,
        36,
        32,
        43,
        38,
        41,
        41,
        31,
        44,
        37,
        37,
        47,
        41,
        49,
        40,
        32,
        46,
        29,
        57,
        45,
        44,
        46,
        49,
        42,
        59,
        41,
        54,
        47,
        40,
        44,
        48,
        45,
        41,
        45,
        45,
        37,
        49,
        43,
        42,
        45,
        45,
        45,
        49,
        41,
        38,
        43,
        49,
        46,
        52,
        40,
        36,
        34,
        41,
        41,
        39,
        47,
        32,
        50,
        50,
        30,
        46,
        39,
        41,
        33,
        34,
        53,
        28,
        52,
        50,
        48,
        32,
        44,
        34,
        41,
        49,
        39,
        35,
        45,
        45,
        48,
        50,
        42,
        55,
        41,
        46,
        42,
        31,
        37,
        44,
        37,
        46,
        44,
        47,
        46,
        46,
        36,
        35,
        45,
        41,
        45,
        39,
        45,
        39,
        39,
        38,
        47,
        46,
        45,
        42,
        50,
        37,
        32,
        55,
        47,
        39,
        49,
        39,
        48,
        38,
        45,
        43,
        56,
        45,
        49,
        49,
        42,
        38,
        40,
        39,
        46,
        40,
        48,
        38,
        45,
        36,
        54,
        41,
        31,
        33,
        39,
        45,
        40,
        38,
        41,
        37,
        45,
        35,
        40,
        54,
        44,
        32,
        39,
        44,
        50,
        43
    ],
    "lost_parts": [
        0,
        0,
        0,
        0,
        0,
        0,
        0,
        0,
        0,
        0,
        0,
        0,
        0,
        0,
        0,
        0,
        0,
        0,
        0,
        0,
        0,
        0,
        0,
        0,
        0,
        0,
        0,
        0,
        0,
        0,
        0,
        0,
        0,
        0,
        0,
        0,
        0,
        0,
        0,
        0,
        0,
        0,
        0,
        0,
        0,
        0,
        0,
        0,
        0,
        0,
        0,
        0,
        0,
        0,
        0,
        0,
        0,
        0,
        0,
        0,
        0,
        0,
        0,
        0,
        0,
        0,
        0,
        0,
        0,
        0,
        0,
        0,
        0,
        0,
        0,
        0,
        0,
        0,
        0,
        0,
        0,
        0,
        0,
        0,
        0,
        0,
        0,
        0,
        0,
        0,
        0,
        0,
        0,
        0,
        0,
        0,
        0,
        0,
        0,
        0,
        0,
        0,
        0,
        0,
        0,
        0,
        0,
        0,
        0,
        0,
        0,
        0,
        0,
        0,
        0,
        0,
        0,
        0,
        0,
        0,
        0,
        0,
        0,
        0,
        0,
        0,
        0,
        0,
        0,
        0,
        0,
        0,
        0,
        0,
        0,
        0,
        0,
        0,
        0,
        0,
        0,
        0,
        0,
        0,
        0,
        0,
        0,
        0,
        0,
        0,
        0,
        0,
        0,
        0,
        0,
        0,
        0,
        0,
        0,
        0,
        0,
        0,
        0,
        0,
        0,
        0,
        0,
        0,
        0,
        0,
        0,
        0,
        0,
        0,
        0,
        0,
        0,
        59,
        0,
        0,
        0,
        0,
        0,
        0,
        0,
        0,
        0,
        0,
        0,
        0,
        0,
        0,
        0,
        0,
        0,
        0,
        0,
        0,
        0,
        0,
        0,
        0,
        0,
        0,
        0,
        0,
        0,
        0,
        0,
        0,
        0,
        0,
        0,
        0,
        0,
        0,
        0,
        0,
        0,
        0,
        0,
        0,
        0,
        0,
        0,
        0,
        0,
        0,
        0,
        0,
        0,
        0,
        0,
        0,
        0,
        0,
        0,
        0,
        0,
        0,
        0,
        0,
        0,
        0,
        0,
        0,
        0,
        0,
        0,
        0,
        0,
        0,
        0,
        0,
        0,
        0,
        0,
        0,
        0,
        0,
        0,
        0,
        0,
        0,
        0,
        0,
        0,
        0,
        0,
        0,
        0,
        0,
        0,
        0,
        0,
        0,
        0,
        0,
        0,
        0,
        0,
        0,
        0,
        0,
        0,
        0,
        0,
        0,
        0,
        0,
        0,
        0,
        0,
        0,
        0,
        0,
        0,
        0,
        0,
        0,
        0,
        0,
        0,
        0,
        0,
        0,
        0,
        0,
        0,
        0,
        0,
        0,
        0,
        0,
        0,
        0,
        0,
        0,
        0,
        0,
        0,
        0,
        0,
        0,
        0,
        0,
        0,
        0,
        0,
        0,
        0,
        0,
        0,
        0,
        0,
        0,
        0,
        0,
        0,
        0,
        0,
        0,
        153,
        0,
        0
    ],
    "max_epochs": 720,
    "max_recovery_delay": 4,
    "min_recovery_delay": 1,
    "moved_parts": [
        925,
        901,
        951,
        932,
        940,
        965,
        943,
        930,
        896,
        926,
        859,
        905,
        882,
        912,
        884,
        887,
        848,
        840,
        906,
        882,
        864,
        859,
        856,
        880,
        878,
        872,
        867,
        876,
        909,
        914,
        903,
        890,
        931,
        902,
        904,
        901,
        907,
        875,
        812,
        900,
        894,
        920,
        879,
        880,
        829,
        870,
        849,
        914,
        882,
        869,
        926,
        925,
        895,
        893,
        885,
        877,
        909,
        874,
        897,
        831,
        842,
        899,
        886,
        889,
        850,
        855,
        893,
        915,
        867,
        868,
        940,
        891,
        912,
        911,
        902,
        892,
        924,
        846,
        891,
        906,
        854,
        819,
        887,
        841,
        898,
        887,
        895,
        887,
        849,
        878,
        865,
        882,
        886,
        897,
        865,
        908,
        928,
        872,
        846,
        913,
        898,
        887,
        873,
        889,
        836,
        843,
        854,
        866,
        858,
        884,
        888,
        897,
        881,
        852,
        848,
        875,
        885,
        898,
        858,
        881,
        900,
        893,
        921,
        875,
        880,
        861,
        894,
        845,
        809,
        856,
        850,
        844,
        834,
        885,
        866,
        891,
        889,
        943,
        884,
        867,
        886,
        854,
        883,
        900,
        857,
        883,
        894,
        922,
        861,
        905,
        899,
        893,
        916,
        892,
        926,
        899,
        873,
        864,
        887,
        854,
        901,
        881,
        893,
        891,
        886,
        827,
        879,
        852,
        878,
        861,
        852,
        871,
        873,
        875,
        893,
        917,
        885,
        816,
        1131,
        1141,
        1128,
        1175,
        1094,
        1069,
        1075,
        1121,
        1093,
        1106,
        1065,
        1066,
        1083,
        1133,
        1051,
        1057,
        1065,
        1054,
        1058,
        1074,
        1051,
        1110,
        1080,
        1085,
        1073,
        1085,
        1092,
        1091,
        1096,
        1056,
        1095,
        1075,
        1085,
        1058,
        1075,
        1068,
        1076,
        1070,
        1072,
        1110,
        1062,
        1078,
        1083,
        1027,
        1112,
        1054,
        1058,
        1103,
        1088,
        1075,
        1030,
        1068,
        1065,
        1083,
        1105,
        1079,
        1095,
        1068,
        1063,
        1085,
        1048,
        1038,
        1076,
        1096,
        1072,
        1099,
        1102,
        1091,
        1096,
        1089,
        1050,
        1064,
        1076,
        1063,
        1071,
        1089,
        1044,
        1038,
        1087,
        1094,
        1070,
        1058,
        1003,
        1003,
        1058,
        1090,
        1062,
        1069,
        1070,
        1049,
        1058,
        1085,
        1084,
        1083,
        1066,
        1110,
        1068,
        1057,
        1028,
        1055,
        1046,
        1065,
        1066,
        1073,
        1071,
        1070,
        1115,
        1097,
        1091,
        1097,
        1081,
        1101,
        1080,
        1075,
        1093,
        1107,
        1141,
        1082,
        1048,
        1097,
        1087,
        1061,
        1076,
        1067,
        1075,
        1075,
        1070,
        1114,
        1079,
        1065,
        1068,
        1066,
        1105,
        1105,
        1093,
        1096,
        1104,
        1062,
        1101,
        1054,
        1129,
        1067,
        1096,
        1055,
        1058,
        1052,
        1089,
        1082,
        1051,
        1042,
        1058,
        1105,
        1107,
        1055,
        1095,
        1125,
        1086,
        1086,
        1046,
        1074,
        1057,
        1115,
        1033,
        1108,
        854,
        1326,
        1241
    ],
    "msg": [
        "lost all replicas of file part with id: FBZ_0134.NEF_#_71, and last loss was due to corruption"
    ],
    "original_hive_size": 8,
    "parts_in_hive": [
        1083,
        1082,
        1081,
        1079,
        1078,
        1080,
        1080,
        1074,
        1075,
        1075,
        1076,
        1079,
        1080,
        1079,
        1072,
        1072,
        1070,
        1073,
        1075,
        1072,
        1073,
        1074,
        1075,
        1077,
        1074,
        1078,
        1073,
        1072,
        1073,
        1074,
        1076,
        1077,
        1074,
        1072,
        1067,
        1070,
        1071,
        1074,
        1073,
        1077,
        1078,
        1075,
        1068,
        1064,
        1067,
        1066,
        1070,
        1074,
        1070,
        1072,
        1076,
        1073,
        1070,
        1066,
        1072,
        1071,
        1074,
        1074,
        1071,
        1071,
        1066,
        1067,
        1071,
        1075,
        1077,
        1074,
        1071,
        1067,
        1072,
        1068,
        1072,
        1070,
        1070,
        1069,
        1073,
        1072,
        1072,
        1066,
        1066,
        1069,
        1073,
        1067,
        1071,
        1072,
        1069,
        1068,
        1072,
        1067,
        1065,
        1065,
        1064,
        1072,
        1070,
        1070,
        1070,
        1067,
        1066,
        1063,
        1067,
        1062,
        1068,
        1070,
        1070,
        1066,
        1068,
        1071,
        1075,
        1075,
        1070,
        1067,
        1069,
        1067,
        1067,
        1072,
        1071,
        1072,
        1068,
        1072,
        1072,
        1071,
        1070,
        1073,
        1072,
        1070,
        1066,
        1070,
        1068,
        1063,
        1063,
        1067,
        1064,
        1070,
        1074,
        1075,
        1070,
        1072,
        1069,
        1070,
        1064,
        1062,
        1067,
        1067,
        1072,
        1071,
        1066,
        1066,
        1073,
        1072,
        1068,
        1070,
        1066,
        1069,
        1066,
        1068,
        1062,
        1064,
        1064,
        1070,
        1073,
        1067,
        1068,
        1073,
        1066,
        1065,
        1065,
        1061,
        1073,
        1070,
        1067,
        1060,
        1061,
        1069,
        1067,
        1070,
        1071,
        1071,
        1068,
        1008,
        1018,
        1030,
        1041,
        1061,
        1054,
        1058,
        1057,
        1066,
        1063,
        1068,
        1067,
        1066,
        1063,
        1062,
        1062,
        1061,
        1065,
        1067,
        1063,
        1067,
        1069,
        1067,
        1065,
        1066,
        1061,
        1061,
        1064,
        1062,
        1062,
        1067,
        1063,
        1058,
        1063,
        1066,
        1069,
        1068,
        1063,
        1058,
        1067,
        1058,
        1053,
        1055,
        1064,
        1061,
        1065,
        1063,
        1056,
        1062,
        1058,
        1062,
        1062,
        1066,
        1062,
        1066,
        1066,
        1064,
        1065,
        1064,
        1065,
        1061,
        1059,
        1058,
        1059,
        1058,
        1063,
        1063,
        1066,
        1063,
        1066,
        1066,
        1073,
        1068,
        1069,
        1074,
        1071,
        1067,
        1063,
        1061,
        1053,
        1060,
        1059,
        1063,
        1062,
        1059,
        1059,
        1058,
        1063,
        1059,
        1064,
        1056,
        1059,
        1063,
        1063,
        1061,
        1058,
        1058,
        1055,
        1059,
        1055,
        1063,
        1066,
        1059,
        1064,
        1066,
        1061,
        1060,
        1058,
        1060,
        1053,
        1058,
        1059,
        1054,
        1061,
        1060,
        1065,
        1061,
        1057,
        1065,
        1067,
        1060,
        1054,
        1063,
        1064,
        1062,
        1063,
        1059,
        1064,
        1062,
        1061,
        1058,
        1060,
        1060,
        1065,
        1063,
        1066,
        1061,
        1060,
        1064,
        1068,
        1068,
        1063,
        1060,
        1056,
        1062,
        1051,
        1056,
        1057,
        1054,
        1060,
        1060,
        1062,
        1061,
        1058,
        1057,
        1059,
        1059,
        1062,
        1064,
        1061,
        1057,
        1058,
        1062,
        1059,
        1063,
        917,
        946,
        988
    ],
    "read_size": 131072,
    "redundant_size": 14,
    "replication_level": 3,
    "simfile_name": "min4-mean32-std32-i.json",
    "successfull": false,
    "sufficient_size_threshold": 6,
    "terminated": 345
}
