{
    "channel_loss": 0.04,
    "convergence_set": [
        3,
        4,
        5,
        6,
        7,
        8,
        9,
        10,
        11,
        12,
        13,
        14,
        15,
        16,
        17,
        18,
        19,
        20,
        21,
        22,
        23,
        24,
        25,
        26,
        27,
        28,
        29,
        30,
        31,
        32,
        33,
        34,
        35,
        36,
        37,
        38,
        39,
        40,
        41,
        42,
        43,
        44,
        45,
        46,
        47,
        48,
        49,
        50,
        51,
        52,
        53,
        54,
        55,
        56,
        57,
        58,
        59,
        60,
        61,
        62,
        63,
        64,
        65,
        66,
        67,
        68,
        69,
        70,
        71,
        72,
        73,
        74,
        75,
        76,
        77,
        78,
        79,
        80,
        81,
        82,
        83,
        84,
        85,
        86,
        87,
        88,
        89,
        90,
        91,
        92,
        93,
        94,
        95,
        96,
        97,
        98,
        99,
        100,
        101,
        102,
        103,
        104,
        105,
        106,
        107,
        108,
        109,
        110,
        111,
        112,
        113,
        114,
        115,
        116,
        117,
        118,
        119,
        120,
        121,
        122,
        123,
        124,
        125,
        126,
        127,
        128,
        129,
        130,
        131,
        132,
        133,
        134,
        135,
        136,
        137,
        138,
        139,
        140
    ],
    "convergence_sets": [],
    "convergence_treshold": 2,
    "corrupted_parts": [
        0,
        2,
        4,
        4,
        0,
        5,
        4,
        5,
        0,
        3,
        3,
        2,
        8,
        5,
        6,
        3,
        4,
        4,
        3,
        3,
        10,
        8,
        4,
        3,
        6,
        5,
        10,
        4,
        4,
        7,
        8,
        9,
        4,
        9,
        7,
        5,
        3,
        7,
        10,
        7,
        6,
        11,
        4,
        11,
        11,
        5,
        12,
        13,
        1,
        9,
        7,
        2,
        12,
        5,
        6,
        9,
        5,
        10,
        7,
        11,
        7,
        6,
        8,
        13,
        8,
        9,
        10,
        9,
        9,
        7,
        10,
        3,
        5,
        6,
        8,
        5,
        7,
        7,
        9,
        9,
        6,
        6,
        5,
        6,
        10,
        8,
        11,
        4,
        10,
        7,
        5,
        7,
        5,
        11,
        6,
        6,
        11,
        8,
        6,
        8,
        8,
        8,
        14,
        13,
        8,
        11,
        10,
        9,
        6,
        10,
        4,
        10,
        9,
        9,
        6,
        7,
        6,
        14,
        11,
        7,
        2,
        7,
        7,
        10,
        10,
        8,
        11,
        11,
        13,
        5,
        7,
        8,
        14,
        12,
        7,
        12,
        15,
        12,
        3,
        10
    ],
    "corruption_chance_tod": 0.00715376011892746,
    "critical_size_threshold": 3,
    "cswc": 139,
    "delay": [
        0,
        2.5,
        2.25,
        3.0,
        0,
        2.6,
        2.75,
        2.8,
        0,
        1.6666666666666667,
        2.3333333333333335,
        1.0,
        2.5,
        3.0,
        3.0,
        2.0,
        2.75,
        1.75,
        2.6666666666666665,
        2.6666666666666665,
        2.9,
        2.0,
        2.25,
        1.3333333333333333,
        2.3333333333333335,
        2.4,
        2.6,
        3.25,
        3.0,
        2.2857142857142856,
        2.625,
        2.111111111111111,
        2.25,
        1.6666666666666667,
        2.5714285714285716,
        2.0,
        1.6666666666666667,
        2.857142857142857,
        2.3,
        3.0,
        2.6666666666666665,
        2.6363636363636362,
        1.25,
        2.8181818181818183,
        2.1818181818181817,
        3.2,
        2.1666666666666665,
        2.3846153846153846,
        3.0,
        2.0,
        2.5714285714285716,
        3.5,
        2.4166666666666665,
        2.6,
        2.3333333333333335,
        2.0,
        1.6,
        2.9,
        2.7142857142857144,
        2.8181818181818183,
        3.142857142857143,
        2.6666666666666665,
        1.875,
        2.5384615384615383,
        2.75,
        2.0,
        2.7,
        2.4444444444444446,
        2.7777777777777777,
        3.2857142857142856,
        2.2,
        3.6666666666666665,
        1.2,
        2.5,
        2.75,
        2.4,
        3.0,
        1.8571428571428572,
        3.2222222222222223,
        1.4444444444444444,
        2.5,
        3.5,
        2.8,
        2.1666666666666665,
        2.5,
        2.5,
        2.8181818181818183,
        1.75,
        3.2,
        3.0,
        2.8,
        2.2857142857142856,
        1.6,
        2.3636363636363638,
        2.6666666666666665,
        2.5,
        2.272727272727273,
        2.5,
        1.6666666666666667,
        2.25,
        3.25,
        2.625,
        2.357142857142857,
        2.4615384615384617,
        3.0,
        2.6363636363636362,
        3.1,
        2.6666666666666665,
        2.6666666666666665,
        2.2,
        2.25,
        2.2,
        2.888888888888889,
        2.2222222222222223,
        2.1666666666666665,
        2.7142857142857144,
        2.3333333333333335,
        2.357142857142857,
        2.8181818181818183,
        2.142857142857143,
        1.5,
        2.857142857142857,
        3.4285714285714284,
        2.6,
        2.7,
        3.25,
        2.6363636363636362,
        2.1818181818181817,
        2.076923076923077,
        2.6,
        2.2857142857142856,
        1.875,
        2.9285714285714284,
        2.4166666666666665,
        2.857142857142857,
        2.5,
        2.6,
        2.3333333333333335,
        3.0,
        2.5555555555555554
    ],
    "disconnected_workers": [
        0,
        0,
        0,
        0,
        0,
        0,
        0,
        0,
        0,
        0,
        0,
        0,
        0,
        0,
        0,
        0,
        0,
        0,
        0,
        0,
        0,
        0,
        0,
        0,
        0,
        0,
        0,
        0,
        0,
        0,
        0,
        0,
        0,
        0,
        0,
        0,
        0,
        0,
        0,
        0,
        0,
        0,
        0,
        0,
        0,
        0,
        0,
        0,
        0,
        0,
        0,
        0,
        0,
        0,
        0,
        0,
        0,
        0,
        0,
        0,
        0,
        0,
        0,
        0,
        0,
        0,
        0,
        0,
        0,
        0,
        0,
        0,
        0,
        0,
        0,
        0,
        0,
        0,
        0,
        0,
        0,
        0,
        0,
        0,
        0,
        0,
        0,
        0,
        0,
        0,
        0,
        0,
        0,
        0,
        0,
        0,
        0,
        0,
        0,
        0,
        0,
        0,
        0,
        0,
        0,
        0,
        0,
        0,
        0,
        0,
        0,
        0,
        0,
        0,
        0,
        0,
        0,
        0,
        0,
        0,
        0,
        0,
        0,
        0,
        0,
        0,
        0,
        0,
        0,
        0,
        0,
        0,
        0,
        0,
        0,
        0,
        0,
        0,
        0,
        0
    ],
    "file_name": "FBZ_0134.NEF",
    "hive_id": "43b331ac-24e5-426f-acb6-0c70d412b3e4",
    "hive_size_after_maintenance": [
        8,
        8,
        8,
        8,
        8,
        8,
        8,
        8,
        8,
        8,
        8,
        8,
        8,
        8,
        8,
        8,
        8,
        8,
        8,
        8,
        8,
        8,
        8,
        8,
        8,
        8,
        8,
        8,
        8,
        8,
        8,
        8,
        8,
        8,
        8,
        8,
        8,
        8,
        8,
        8,
        8,
        8,
        8,
        8,
        8,
        8,
        8,
        8,
        8,
        8,
        8,
        8,
        8,
        8,
        8,
        8,
        8,
        8,
        8,
        8,
        8,
        8,
        8,
        8,
        8,
        8,
        8,
        8,
        8,
        8,
        8,
        8,
        8,
        8,
        8,
        8,
        8,
        8,
        8,
        8,
        8,
        8,
        8,
        8,
        8,
        8,
        8,
        8,
        8,
        8,
        8,
        8,
        8,
        8,
        8,
        8,
        8,
        8,
        8,
        8,
        8,
        8,
        8,
        8,
        8,
        8,
        8,
        8,
        8,
        8,
        8,
        8,
        8,
        8,
        8,
        8,
        8,
        8,
        8,
        8,
        8,
        8,
        8,
        8,
        8,
        8,
        8,
        8,
        8,
        8,
        8,
        8,
        8,
        8,
        8,
        8,
        8,
        8,
        8,
        8
    ],
    "hive_size_before_maintenance": [
        8,
        8,
        8,
        8,
        8,
        8,
        8,
        8,
        8,
        8,
        8,
        8,
        8,
        8,
        8,
        8,
        8,
        8,
        8,
        8,
        8,
        8,
        8,
        8,
        8,
        8,
        8,
        8,
        8,
        8,
        8,
        8,
        8,
        8,
        8,
        8,
        8,
        8,
        8,
        8,
        8,
        8,
        8,
        8,
        8,
        8,
        8,
        8,
        8,
        8,
        8,
        8,
        8,
        8,
        8,
        8,
        8,
        8,
        8,
        8,
        8,
        8,
        8,
        8,
        8,
        8,
        8,
        8,
        8,
        8,
        8,
        8,
        8,
        8,
        8,
        8,
        8,
        8,
        8,
        8,
        8,
        8,
        8,
        8,
        8,
        8,
        8,
        8,
        8,
        8,
        8,
        8,
        8,
        8,
        8,
        8,
        8,
        8,
        8,
        8,
        8,
        8,
        8,
        8,
        8,
        8,
        8,
        8,
        8,
        8,
        8,
        8,
        8,
        8,
        8,
        8,
        8,
        8,
        8,
        8,
        8,
        8,
        8,
        8,
        8,
        8,
        8,
        8,
        8,
        8,
        8,
        8,
        8,
        8,
        8,
        8,
        8,
        8,
        8,
        8
    ],
    "hive_status_before_maintenance": [
        "stable",
        "stable",
        "stable",
        "stable",
        "stable",
        "stable",
        "stable",
        "stable",
        "stable",
        "stable",
        "stable",
        "stable",
        "stable",
        "stable",
        "stable",
        "stable",
        "stable",
        "stable",
        "stable",
        "stable",
        "stable",
        "stable",
        "stable",
        "stable",
        "stable",
        "stable",
        "stable",
        "stable",
        "stable",
        "stable",
        "stable",
        "stable",
        "stable",
        "stable",
        "stable",
        "stable",
        "stable",
        "stable",
        "stable",
        "stable",
        "stable",
        "stable",
        "stable",
        "stable",
        "stable",
        "stable",
        "stable",
        "stable",
        "stable",
        "stable",
        "stable",
        "stable",
        "stable",
        "stable",
        "stable",
        "stable",
        "stable",
        "stable",
        "stable",
        "stable",
        "stable",
        "stable",
        "stable",
        "stable",
        "stable",
        "stable",
        "stable",
        "stable",
        "stable",
        "stable",
        "stable",
        "stable",
        "stable",
        "stable",
        "stable",
        "stable",
        "stable",
        "stable",
        "stable",
        "stable",
        "stable",
        "stable",
        "stable",
        "stable",
        "stable",
        "stable",
        "stable",
        "stable",
        "stable",
        "stable",
        "stable",
        "stable",
        "stable",
        "stable",
        "stable",
        "stable",
        "stable",
        "stable",
        "stable",
        "stable",
        "stable",
        "stable",
        "stable",
        "stable",
        "stable",
        "stable",
        "stable",
        "stable",
        "stable",
        "stable",
        "stable",
        "stable",
        "stable",
        "stable",
        "stable",
        "stable",
        "stable",
        "stable",
        "stable",
        "stable",
        "stable",
        "stable",
        "stable",
        "stable",
        "stable",
        "stable",
        "stable",
        "stable",
        "stable",
        "stable",
        "stable",
        "stable",
        "stable",
        "stable",
        "stable",
        "stable",
        "stable",
        "stable",
        "stable",
        "stable"
    ],
    "initial_spread": "a",
    "largest_convergence_window": 0,
    "lost_messages": [
        49,
        51,
        44,
        42,
        68,
        46,
        57,
        49,
        53,
        52,
        51,
        45,
        51,
        49,
        56,
        52,
        54,
        61,
        55,
        33,
        53,
        50,
        46,
        44,
        57,
        67,
        67,
        39,
        49,
        45,
        52,
        54,
        52,
        59,
        54,
        48,
        59,
        46,
        58,
        52,
        58,
        64,
        53,
        54,
        44,
        47,
        46,
        54,
        46,
        55,
        52,
        55,
        49,
        62,
        46,
        45,
        44,
        57,
        61,
        41,
        44,
        52,
        52,
        55,
        44,
        43,
        43,
        37,
        59,
        56,
        51,
        46,
        52,
        49,
        49,
        46,
        62,
        52,
        62,
        57,
        62,
        56,
        61,
        54,
        52,
        48,
        45,
        46,
        51,
        51,
        51,
        47,
        46,
        59,
        59,
        38,
        54,
        55,
        51,
        55,
        54,
        39,
        51,
        46,
        51,
        51,
        56,
        49,
        63,
        59,
        48,
        45,
        47,
        54,
        50,
        47,
        71,
        57,
        54,
        57,
        42,
        48,
        56,
        46,
        48,
        54,
        68,
        60,
        47,
        50,
        64,
        45,
        50,
        54,
        50,
        59,
        44,
        39,
        46,
        49
    ],
    "lost_parts": [
        0,
        0,
        0,
        0,
        0,
        0,
        0,
        0,
        0,
        0,
        0,
        0,
        0,
        0,
        0,
        0,
        0,
        0,
        0,
        0,
        0,
        0,
        0,
        0,
        0,
        0,
        0,
        0,
        0,
        0,
        0,
        0,
        0,
        0,
        0,
        0,
        0,
        0,
        0,
        0,
        0,
        0,
        0,
        0,
        0,
        0,
        0,
        0,
        0,
        0,
        0,
        0,
        0,
        0,
        0,
        0,
        0,
        0,
        0,
        0,
        0,
        0,
        0,
        0,
        0,
        0,
        0,
        0,
        0,
        0,
        0,
        0,
        0,
        0,
        0,
        0,
        0,
        0,
        0,
        0,
        0,
        0,
        0,
        0,
        0,
        0,
        0,
        0,
        0,
        0,
        0,
        0,
        0,
        0,
        0,
        0,
        0,
        0,
        0,
        0,
        0,
        0,
        0,
        0,
        0,
        0,
        0,
        0,
        0,
        0,
        0,
        0,
        0,
        0,
        0,
        0,
        0,
        0,
        0,
        0,
        0,
        0,
        0,
        0,
        0,
        0,
        0,
        0,
        0,
        0,
        0,
        0,
        0,
        0,
        0,
        0,
        0,
        0,
        0,
        0
    ],
    "max_epochs": 720,
    "max_recovery_delay": 4,
    "min_recovery_delay": 1,
    "moved_parts": [
        1327,
        1393,
        1335,
        1336,
        1335,
        1335,
        1349,
        1315,
        1320,
        1322,
        1349,
        1335,
        1335,
        1330,
        1332,
        1332,
        1305,
        1301,
        1343,
        1299,
        1285,
        1341,
        1308,
        1260,
        1364,
        1282,
        1307,
        1299,
        1321,
        1367,
        1349,
        1374,
        1305,
        1332,
        1335,
        1293,
        1339,
        1340,
        1307,
        1292,
        1281,
        1271,
        1294,
        1331,
        1322,
        1338,
        1299,
        1285,
        1325,
        1339,
        1291,
        1315,
        1296,
        1328,
        1285,
        1360,
        1300,
        1320,
        1294,
        1324,
        1318,
        1297,
        1329,
        1347,
        1355,
        1292,
        1267,
        1333,
        1293,
        1270,
        1314,
        1336,
        1319,
        1284,
        1296,
        1287,
        1306,
        1330,
        1327,
        1334,
        1340,
        1308,
        1323,
        1297,
        1331,
        1325,
        1331,
        1298,
        1327,
        1341,
        1353,
        1296,
        1314,
        1338,
        1356,
        1341,
        1321,
        1262,
        1267,
        1289,
        1305,
        1312,
        1295,
        1287,
        1302,
        1272,
        1289,
        1281,
        1333,
        1285,
        1287,
        1342,
        1327,
        1324,
        1346,
        1293,
        1336,
        1340,
        1312,
        1241,
        1340,
        1299,
        1338,
        1318,
        1308,
        1328,
        1289,
        1332,
        1301,
        1272,
        1274,
        1315,
        1280,
        1326,
        1319,
        1294,
        1309,
        1304,
        1318,
        1357
    ],
    "msg": [
        "lost all replicas of file part with id: FBZ_0134.NEF_#_297, and last loss was due to corruption"
    ],
    "original_hive_size": 8,
    "parts_in_hive": [
        1083,
        1081,
        1077,
        1074,
        1079,
        1075,
        1073,
        1071,
        1076,
        1076,
        1076,
        1079,
        1074,
        1071,
        1069,
        1069,
        1071,
        1071,
        1076,
        1075,
        1068,
        1066,
        1066,
        1072,
        1073,
        1072,
        1067,
        1068,
        1069,
        1067,
        1065,
        1064,
        1068,
        1064,
        1071,
        1068,
        1074,
        1072,
        1066,
        1066,
        1064,
        1058,
        1065,
        1064,
        1058,
        1066,
        1057,
        1057,
        1066,
        1066,
        1065,
        1074,
        1065,
        1063,
        1069,
        1066,
        1067,
        1068,
        1065,
        1058,
        1061,
        1060,
        1061,
        1060,
        1061,
        1060,
        1060,
        1061,
        1061,
        1061,
        1060,
        1065,
        1067,
        1071,
        1069,
        1068,
        1065,
        1065,
        1066,
        1062,
        1066,
        1065,
        1069,
        1067,
        1060,
        1064,
        1060,
        1065,
        1065,
        1062,
        1063,
        1061,
        1068,
        1065,
        1067,
        1067,
        1063,
        1063,
        1062,
        1069,
        1068,
        1062,
        1054,
        1054,
        1056,
        1054,
        1057,
        1057,
        1060,
        1057,
        1067,
        1063,
        1066,
        1061,
        1066,
        1065,
        1066,
        1061,
        1058,
        1059,
        1066,
        1067,
        1070,
        1062,
        1056,
        1059,
        1055,
        1052,
        1054,
        1064,
        1067,
        1066,
        1060,
        1055,
        1061,
        1052,
        1051,
        1051,
        1060,
        1061
    ],
    "read_size": 131072,
    "redundant_size": 14,
    "replication_level": 3,
    "simfile_name": "min4-mean90-std32-a.json",
    "successfull": false,
    "sufficient_size_threshold": 6,
    "terminated": 140
}
