{
    "channel_loss": 0.04,
    "convergence_set": [
        2,
        3,
        4,
        5,
        6,
        7,
        8,
        9,
        10,
        11,
        12,
        13,
        14,
        15,
        16,
        17,
        18,
        19,
        20,
        21,
        22,
        23,
        24,
        25,
        26,
        27,
        28,
        29,
        30,
        31,
        32,
        33,
        34,
        35,
        36,
        37,
        38,
        39,
        40,
        41,
        42,
        43,
        44,
        45,
        46,
        47,
        48,
        49,
        50,
        51,
        52,
        53,
        54,
        55,
        56,
        57,
        58,
        59,
        60,
        61,
        62,
        63,
        64,
        65,
        66,
        67,
        68,
        69,
        70,
        71,
        72,
        73,
        74,
        75,
        76,
        77,
        78,
        79,
        80,
        81,
        82,
        83,
        84,
        85,
        86,
        87,
        88,
        89,
        90,
        91,
        92,
        93,
        94,
        95,
        96,
        97,
        98,
        99,
        100,
        101,
        102,
        103,
        104,
        105,
        106,
        107,
        108,
        109,
        110,
        111,
        112,
        113,
        114,
        115,
        116,
        117,
        118,
        119,
        120,
        121,
        122,
        123,
        124,
        125,
        126,
        127,
        128,
        129,
        130,
        131,
        132,
        133,
        134,
        135,
        136,
        137,
        138,
        139,
        140,
        141,
        142,
        143,
        144,
        145,
        146,
        147,
        148
    ],
    "convergence_sets": [],
    "convergence_treshold": 2,
    "corrupted_parts": [
        0,
        2,
        0,
        0,
        1,
        2,
        1,
        2,
        5,
        3,
        0,
        1,
        3,
        4,
        1,
        0,
        6,
        6,
        6,
        6,
        4,
        3,
        5,
        7,
        7,
        4,
        2,
        3,
        8,
        8,
        7,
        8,
        1,
        6,
        6,
        4,
        3,
        6,
        6,
        4,
        5,
        7,
        5,
        2,
        5,
        5,
        5,
        7,
        6,
        5,
        4,
        6,
        3,
        4,
        6,
        9,
        4,
        12,
        5,
        8,
        4,
        7,
        7,
        10,
        3,
        9,
        2,
        8,
        10,
        9,
        11,
        2,
        9,
        12,
        2,
        5,
        7,
        7,
        6,
        4,
        3,
        12,
        8,
        7,
        9,
        10,
        6,
        10,
        9,
        6,
        2,
        7,
        7,
        8,
        6,
        9,
        4,
        5,
        3,
        5,
        6,
        8,
        4,
        7,
        11,
        12,
        9,
        7,
        6,
        15,
        6,
        8,
        6,
        8,
        8,
        3,
        2,
        11,
        4,
        8,
        4,
        3,
        10,
        9,
        8,
        8,
        8,
        5,
        4,
        7,
        3,
        6,
        6,
        6,
        8,
        5,
        11,
        9,
        6,
        8,
        8,
        18,
        9,
        8,
        6,
        13,
        8,
        9
    ],
    "corruption_chance_tod": 0.007234205717983192,
    "critical_size_threshold": 3,
    "cswc": 148,
    "delay": [
        0,
        3.5,
        0,
        0,
        1.0,
        2.5,
        4.0,
        1.5,
        2.8,
        3.0,
        0,
        3.0,
        2.3333333333333335,
        3.75,
        2.0,
        0,
        1.6666666666666667,
        2.1666666666666665,
        3.0,
        2.6666666666666665,
        3.0,
        2.0,
        2.4,
        2.5714285714285716,
        2.4285714285714284,
        2.75,
        4.0,
        3.0,
        2.625,
        2.5,
        2.2857142857142856,
        2.5,
        1.0,
        1.6666666666666667,
        2.1666666666666665,
        1.75,
        2.3333333333333335,
        2.3333333333333335,
        2.1666666666666665,
        1.5,
        2.4,
        2.4285714285714284,
        2.0,
        1.5,
        2.6,
        1.8,
        2.6,
        2.4285714285714284,
        2.3333333333333335,
        2.0,
        1.5,
        2.5,
        3.6666666666666665,
        1.75,
        2.3333333333333335,
        2.3333333333333335,
        1.25,
        2.5833333333333335,
        3.0,
        2.75,
        2.5,
        2.142857142857143,
        2.5714285714285716,
        2.2,
        1.3333333333333333,
        2.2222222222222223,
        2.0,
        2.375,
        2.6,
        2.4444444444444446,
        2.272727272727273,
        1.0,
        3.5555555555555554,
        2.0,
        2.5,
        2.6,
        2.5714285714285716,
        2.2857142857142856,
        1.8333333333333333,
        3.0,
        2.6666666666666665,
        2.75,
        2.375,
        2.0,
        2.2222222222222223,
        2.5,
        3.1666666666666665,
        2.3,
        2.3333333333333335,
        2.3333333333333335,
        4.0,
        2.7142857142857144,
        2.5714285714285716,
        2.375,
        2.8333333333333335,
        2.3333333333333335,
        3.0,
        1.8,
        2.6666666666666665,
        2.4,
        2.8333333333333335,
        2.5,
        1.25,
        2.142857142857143,
        2.727272727272727,
        2.1666666666666665,
        2.6666666666666665,
        2.5714285714285716,
        2.6666666666666665,
        2.6,
        2.6666666666666665,
        2.75,
        2.5,
        2.625,
        1.875,
        1.6666666666666667,
        1.5,
        2.6363636363636362,
        3.25,
        2.375,
        2.25,
        2.3333333333333335,
        3.0,
        2.5555555555555554,
        2.0,
        3.375,
        2.375,
        3.2,
        2.0,
        2.5714285714285716,
        2.3333333333333335,
        2.5,
        1.8333333333333333,
        2.5,
        2.5,
        2.8,
        2.272727272727273,
        3.0,
        1.6666666666666667,
        1.75,
        2.75,
        2.2777777777777777,
        2.2222222222222223,
        2.5,
        2.1666666666666665,
        3.1538461538461537,
        2.375,
        2.125
    ],
    "disconnected_workers": [
        0,
        0,
        0,
        0,
        0,
        0,
        0,
        0,
        0,
        0,
        0,
        0,
        0,
        0,
        0,
        0,
        0,
        0,
        0,
        0,
        0,
        0,
        0,
        0,
        0,
        0,
        0,
        0,
        0,
        0,
        0,
        0,
        0,
        0,
        0,
        0,
        0,
        0,
        0,
        0,
        0,
        0,
        0,
        0,
        0,
        0,
        0,
        0,
        0,
        0,
        0,
        0,
        0,
        0,
        0,
        0,
        0,
        0,
        0,
        0,
        0,
        0,
        0,
        0,
        0,
        0,
        0,
        0,
        0,
        0,
        0,
        0,
        0,
        0,
        0,
        0,
        0,
        0,
        0,
        0,
        0,
        0,
        0,
        0,
        0,
        0,
        0,
        0,
        0,
        0,
        0,
        0,
        0,
        0,
        0,
        0,
        0,
        0,
        0,
        0,
        0,
        0,
        0,
        0,
        0,
        0,
        0,
        0,
        0,
        0,
        0,
        0,
        0,
        0,
        0,
        0,
        0,
        0,
        0,
        0,
        0,
        0,
        0,
        0,
        0,
        0,
        0,
        0,
        0,
        0,
        0,
        0,
        0,
        0,
        0,
        0,
        0,
        0,
        0,
        0,
        0,
        0,
        0,
        0,
        0,
        0,
        0,
        0
    ],
    "file_name": "FBZ_0134.NEF",
    "hive_id": "c74977ac-e495-4ebb-8fe4-ec23d2971fbe",
    "hive_size_after_maintenance": [
        8,
        8,
        8,
        8,
        8,
        8,
        8,
        8,
        8,
        8,
        8,
        8,
        8,
        8,
        8,
        8,
        8,
        8,
        8,
        8,
        8,
        8,
        8,
        8,
        8,
        8,
        8,
        8,
        8,
        8,
        8,
        8,
        8,
        8,
        8,
        8,
        8,
        8,
        8,
        8,
        8,
        8,
        8,
        8,
        8,
        8,
        8,
        8,
        8,
        8,
        8,
        8,
        8,
        8,
        8,
        8,
        8,
        8,
        8,
        8,
        8,
        8,
        8,
        8,
        8,
        8,
        8,
        8,
        8,
        8,
        8,
        8,
        8,
        8,
        8,
        8,
        8,
        8,
        8,
        8,
        8,
        8,
        8,
        8,
        8,
        8,
        8,
        8,
        8,
        8,
        8,
        8,
        8,
        8,
        8,
        8,
        8,
        8,
        8,
        8,
        8,
        8,
        8,
        8,
        8,
        8,
        8,
        8,
        8,
        8,
        8,
        8,
        8,
        8,
        8,
        8,
        8,
        8,
        8,
        8,
        8,
        8,
        8,
        8,
        8,
        8,
        8,
        8,
        8,
        8,
        8,
        8,
        8,
        8,
        8,
        8,
        8,
        8,
        8,
        8,
        8,
        8,
        8,
        8,
        8,
        8,
        8,
        8
    ],
    "hive_size_before_maintenance": [
        8,
        8,
        8,
        8,
        8,
        8,
        8,
        8,
        8,
        8,
        8,
        8,
        8,
        8,
        8,
        8,
        8,
        8,
        8,
        8,
        8,
        8,
        8,
        8,
        8,
        8,
        8,
        8,
        8,
        8,
        8,
        8,
        8,
        8,
        8,
        8,
        8,
        8,
        8,
        8,
        8,
        8,
        8,
        8,
        8,
        8,
        8,
        8,
        8,
        8,
        8,
        8,
        8,
        8,
        8,
        8,
        8,
        8,
        8,
        8,
        8,
        8,
        8,
        8,
        8,
        8,
        8,
        8,
        8,
        8,
        8,
        8,
        8,
        8,
        8,
        8,
        8,
        8,
        8,
        8,
        8,
        8,
        8,
        8,
        8,
        8,
        8,
        8,
        8,
        8,
        8,
        8,
        8,
        8,
        8,
        8,
        8,
        8,
        8,
        8,
        8,
        8,
        8,
        8,
        8,
        8,
        8,
        8,
        8,
        8,
        8,
        8,
        8,
        8,
        8,
        8,
        8,
        8,
        8,
        8,
        8,
        8,
        8,
        8,
        8,
        8,
        8,
        8,
        8,
        8,
        8,
        8,
        8,
        8,
        8,
        8,
        8,
        8,
        8,
        8,
        8,
        8,
        8,
        8,
        8,
        8,
        8,
        8
    ],
    "hive_status_before_maintenance": [
        "stable",
        "stable",
        "stable",
        "stable",
        "stable",
        "stable",
        "stable",
        "stable",
        "stable",
        "stable",
        "stable",
        "stable",
        "stable",
        "stable",
        "stable",
        "stable",
        "stable",
        "stable",
        "stable",
        "stable",
        "stable",
        "stable",
        "stable",
        "stable",
        "stable",
        "stable",
        "stable",
        "stable",
        "stable",
        "stable",
        "stable",
        "stable",
        "stable",
        "stable",
        "stable",
        "stable",
        "stable",
        "stable",
        "stable",
        "stable",
        "stable",
        "stable",
        "stable",
        "stable",
        "stable",
        "stable",
        "stable",
        "stable",
        "stable",
        "stable",
        "stable",
        "stable",
        "stable",
        "stable",
        "stable",
        "stable",
        "stable",
        "stable",
        "stable",
        "stable",
        "stable",
        "stable",
        "stable",
        "stable",
        "stable",
        "stable",
        "stable",
        "stable",
        "stable",
        "stable",
        "stable",
        "stable",
        "stable",
        "stable",
        "stable",
        "stable",
        "stable",
        "stable",
        "stable",
        "stable",
        "stable",
        "stable",
        "stable",
        "stable",
        "stable",
        "stable",
        "stable",
        "stable",
        "stable",
        "stable",
        "stable",
        "stable",
        "stable",
        "stable",
        "stable",
        "stable",
        "stable",
        "stable",
        "stable",
        "stable",
        "stable",
        "stable",
        "stable",
        "stable",
        "stable",
        "stable",
        "stable",
        "stable",
        "stable",
        "stable",
        "stable",
        "stable",
        "stable",
        "stable",
        "stable",
        "stable",
        "stable",
        "stable",
        "stable",
        "stable",
        "stable",
        "stable",
        "stable",
        "stable",
        "stable",
        "stable",
        "stable",
        "stable",
        "stable",
        "stable",
        "stable",
        "stable",
        "stable",
        "stable",
        "stable",
        "stable",
        "stable",
        "stable",
        "stable",
        "stable",
        "stable",
        "stable",
        "stable",
        "stable",
        "stable",
        "stable",
        "stable",
        "stable"
    ],
    "initial_spread": "u",
    "largest_convergence_window": 0,
    "lost_messages": [
        35,
        40,
        45,
        38,
        42,
        37,
        42,
        48,
        35,
        36,
        41,
        34,
        44,
        38,
        56,
        45,
        42,
        36,
        45,
        49,
        50,
        31,
        34,
        52,
        37,
        46,
        49,
        44,
        45,
        36,
        46,
        40,
        35,
        37,
        33,
        46,
        41,
        39,
        28,
        40,
        51,
        34,
        44,
        35,
        32,
        44,
        31,
        35,
        40,
        46,
        38,
        41,
        43,
        34,
        38,
        52,
        45,
        44,
        46,
        43,
        42,
        46,
        34,
        37,
        41,
        34,
        42,
        40,
        46,
        42,
        40,
        32,
        39,
        40,
        35,
        48,
        44,
        42,
        46,
        34,
        36,
        42,
        35,
        43,
        39,
        52,
        38,
        33,
        41,
        38,
        26,
        47,
        41,
        36,
        49,
        50,
        34,
        62,
        28,
        34,
        42,
        42,
        35,
        35,
        48,
        43,
        46,
        22,
        44,
        48,
        31,
        40,
        48,
        31,
        46,
        47,
        37,
        36,
        33,
        43,
        33,
        37,
        44,
        55,
        43,
        43,
        35,
        46,
        32,
        48,
        41,
        36,
        36,
        42,
        48,
        51,
        35,
        43,
        45,
        45,
        39,
        40,
        53,
        48,
        56,
        40,
        33,
        48
    ],
    "lost_parts": [
        0,
        0,
        0,
        0,
        0,
        0,
        0,
        0,
        0,
        0,
        0,
        0,
        0,
        0,
        0,
        0,
        0,
        0,
        0,
        0,
        0,
        0,
        0,
        0,
        0,
        0,
        0,
        0,
        0,
        0,
        0,
        0,
        0,
        0,
        0,
        0,
        0,
        0,
        0,
        0,
        0,
        0,
        0,
        0,
        0,
        0,
        0,
        0,
        0,
        0,
        0,
        0,
        0,
        0,
        0,
        0,
        0,
        0,
        0,
        0,
        0,
        0,
        0,
        0,
        0,
        0,
        0,
        0,
        0,
        0,
        0,
        0,
        0,
        0,
        0,
        0,
        0,
        0,
        0,
        0,
        0,
        0,
        0,
        0,
        0,
        0,
        0,
        0,
        0,
        0,
        0,
        0,
        0,
        0,
        0,
        0,
        0,
        0,
        0,
        0,
        0,
        0,
        0,
        0,
        0,
        0,
        0,
        0,
        0,
        0,
        0,
        0,
        0,
        0,
        0,
        0,
        0,
        0,
        0,
        0,
        0,
        0,
        0,
        0,
        0,
        0,
        0,
        0,
        0,
        0,
        0,
        0,
        0,
        0,
        0,
        0,
        0,
        0,
        0,
        0,
        0,
        0,
        0,
        0,
        0,
        0,
        0,
        0
    ],
    "max_epochs": 720,
    "max_recovery_delay": 4,
    "min_recovery_delay": 1,
    "moved_parts": [
        1020,
        1067,
        1002,
        1021,
        1018,
        1059,
        1031,
        1043,
        1069,
        1038,
        1006,
        992,
        1069,
        1036,
        1046,
        1025,
        1095,
        1056,
        992,
        1044,
        1043,
        1052,
        1015,
        1013,
        1008,
        1059,
        1032,
        1031,
        1021,
        1059,
        1056,
        1010,
        961,
        1009,
        1063,
        995,
        1021,
        1048,
        1060,
        1032,
        998,
        1051,
        1090,
        983,
        1042,
        968,
        1000,
        1004,
        1024,
        1031,
        1034,
        989,
        1013,
        1052,
        1021,
        1048,
        1025,
        1062,
        1002,
        1016,
        1048,
        1017,
        1015,
        1052,
        993,
        1011,
        1002,
        1035,
        988,
        1036,
        1015,
        1057,
        1027,
        1011,
        1021,
        1030,
        1020,
        1043,
        1037,
        1028,
        1041,
        1005,
        989,
        1059,
        1023,
        1053,
        1004,
        1021,
        1027,
        1024,
        1060,
        1009,
        994,
        997,
        1067,
        1018,
        1027,
        1029,
        993,
        997,
        1031,
        1056,
        1012,
        1002,
        1026,
        1002,
        1010,
        1013,
        1006,
        1055,
        1032,
        1018,
        1037,
        1029,
        1063,
        972,
        1007,
        1021,
        975,
        1064,
        994,
        1050,
        994,
        1007,
        1052,
        1030,
        1011,
        1009,
        986,
        1033,
        1020,
        1077,
        1027,
        1036,
        1056,
        987,
        985,
        1049,
        971,
        995,
        1012,
        1032,
        1017,
        1011,
        1039,
        1032,
        995,
        1037
    ],
    "msg": [
        "lost all replicas of file part with id: FBZ_0134.NEF_#_314, and last loss was due to corruption"
    ],
    "original_hive_size": 8,
    "parts_in_hive": [
        1083,
        1081,
        1081,
        1081,
        1081,
        1081,
        1081,
        1079,
        1075,
        1074,
        1077,
        1079,
        1078,
        1076,
        1077,
        1077,
        1074,
        1075,
        1071,
        1070,
        1069,
        1071,
        1071,
        1069,
        1067,
        1073,
        1073,
        1074,
        1068,
        1065,
        1064,
        1064,
        1070,
        1072,
        1074,
        1074,
        1076,
        1073,
        1070,
        1073,
        1073,
        1071,
        1071,
        1074,
        1073,
        1072,
        1073,
        1070,
        1068,
        1071,
        1072,
        1073,
        1073,
        1074,
        1070,
        1066,
        1069,
        1067,
        1067,
        1063,
        1065,
        1066,
        1068,
        1064,
        1068,
        1068,
        1075,
        1071,
        1064,
        1061,
        1058,
        1068,
        1067,
        1060,
        1066,
        1067,
        1070,
        1067,
        1066,
        1072,
        1074,
        1065,
        1061,
        1062,
        1062,
        1065,
        1065,
        1060,
        1062,
        1062,
        1072,
        1070,
        1067,
        1064,
        1065,
        1063,
        1069,
        1067,
        1074,
        1072,
        1072,
        1067,
        1067,
        1070,
        1066,
        1059,
        1059,
        1061,
        1064,
        1057,
        1059,
        1060,
        1062,
        1066,
        1065,
        1070,
        1074,
        1071,
        1070,
        1065,
        1068,
        1072,
        1066,
        1065,
        1062,
        1060,
        1062,
        1067,
        1066,
        1067,
        1070,
        1070,
        1071,
        1071,
        1066,
        1069,
        1064,
        1062,
        1062,
        1064,
        1066,
        1057,
        1059,
        1057,
        1066,
        1060,
        1058,
        1057
    ],
    "read_size": 131072,
    "redundant_size": 14,
    "replication_level": 3,
    "simfile_name": "min4-mean78-std32-u.json",
    "successfull": false,
    "sufficient_size_threshold": 6,
    "terminated": 148
}
