{
    "channel_loss": 0.04,
    "convergence_set": [],
    "convergence_sets": [
        [
            2,
            3,
            4,
            5,
            6,
            7,
            8,
            9,
            10,
            11,
            12,
            13,
            14,
            15,
            16,
            17,
            18,
            19,
            20,
            21,
            22,
            23,
            24,
            25,
            26,
            27,
            28,
            29,
            30,
            31,
            32,
            33,
            34,
            35
        ],
        [
            39,
            40,
            41,
            42,
            43
        ],
        [
            46,
            47,
            48,
            49,
            50,
            51,
            52,
            53,
            54,
            55,
            56,
            57,
            58,
            59,
            60,
            61,
            62,
            63
        ],
        [
            66
        ],
        [
            69,
            70,
            71,
            72,
            73,
            74,
            75,
            76,
            77,
            78,
            79,
            80,
            81,
            82,
            83,
            84,
            85
        ],
        [
            88,
            89,
            90,
            91,
            92,
            93,
            94,
            95,
            96,
            97,
            98,
            99,
            100,
            101,
            102,
            103,
            104,
            105,
            106,
            107,
            108,
            109,
            110,
            111,
            112,
            113,
            114,
            115,
            116,
            117,
            118,
            119,
            120,
            121,
            122,
            123,
            124,
            125,
            126,
            127,
            128,
            129,
            130,
            131,
            132,
            133,
            134,
            135,
            136,
            137,
            138,
            139,
            140,
            141,
            142,
            143,
            144,
            145,
            146,
            147,
            148,
            149,
            150,
            151,
            152,
            153,
            154,
            155,
            156,
            157,
            158,
            159,
            160,
            161,
            162
        ],
        [
            165,
            166,
            167,
            168,
            169,
            170,
            171,
            172,
            173,
            174,
            175,
            176
        ],
        [
            179,
            180,
            181,
            182
        ],
        [
            185,
            186,
            187,
            188,
            189,
            190,
            191,
            192,
            193,
            194,
            195,
            196,
            197,
            198,
            199,
            200,
            201,
            202,
            203,
            204,
            205
        ],
        [
            210,
            211,
            212,
            213,
            214,
            215,
            216,
            217,
            218,
            219,
            220,
            221,
            222,
            223,
            224,
            225,
            226,
            227,
            228,
            229,
            230,
            231,
            232,
            233,
            234,
            235,
            236,
            237
        ],
        [
            246
        ]
    ],
    "convergence_treshold": 2,
    "corrupted_parts": [
        0,
        1,
        0,
        2,
        2,
        1,
        0,
        2,
        1,
        3,
        1,
        6,
        4,
        3,
        5,
        1,
        4,
        3,
        4,
        3,
        4,
        4,
        2,
        2,
        2,
        3,
        2,
        5,
        3,
        5,
        7,
        4,
        4,
        4,
        2,
        2,
        7,
        5,
        3,
        3,
        7,
        5,
        3,
        5,
        6,
        8,
        5,
        2,
        5,
        5,
        4,
        7,
        3,
        4,
        5,
        4,
        3,
        2,
        2,
        9,
        2,
        5,
        5,
        6,
        6,
        3,
        5,
        4,
        3,
        6,
        7,
        5,
        6,
        2,
        6,
        8,
        4,
        6,
        5,
        5,
        2,
        0,
        4,
        4,
        1,
        8,
        9,
        5,
        5,
        6,
        7,
        4,
        4,
        6,
        7,
        4,
        13,
        2,
        10,
        10,
        3,
        7,
        3,
        10,
        6,
        4,
        6,
        9,
        10,
        4,
        4,
        8,
        6,
        6,
        5,
        8,
        4,
        5,
        7,
        3,
        4,
        7,
        6,
        6,
        6,
        6,
        3,
        9,
        10,
        5,
        9,
        2,
        3,
        3,
        4,
        8,
        6,
        4,
        3,
        7,
        3,
        6,
        7,
        3,
        5,
        5,
        8,
        9,
        10,
        8,
        5,
        8,
        3,
        8,
        4,
        5,
        7,
        8,
        7,
        7,
        2,
        1,
        1,
        7,
        7,
        6,
        10,
        4,
        13,
        9,
        6,
        11,
        3,
        6,
        7,
        2,
        7,
        2,
        4,
        4,
        6,
        9,
        4,
        8,
        2,
        7,
        6,
        7,
        5,
        2,
        9,
        5,
        4,
        7,
        8,
        6,
        11,
        4,
        7,
        9,
        5,
        6,
        8,
        2,
        3,
        6,
        5,
        8,
        4,
        6,
        6,
        1,
        3,
        5,
        0,
        6,
        3,
        4,
        5,
        2,
        11,
        11,
        5,
        5,
        10,
        3,
        6,
        5,
        12,
        7,
        8,
        7,
        4,
        5,
        10,
        12,
        8,
        7,
        11,
        8,
        7,
        6,
        10,
        8,
        7,
        5,
        8,
        3,
        7,
        7,
        6,
        12,
        7,
        7,
        8,
        7,
        9,
        9,
        8,
        7,
        5,
        3,
        7,
        6,
        5,
        7,
        5,
        6,
        7,
        15,
        10
    ],
    "corruption_chance_tod": 0.00810989763624802,
    "critical_size_threshold": 3,
    "cswc": 0,
    "delay": [
        0,
        2.0,
        0,
        2.5,
        3.5,
        2.0,
        0,
        2.5,
        1.0,
        3.0,
        2.0,
        3.1666666666666665,
        3.25,
        3.0,
        2.6,
        4.0,
        2.75,
        3.0,
        2.5,
        3.3333333333333335,
        3.25,
        3.0,
        3.5,
        2.0,
        3.0,
        4.0,
        4.0,
        3.4,
        2.0,
        2.6,
        2.0,
        2.25,
        2.25,
        2.5,
        1.0,
        3.0,
        1.8571428571428572,
        2.0,
        3.3333333333333335,
        2.3333333333333335,
        2.7142857142857144,
        2.8,
        3.6666666666666665,
        2.0,
        1.1666666666666667,
        2.125,
        2.4,
        2.5,
        2.2,
        1.4,
        2.0,
        2.857142857142857,
        3.3333333333333335,
        2.5,
        2.8,
        2.5,
        4.0,
        2.5,
        3.0,
        2.5555555555555554,
        3.0,
        3.2,
        2.2,
        2.8333333333333335,
        3.0,
        3.0,
        2.0,
        2.5,
        2.0,
        2.6666666666666665,
        2.5714285714285716,
        2.2,
        3.0,
        3.0,
        2.0,
        2.625,
        2.0,
        3.3333333333333335,
        2.0,
        1.6,
        2.5,
        0,
        1.5,
        1.5,
        4.0,
        2.375,
        2.2222222222222223,
        2.2,
        3.0,
        1.8333333333333333,
        3.142857142857143,
        2.25,
        2.5,
        2.5,
        2.0,
        2.25,
        1.7692307692307692,
        2.5,
        2.8,
        2.7,
        2.3333333333333335,
        1.5714285714285714,
        3.0,
        2.6,
        2.5,
        1.75,
        2.3333333333333335,
        2.4444444444444446,
        2.5,
        2.75,
        1.75,
        2.625,
        2.1666666666666665,
        1.8333333333333333,
        1.8,
        2.625,
        3.5,
        2.0,
        2.7142857142857144,
        2.6666666666666665,
        1.25,
        1.5714285714285714,
        1.6666666666666667,
        2.6666666666666665,
        2.0,
        2.6666666666666665,
        2.6666666666666665,
        2.6666666666666665,
        2.0,
        2.4,
        2.2222222222222223,
        3.5,
        2.3333333333333335,
        2.0,
        2.5,
        1.875,
        2.3333333333333335,
        3.25,
        3.3333333333333335,
        2.4285714285714284,
        2.0,
        2.3333333333333335,
        1.4285714285714286,
        2.0,
        2.8,
        1.8,
        1.5,
        2.111111111111111,
        2.0,
        2.5,
        2.4,
        2.375,
        3.6666666666666665,
        3.25,
        3.25,
        2.4,
        3.0,
        2.75,
        2.4285714285714284,
        2.4285714285714284,
        2.5,
        2.0,
        4.0,
        2.2857142857142856,
        1.8571428571428572,
        2.5,
        3.2,
        1.75,
        2.923076923076923,
        2.0,
        2.0,
        2.0,
        2.6666666666666665,
        2.5,
        2.5714285714285716,
        1.0,
        1.8571428571428572,
        3.5,
        2.5,
        3.25,
        3.0,
        2.4444444444444446,
        3.0,
        2.125,
        3.5,
        1.8571428571428572,
        3.0,
        2.142857142857143,
        2.4,
        3.0,
        2.5555555555555554,
        2.2,
        3.25,
        2.2857142857142856,
        2.25,
        2.5,
        2.272727272727273,
        3.0,
        2.2857142857142856,
        2.2222222222222223,
        3.0,
        3.0,
        2.0,
        3.0,
        2.3333333333333335,
        2.0,
        2.6,
        2.375,
        2.75,
        1.6666666666666667,
        2.5,
        2.0,
        3.0,
        2.0,
        0,
        2.6666666666666665,
        2.0,
        3.0,
        3.0,
        3.0,
        3.090909090909091,
        2.1818181818181817,
        2.0,
        2.2,
        2.5,
        3.0,
        1.6666666666666667,
        2.4,
        2.5833333333333335,
        2.142857142857143,
        2.625,
        2.2857142857142856,
        2.75,
        3.0,
        2.5,
        2.3333333333333335,
        2.742574257425743,
        1.8571428571428572,
        2.090909090909091,
        1.75,
        2.5714285714285716,
        2.8333333333333335,
        2.6,
        2.75,
        3.142857142857143,
        2.6,
        2.625,
        3.0,
        2.7142857142857144,
        3.0,
        3.0,
        1.8333333333333333,
        1.5714285714285714,
        2.2857142857142856,
        2.0,
        2.4285714285714284,
        2.3333333333333335,
        2.5555555555555554,
        2.125,
        3.142857142857143,
        3.2,
        1.3333333333333333,
        2.4285714285714284,
        3.1666666666666665,
        2.8,
        2.5714285714285716,
        2.8,
        2.1666666666666665,
        3.0,
        2.0,
        1.7777777777777777
    ],
    "disconnected_workers": [
        0,
        0,
        0,
        0,
        0,
        0,
        0,
        0,
        0,
        0,
        0,
        0,
        0,
        0,
        0,
        0,
        0,
        0,
        0,
        0,
        0,
        0,
        0,
        0,
        0,
        0,
        0,
        0,
        0,
        0,
        0,
        0,
        0,
        0,
        0,
        0,
        0,
        0,
        0,
        0,
        0,
        0,
        0,
        0,
        0,
        0,
        0,
        0,
        0,
        0,
        0,
        0,
        0,
        0,
        0,
        0,
        0,
        0,
        0,
        0,
        0,
        0,
        0,
        0,
        0,
        0,
        0,
        0,
        0,
        0,
        0,
        0,
        0,
        0,
        0,
        0,
        0,
        0,
        0,
        0,
        0,
        0,
        0,
        0,
        0,
        0,
        0,
        0,
        0,
        0,
        0,
        0,
        0,
        0,
        0,
        0,
        0,
        0,
        0,
        0,
        0,
        0,
        0,
        0,
        0,
        0,
        0,
        0,
        0,
        0,
        0,
        0,
        0,
        0,
        0,
        0,
        0,
        0,
        0,
        0,
        0,
        0,
        0,
        0,
        0,
        0,
        0,
        0,
        0,
        0,
        0,
        0,
        0,
        0,
        0,
        0,
        0,
        0,
        0,
        0,
        0,
        0,
        0,
        0,
        0,
        0,
        0,
        0,
        0,
        0,
        0,
        0,
        0,
        0,
        0,
        0,
        0,
        0,
        0,
        0,
        0,
        0,
        0,
        0,
        0,
        0,
        0,
        0,
        0,
        0,
        0,
        0,
        0,
        0,
        0,
        0,
        0,
        0,
        0,
        0,
        0,
        0,
        0,
        0,
        0,
        0,
        0,
        0,
        0,
        0,
        0,
        0,
        0,
        0,
        0,
        0,
        0,
        0,
        0,
        0,
        0,
        0,
        0,
        0,
        0,
        0,
        0,
        0,
        0,
        0,
        0,
        0,
        0,
        0,
        0,
        0,
        0,
        0,
        0,
        0,
        0,
        0,
        0,
        0,
        0,
        0,
        0,
        0,
        0,
        0,
        0,
        0,
        0,
        0,
        0,
        0,
        1,
        0,
        0,
        0,
        0,
        0,
        0,
        0,
        0,
        0,
        0,
        0,
        0,
        0,
        0,
        0,
        0,
        0,
        0,
        0,
        0,
        0,
        0,
        0,
        0,
        0,
        0,
        0,
        0,
        0,
        0,
        0,
        0,
        0,
        0
    ],
    "file_name": "FBZ_0134.NEF",
    "hive_id": "7992fd0d-9540-44d7-a418-29d931177e52",
    "hive_size_after_maintenance": [
        8,
        8,
        8,
        8,
        8,
        8,
        8,
        8,
        8,
        8,
        8,
        8,
        8,
        8,
        8,
        8,
        8,
        8,
        8,
        8,
        8,
        8,
        8,
        8,
        8,
        8,
        8,
        8,
        8,
        8,
        8,
        8,
        8,
        8,
        8,
        8,
        8,
        8,
        8,
        8,
        8,
        8,
        8,
        8,
        8,
        8,
        8,
        8,
        8,
        8,
        8,
        8,
        8,
        8,
        8,
        8,
        8,
        8,
        8,
        8,
        8,
        8,
        8,
        8,
        8,
        8,
        8,
        8,
        8,
        8,
        8,
        8,
        8,
        8,
        8,
        8,
        8,
        8,
        8,
        8,
        8,
        8,
        8,
        8,
        8,
        8,
        8,
        8,
        8,
        8,
        8,
        8,
        8,
        8,
        8,
        8,
        8,
        8,
        8,
        8,
        8,
        8,
        8,
        8,
        8,
        8,
        8,
        8,
        8,
        8,
        8,
        8,
        8,
        8,
        8,
        8,
        8,
        8,
        8,
        8,
        8,
        8,
        8,
        8,
        8,
        8,
        8,
        8,
        8,
        8,
        8,
        8,
        8,
        8,
        8,
        8,
        8,
        8,
        8,
        8,
        8,
        8,
        8,
        8,
        8,
        8,
        8,
        8,
        8,
        8,
        8,
        8,
        8,
        8,
        8,
        8,
        8,
        8,
        8,
        8,
        8,
        8,
        8,
        8,
        8,
        8,
        8,
        8,
        8,
        8,
        8,
        8,
        8,
        8,
        8,
        8,
        8,
        8,
        8,
        8,
        8,
        8,
        8,
        8,
        8,
        8,
        8,
        8,
        8,
        8,
        8,
        8,
        8,
        8,
        8,
        8,
        8,
        8,
        8,
        8,
        8,
        8,
        8,
        8,
        8,
        8,
        8,
        8,
        8,
        8,
        8,
        8,
        8,
        8,
        8,
        8,
        8,
        8,
        8,
        8,
        8,
        8,
        8,
        8,
        8,
        8,
        8,
        8,
        8,
        8,
        8,
        8,
        8,
        8,
        8,
        8,
        8,
        8,
        8,
        8,
        8,
        8,
        8,
        8,
        8,
        8,
        8,
        8,
        8,
        8,
        8,
        8,
        8,
        8,
        8,
        8,
        8,
        8,
        8,
        8,
        8,
        8,
        8,
        8,
        8,
        8,
        8,
        8,
        8,
        8,
        8
    ],
    "hive_size_before_maintenance": [
        8,
        8,
        8,
        8,
        8,
        8,
        8,
        8,
        8,
        8,
        8,
        8,
        8,
        8,
        8,
        8,
        8,
        8,
        8,
        8,
        8,
        8,
        8,
        8,
        8,
        8,
        8,
        8,
        8,
        8,
        8,
        8,
        8,
        8,
        8,
        8,
        8,
        8,
        8,
        8,
        8,
        8,
        8,
        8,
        8,
        8,
        8,
        8,
        8,
        8,
        8,
        8,
        8,
        8,
        8,
        8,
        8,
        8,
        8,
        8,
        8,
        8,
        8,
        8,
        8,
        8,
        8,
        8,
        8,
        8,
        8,
        8,
        8,
        8,
        8,
        8,
        8,
        8,
        8,
        8,
        8,
        8,
        8,
        8,
        8,
        8,
        8,
        8,
        8,
        8,
        8,
        8,
        8,
        8,
        8,
        8,
        8,
        8,
        8,
        8,
        8,
        8,
        8,
        8,
        8,
        8,
        8,
        8,
        8,
        8,
        8,
        8,
        8,
        8,
        8,
        8,
        8,
        8,
        8,
        8,
        8,
        8,
        8,
        8,
        8,
        8,
        8,
        8,
        8,
        8,
        8,
        8,
        8,
        8,
        8,
        8,
        8,
        8,
        8,
        8,
        8,
        8,
        8,
        8,
        8,
        8,
        8,
        8,
        8,
        8,
        8,
        8,
        8,
        8,
        8,
        8,
        8,
        8,
        8,
        8,
        8,
        8,
        8,
        8,
        8,
        8,
        8,
        8,
        8,
        8,
        8,
        8,
        8,
        8,
        8,
        8,
        8,
        8,
        8,
        8,
        8,
        8,
        8,
        8,
        8,
        8,
        8,
        8,
        8,
        8,
        8,
        8,
        8,
        8,
        8,
        8,
        8,
        8,
        8,
        8,
        8,
        8,
        8,
        8,
        8,
        8,
        8,
        8,
        8,
        8,
        8,
        8,
        8,
        8,
        8,
        8,
        8,
        8,
        8,
        8,
        8,
        8,
        8,
        8,
        8,
        8,
        8,
        8,
        8,
        8,
        8,
        8,
        8,
        8,
        8,
        8,
        7,
        8,
        8,
        8,
        8,
        8,
        8,
        8,
        8,
        8,
        8,
        8,
        8,
        8,
        8,
        8,
        8,
        8,
        8,
        8,
        8,
        8,
        8,
        8,
        8,
        8,
        8,
        8,
        8,
        8,
        8,
        8,
        8,
        8,
        8
    ],
    "hive_status_before_maintenance": [
        "stable",
        "stable",
        "stable",
        "stable",
        "stable",
        "stable",
        "stable",
        "stable",
        "stable",
        "stable",
        "stable",
        "stable",
        "stable",
        "stable",
        "stable",
        "stable",
        "stable",
        "stable",
        "stable",
        "stable",
        "stable",
        "stable",
        "stable",
        "stable",
        "stable",
        "stable",
        "stable",
        "stable",
        "stable",
        "stable",
        "stable",
        "stable",
        "stable",
        "stable",
        "stable",
        "stable",
        "stable",
        "stable",
        "stable",
        "stable",
        "stable",
        "stable",
        "stable",
        "stable",
        "stable",
        "stable",
        "stable",
        "stable",
        "stable",
        "stable",
        "stable",
        "stable",
        "stable",
        "stable",
        "stable",
        "stable",
        "stable",
        "stable",
        "stable",
        "stable",
        "stable",
        "stable",
        "stable",
        "stable",
        "stable",
        "stable",
        "stable",
        "stable",
        "stable",
        "stable",
        "stable",
        "stable",
        "stable",
        "stable",
        "stable",
        "stable",
        "stable",
        "stable",
        "stable",
        "stable",
        "stable",
        "stable",
        "stable",
        "stable",
        "stable",
        "stable",
        "stable",
        "stable",
        "stable",
        "stable",
        "stable",
        "stable",
        "stable",
        "stable",
        "stable",
        "stable",
        "stable",
        "stable",
        "stable",
        "stable",
        "stable",
        "stable",
        "stable",
        "stable",
        "stable",
        "stable",
        "stable",
        "stable",
        "stable",
        "stable",
        "stable",
        "stable",
        "stable",
        "stable",
        "stable",
        "stable",
        "stable",
        "stable",
        "stable",
        "stable",
        "stable",
        "stable",
        "stable",
        "stable",
        "stable",
        "stable",
        "stable",
        "stable",
        "stable",
        "stable",
        "stable",
        "stable",
        "stable",
        "stable",
        "stable",
        "stable",
        "stable",
        "stable",
        "stable",
        "stable",
        "stable",
        "stable",
        "stable",
        "stable",
        "stable",
        "stable",
        "stable",
        "stable",
        "stable",
        "stable",
        "stable",
        "stable",
        "stable",
        "stable",
        "stable",
        "stable",
        "stable",
        "stable",
        "stable",
        "stable",
        "stable",
        "stable",
        "stable",
        "stable",
        "stable",
        "stable",
        "stable",
        "stable",
        "stable",
        "stable",
        "stable",
        "stable",
        "stable",
        "stable",
        "stable",
        "stable",
        "stable",
        "stable",
        "stable",
        "stable",
        "stable",
        "stable",
        "stable",
        "stable",
        "stable",
        "stable",
        "stable",
        "stable",
        "stable",
        "stable",
        "stable",
        "stable",
        "stable",
        "stable",
        "stable",
        "stable",
        "stable",
        "stable",
        "stable",
        "stable",
        "stable",
        "stable",
        "stable",
        "stable",
        "stable",
        "stable",
        "stable",
        "stable",
        "stable",
        "stable",
        "stable",
        "stable",
        "stable",
        "stable",
        "stable",
        "stable",
        "stable",
        "stable",
        "stable",
        "stable",
        "stable",
        "stable",
        "stable",
        "stable",
        "stable",
        "stable",
        "stable",
        "stable",
        "stable",
        "stable",
        "stable",
        "stable",
        "stable",
        "stable",
        "stable",
        "stable",
        "sufficient",
        "stable",
        "stable",
        "stable",
        "stable",
        "stable",
        "stable",
        "stable",
        "stable",
        "stable",
        "stable",
        "stable",
        "stable",
        "stable",
        "stable",
        "stable",
        "stable",
        "stable",
        "stable",
        "stable",
        "stable",
        "stable",
        "stable",
        "stable",
        "stable",
        "stable",
        "stable",
        "stable",
        "stable",
        "stable",
        "stable",
        "stable",
        "stable",
        "stable",
        "stable"
    ],
    "initial_spread": "u",
    "largest_convergence_window": 75,
    "lost_messages": [
        39,
        34,
        37,
        43,
        31,
        24,
        35,
        30,
        33,
        32,
        28,
        33,
        37,
        34,
        39,
        44,
        33,
        38,
        39,
        32,
        37,
        20,
        32,
        39,
        31,
        31,
        47,
        29,
        28,
        34,
        35,
        24,
        36,
        31,
        31,
        32,
        34,
        31,
        39,
        35,
        36,
        39,
        37,
        25,
        33,
        28,
        26,
        46,
        28,
        32,
        30,
        36,
        32,
        38,
        37,
        29,
        45,
        38,
        36,
        32,
        36,
        34,
        29,
        39,
        28,
        35,
        47,
        27,
        35,
        30,
        33,
        36,
        35,
        35,
        36,
        22,
        29,
        37,
        33,
        30,
        43,
        25,
        31,
        37,
        33,
        34,
        38,
        35,
        41,
        35,
        31,
        33,
        25,
        27,
        27,
        43,
        37,
        42,
        30,
        33,
        26,
        38,
        32,
        40,
        32,
        34,
        42,
        33,
        31,
        33,
        30,
        35,
        26,
        29,
        24,
        29,
        29,
        37,
        32,
        28,
        28,
        33,
        29,
        30,
        29,
        15,
        32,
        27,
        24,
        25,
        29,
        32,
        24,
        45,
        31,
        38,
        29,
        35,
        35,
        40,
        28,
        32,
        28,
        34,
        26,
        30,
        31,
        34,
        30,
        32,
        23,
        25,
        40,
        31,
        26,
        35,
        39,
        22,
        35,
        27,
        33,
        33,
        24,
        39,
        25,
        31,
        21,
        37,
        35,
        37,
        34,
        25,
        40,
        40,
        35,
        41,
        46,
        26,
        27,
        29,
        35,
        41,
        48,
        38,
        39,
        26,
        31,
        38,
        33,
        37,
        37,
        29,
        27,
        38,
        41,
        37,
        30,
        35,
        39,
        19,
        26,
        31,
        33,
        31,
        33,
        28,
        46,
        40,
        42,
        45,
        33,
        35,
        21,
        30,
        30,
        27,
        32,
        37,
        27,
        35,
        29,
        35,
        38,
        37,
        25,
        32,
        36,
        28,
        34,
        24,
        39,
        39,
        43,
        23,
        39,
        40,
        26,
        38,
        40,
        44,
        33,
        39,
        33,
        30,
        38,
        41,
        40,
        40,
        37,
        54,
        35,
        40,
        41,
        50,
        45,
        38,
        34,
        35,
        48,
        41,
        39,
        35,
        36,
        33,
        36,
        41,
        42,
        35,
        41,
        32,
        36
    ],
    "lost_parts": [
        0,
        0,
        0,
        0,
        0,
        0,
        0,
        0,
        0,
        0,
        0,
        0,
        0,
        0,
        0,
        0,
        0,
        0,
        0,
        0,
        0,
        0,
        0,
        0,
        0,
        0,
        0,
        0,
        0,
        0,
        0,
        0,
        0,
        0,
        0,
        0,
        0,
        0,
        0,
        0,
        0,
        0,
        0,
        0,
        0,
        0,
        0,
        0,
        0,
        0,
        0,
        0,
        0,
        0,
        0,
        0,
        0,
        0,
        0,
        0,
        0,
        0,
        0,
        0,
        0,
        0,
        0,
        0,
        0,
        0,
        0,
        0,
        0,
        0,
        0,
        0,
        0,
        0,
        0,
        0,
        0,
        0,
        0,
        0,
        0,
        0,
        0,
        0,
        0,
        0,
        0,
        0,
        0,
        0,
        0,
        0,
        0,
        0,
        0,
        0,
        0,
        0,
        0,
        0,
        0,
        0,
        0,
        0,
        0,
        0,
        0,
        0,
        0,
        0,
        0,
        0,
        0,
        0,
        0,
        0,
        0,
        0,
        0,
        0,
        0,
        0,
        0,
        0,
        0,
        0,
        0,
        0,
        0,
        0,
        0,
        0,
        0,
        0,
        0,
        0,
        0,
        0,
        0,
        0,
        0,
        0,
        0,
        0,
        0,
        0,
        0,
        0,
        0,
        0,
        0,
        0,
        0,
        0,
        0,
        0,
        0,
        0,
        0,
        0,
        0,
        0,
        0,
        0,
        0,
        0,
        0,
        0,
        0,
        0,
        0,
        0,
        0,
        0,
        0,
        0,
        0,
        0,
        0,
        0,
        0,
        0,
        0,
        0,
        0,
        0,
        0,
        0,
        0,
        0,
        0,
        0,
        0,
        0,
        0,
        0,
        0,
        0,
        0,
        0,
        0,
        0,
        0,
        0,
        0,
        0,
        0,
        0,
        0,
        0,
        0,
        0,
        0,
        0,
        0,
        0,
        0,
        0,
        0,
        0,
        0,
        0,
        0,
        0,
        0,
        0,
        0,
        0,
        0,
        0,
        0,
        0,
        93,
        0,
        0,
        0,
        0,
        0,
        0,
        0,
        0,
        0,
        0,
        0,
        0,
        0,
        0,
        0,
        0,
        0,
        0,
        0,
        0,
        0,
        0,
        0,
        0,
        0,
        0,
        0,
        0,
        0,
        0,
        0,
        0,
        0,
        0
    ],
    "max_epochs": 720,
    "max_recovery_delay": 4,
    "min_recovery_delay": 1,
    "moved_parts": [
        775,
        834,
        812,
        787,
        849,
        792,
        797,
        800,
        817,
        828,
        848,
        765,
        829,
        823,
        823,
        822,
        797,
        818,
        829,
        769,
        797,
        816,
        777,
        847,
        820,
        837,
        831,
        818,
        794,
        815,
        802,
        777,
        830,
        798,
        809,
        849,
        806,
        804,
        813,
        811,
        770,
        811,
        793,
        819,
        865,
        814,
        786,
        816,
        844,
        782,
        837,
        832,
        806,
        859,
        808,
        807,
        820,
        794,
        824,
        860,
        837,
        812,
        783,
        826,
        833,
        792,
        797,
        813,
        795,
        831,
        810,
        853,
        803,
        794,
        836,
        782,
        813,
        835,
        815,
        822,
        864,
        809,
        842,
        812,
        802,
        823,
        831,
        819,
        795,
        806,
        825,
        791,
        779,
        856,
        800,
        848,
        807,
        801,
        806,
        845,
        818,
        776,
        834,
        828,
        825,
        804,
        846,
        816,
        761,
        816,
        792,
        836,
        819,
        836,
        847,
        867,
        816,
        856,
        815,
        835,
        788,
        823,
        793,
        788,
        833,
        808,
        819,
        833,
        772,
        823,
        770,
        847,
        796,
        840,
        820,
        818,
        815,
        807,
        816,
        818,
        830,
        820,
        794,
        813,
        821,
        818,
        847,
        835,
        800,
        807,
        786,
        801,
        819,
        807,
        797,
        847,
        817,
        824,
        805,
        817,
        802,
        840,
        786,
        803,
        818,
        827,
        846,
        799,
        805,
        851,
        830,
        810,
        831,
        814,
        798,
        823,
        812,
        809,
        858,
        795,
        794,
        770,
        832,
        833,
        796,
        795,
        831,
        786,
        837,
        849,
        815,
        802,
        865,
        845,
        827,
        832,
        800,
        804,
        784,
        790,
        816,
        819,
        799,
        834,
        846,
        822,
        853,
        834,
        827,
        842,
        812,
        817,
        795,
        819,
        787,
        852,
        810,
        794,
        796,
        822,
        824,
        790,
        796,
        822,
        818,
        766,
        786,
        799,
        821,
        799,
        805,
        834,
        838,
        813,
        800,
        822,
        738,
        963,
        950,
        969,
        970,
        925,
        934,
        967,
        913,
        947,
        983,
        954,
        973,
        977,
        978,
        925,
        1005,
        964,
        968,
        962,
        963,
        935,
        945,
        975,
        992,
        1005,
        995,
        982,
        941,
        925,
        967,
        958,
        934,
        1007,
        911
    ],
    "msg": [
        "lost all replicas of file part with id: FBZ_0134.NEF_#_72, and last loss was due to corruption"
    ],
    "original_hive_size": 8,
    "parts_in_hive": [
        1083,
        1082,
        1082,
        1081,
        1080,
        1079,
        1079,
        1080,
        1081,
        1079,
        1079,
        1074,
        1072,
        1071,
        1069,
        1076,
        1073,
        1074,
        1074,
        1072,
        1073,
        1071,
        1073,
        1074,
        1077,
        1076,
        1077,
        1072,
        1070,
        1070,
        1068,
        1071,
        1074,
        1073,
        1075,
        1079,
        1074,
        1072,
        1076,
        1074,
        1072,
        1069,
        1071,
        1070,
        1069,
        1071,
        1072,
        1075,
        1072,
        1073,
        1075,
        1072,
        1073,
        1072,
        1069,
        1072,
        1072,
        1074,
        1076,
        1068,
        1072,
        1071,
        1071,
        1068,
        1067,
        1071,
        1069,
        1072,
        1072,
        1074,
        1069,
        1069,
        1070,
        1072,
        1069,
        1069,
        1068,
        1070,
        1068,
        1070,
        1074,
        1080,
        1078,
        1078,
        1079,
        1074,
        1067,
        1068,
        1068,
        1069,
        1069,
        1069,
        1071,
        1070,
        1068,
        1072,
        1062,
        1073,
        1069,
        1061,
        1065,
        1065,
        1075,
        1067,
        1066,
        1069,
        1069,
        1069,
        1066,
        1067,
        1066,
        1069,
        1069,
        1069,
        1069,
        1070,
        1071,
        1070,
        1067,
        1070,
        1072,
        1072,
        1074,
        1074,
        1070,
        1069,
        1071,
        1068,
        1063,
        1067,
        1065,
        1071,
        1072,
        1074,
        1075,
        1070,
        1071,
        1073,
        1073,
        1069,
        1069,
        1070,
        1070,
        1076,
        1074,
        1073,
        1068,
        1069,
        1065,
        1067,
        1068,
        1065,
        1070,
        1068,
        1067,
        1065,
        1066,
        1066,
        1064,
        1064,
        1068,
        1077,
        1080,
        1074,
        1071,
        1070,
        1064,
        1067,
        1058,
        1057,
        1063,
        1059,
        1074,
        1070,
        1067,
        1071,
        1071,
        1076,
        1075,
        1074,
        1070,
        1064,
        1066,
        1065,
        1072,
        1069,
        1071,
        1068,
        1068,
        1072,
        1069,
        1068,
        1070,
        1069,
        1064,
        1070,
        1062,
        1067,
        1065,
        1065,
        1068,
        1069,
        1065,
        1071,
        1071,
        1073,
        1071,
        1070,
        1071,
        1067,
        1070,
        1074,
        1077,
        1074,
        1077,
        1076,
        1075,
        1073,
        1071,
        1074,
        1065,
        1057,
        1063,
        1067,
        1067,
        1069,
        1067,
        1071,
        1066,
        1064,
        1063,
        1065,
        1068,
        1070,
        1066,
        1058,
        966,
        984,
        1011,
        1034,
        1067,
        1068,
        1064,
        1061,
        1061,
        1065,
        1064,
        1067,
        1067,
        1069,
        1065,
        1057,
        1064,
        1068,
        1066,
        1069,
        1066,
        1061,
        1063,
        1066,
        1066,
        1069,
        1067,
        1070,
        1070,
        1065,
        1067,
        1066,
        1066,
        1058,
        1060
    ],
    "read_size": 131072,
    "redundant_size": 14,
    "replication_level": 3,
    "simfile_name": "min4-mean78-std32-u.json",
    "successfull": false,
    "sufficient_size_threshold": 6,
    "terminated": 271
}
