{
    "channel_loss": 0.04,
    "convergence_set": [
        2,
        3,
        4,
        5,
        6,
        7,
        8,
        9,
        10,
        11,
        12,
        13,
        14,
        15,
        16,
        17,
        18,
        19,
        20,
        21,
        22,
        23,
        24,
        25,
        26,
        27,
        28,
        29,
        30,
        31,
        32,
        33,
        34,
        35,
        36,
        37,
        38,
        39,
        40,
        41,
        42,
        43,
        44,
        45,
        46,
        47,
        48,
        49,
        50,
        51,
        52,
        53,
        54,
        55,
        56,
        57,
        58,
        59,
        60,
        61,
        62,
        63,
        64,
        65,
        66,
        67,
        68,
        69,
        70,
        71,
        72,
        73,
        74,
        75,
        76,
        77,
        78,
        79,
        80,
        81,
        82,
        83,
        84,
        85,
        86,
        87,
        88,
        89,
        90,
        91,
        92,
        93,
        94,
        95,
        96,
        97,
        98,
        99,
        100,
        101,
        102,
        103,
        104,
        105,
        106,
        107,
        108,
        109,
        110,
        111,
        112,
        113,
        114,
        115,
        116,
        117,
        118,
        119,
        120,
        121,
        122,
        123,
        124,
        125,
        126,
        127,
        128,
        129,
        130,
        131,
        132,
        133,
        134,
        135,
        136,
        137,
        138,
        139,
        140,
        141,
        142,
        143,
        144
    ],
    "convergence_sets": [],
    "convergence_treshold": 2,
    "corrupted_parts": [
        0,
        2,
        1,
        0,
        2,
        3,
        5,
        5,
        2,
        4,
        2,
        5,
        4,
        3,
        8,
        9,
        4,
        2,
        9,
        5,
        4,
        4,
        5,
        3,
        11,
        7,
        8,
        6,
        7,
        9,
        7,
        10,
        5,
        5,
        6,
        7,
        6,
        4,
        6,
        9,
        3,
        10,
        10,
        4,
        4,
        9,
        10,
        9,
        11,
        9,
        6,
        7,
        12,
        10,
        10,
        7,
        5,
        9,
        5,
        11,
        5,
        9,
        6,
        13,
        5,
        9,
        6,
        9,
        3,
        7,
        11,
        5,
        11,
        10,
        13,
        7,
        10,
        5,
        10,
        6,
        8,
        10,
        10,
        9,
        13,
        7,
        8,
        11,
        9,
        11,
        8,
        12,
        14,
        10,
        10,
        6,
        3,
        9,
        7,
        6,
        8,
        6,
        8,
        5,
        12,
        12,
        7,
        7,
        15,
        11,
        10,
        6,
        6,
        6,
        9,
        0,
        15,
        7,
        5,
        7,
        7,
        13,
        9,
        8,
        14,
        4,
        11,
        6,
        12,
        7,
        13,
        5,
        15,
        12,
        13,
        8,
        8,
        13,
        1,
        7,
        12,
        9,
        9,
        11
    ],
    "corruption_chance_tod": 0.007194541640317499,
    "critical_size_threshold": 3,
    "cswc": 144,
    "delay": [
        0,
        2.0,
        1.0,
        0,
        3.0,
        3.6666666666666665,
        2.4,
        2.8,
        1.0,
        3.5,
        3.5,
        2.4,
        3.0,
        2.6666666666666665,
        2.375,
        2.111111111111111,
        2.5,
        1.5,
        2.7777777777777777,
        2.0,
        2.5,
        2.75,
        2.4,
        3.3333333333333335,
        2.909090909090909,
        1.8571428571428572,
        2.875,
        2.8333333333333335,
        2.7142857142857144,
        3.111111111111111,
        3.4285714285714284,
        3.1,
        2.4,
        3.2,
        1.5,
        2.2857142857142856,
        2.1666666666666665,
        1.75,
        2.1666666666666665,
        2.3333333333333335,
        2.3333333333333335,
        2.6,
        2.3,
        3.75,
        2.25,
        2.4444444444444446,
        2.8,
        2.0,
        2.6363636363636362,
        3.2222222222222223,
        3.0,
        2.857142857142857,
        2.0833333333333335,
        2.4,
        3.4,
        2.2857142857142856,
        1.6,
        2.3333333333333335,
        2.6,
        2.1818181818181817,
        3.0,
        2.2222222222222223,
        2.0,
        1.6923076923076923,
        2.8,
        2.7777777777777777,
        2.6666666666666665,
        2.2222222222222223,
        4.0,
        2.7142857142857144,
        2.5454545454545454,
        3.2,
        2.0,
        2.5,
        2.3846153846153846,
        2.142857142857143,
        2.8,
        3.0,
        2.5,
        1.8333333333333333,
        2.5,
        2.6,
        3.0,
        2.2222222222222223,
        2.5384615384615383,
        2.5714285714285716,
        2.625,
        2.5454545454545454,
        2.3333333333333335,
        2.0,
        2.25,
        2.1666666666666665,
        2.2142857142857144,
        3.3,
        2.9,
        2.0,
        3.0,
        2.5555555555555554,
        2.4285714285714284,
        2.6666666666666665,
        2.25,
        3.0,
        2.875,
        1.8,
        2.4166666666666665,
        2.8333333333333335,
        2.2857142857142856,
        2.857142857142857,
        2.2,
        2.909090909090909,
        2.8,
        2.3333333333333335,
        2.1666666666666665,
        3.0,
        3.111111111111111,
        0,
        1.9333333333333333,
        2.4285714285714284,
        2.0,
        2.857142857142857,
        2.857142857142857,
        2.3076923076923075,
        2.3333333333333335,
        2.375,
        2.642857142857143,
        2.5,
        2.8181818181818183,
        2.5,
        2.4166666666666665,
        1.5714285714285714,
        2.769230769230769,
        1.8,
        2.6666666666666665,
        2.1666666666666665,
        2.6923076923076925,
        2.625,
        3.0,
        2.5384615384615383,
        4.0,
        2.5714285714285716,
        2.5833333333333335,
        2.3333333333333335,
        2.3333333333333335,
        2.4
    ],
    "disconnected_workers": [
        0,
        0,
        0,
        0,
        0,
        0,
        0,
        0,
        0,
        0,
        0,
        0,
        0,
        0,
        0,
        0,
        0,
        0,
        0,
        0,
        0,
        0,
        0,
        0,
        0,
        0,
        0,
        0,
        0,
        0,
        0,
        0,
        0,
        0,
        0,
        0,
        0,
        0,
        0,
        0,
        0,
        0,
        0,
        0,
        0,
        0,
        0,
        0,
        0,
        0,
        0,
        0,
        0,
        0,
        0,
        0,
        0,
        0,
        0,
        0,
        0,
        0,
        0,
        0,
        0,
        0,
        0,
        0,
        0,
        0,
        0,
        0,
        0,
        0,
        0,
        0,
        0,
        0,
        0,
        0,
        0,
        0,
        0,
        0,
        0,
        0,
        0,
        0,
        0,
        0,
        0,
        0,
        0,
        0,
        0,
        0,
        0,
        0,
        0,
        0,
        0,
        0,
        0,
        0,
        0,
        0,
        0,
        0,
        0,
        0,
        0,
        0,
        0,
        0,
        0,
        0,
        0,
        0,
        0,
        0,
        0,
        0,
        0,
        0,
        0,
        0,
        0,
        0,
        0,
        0,
        0,
        0,
        0,
        0,
        0,
        0,
        0,
        0,
        0,
        0,
        0,
        0,
        0,
        0
    ],
    "file_name": "FBZ_0134.NEF",
    "hive_id": "7c7a02ff-6898-458b-af0c-3a81b069e2e3",
    "hive_size_after_maintenance": [
        8,
        8,
        8,
        8,
        8,
        8,
        8,
        8,
        8,
        8,
        8,
        8,
        8,
        8,
        8,
        8,
        8,
        8,
        8,
        8,
        8,
        8,
        8,
        8,
        8,
        8,
        8,
        8,
        8,
        8,
        8,
        8,
        8,
        8,
        8,
        8,
        8,
        8,
        8,
        8,
        8,
        8,
        8,
        8,
        8,
        8,
        8,
        8,
        8,
        8,
        8,
        8,
        8,
        8,
        8,
        8,
        8,
        8,
        8,
        8,
        8,
        8,
        8,
        8,
        8,
        8,
        8,
        8,
        8,
        8,
        8,
        8,
        8,
        8,
        8,
        8,
        8,
        8,
        8,
        8,
        8,
        8,
        8,
        8,
        8,
        8,
        8,
        8,
        8,
        8,
        8,
        8,
        8,
        8,
        8,
        8,
        8,
        8,
        8,
        8,
        8,
        8,
        8,
        8,
        8,
        8,
        8,
        8,
        8,
        8,
        8,
        8,
        8,
        8,
        8,
        8,
        8,
        8,
        8,
        8,
        8,
        8,
        8,
        8,
        8,
        8,
        8,
        8,
        8,
        8,
        8,
        8,
        8,
        8,
        8,
        8,
        8,
        8,
        8,
        8,
        8,
        8,
        8,
        8
    ],
    "hive_size_before_maintenance": [
        8,
        8,
        8,
        8,
        8,
        8,
        8,
        8,
        8,
        8,
        8,
        8,
        8,
        8,
        8,
        8,
        8,
        8,
        8,
        8,
        8,
        8,
        8,
        8,
        8,
        8,
        8,
        8,
        8,
        8,
        8,
        8,
        8,
        8,
        8,
        8,
        8,
        8,
        8,
        8,
        8,
        8,
        8,
        8,
        8,
        8,
        8,
        8,
        8,
        8,
        8,
        8,
        8,
        8,
        8,
        8,
        8,
        8,
        8,
        8,
        8,
        8,
        8,
        8,
        8,
        8,
        8,
        8,
        8,
        8,
        8,
        8,
        8,
        8,
        8,
        8,
        8,
        8,
        8,
        8,
        8,
        8,
        8,
        8,
        8,
        8,
        8,
        8,
        8,
        8,
        8,
        8,
        8,
        8,
        8,
        8,
        8,
        8,
        8,
        8,
        8,
        8,
        8,
        8,
        8,
        8,
        8,
        8,
        8,
        8,
        8,
        8,
        8,
        8,
        8,
        8,
        8,
        8,
        8,
        8,
        8,
        8,
        8,
        8,
        8,
        8,
        8,
        8,
        8,
        8,
        8,
        8,
        8,
        8,
        8,
        8,
        8,
        8,
        8,
        8,
        8,
        8,
        8,
        8
    ],
    "hive_status_before_maintenance": [
        "stable",
        "stable",
        "stable",
        "stable",
        "stable",
        "stable",
        "stable",
        "stable",
        "stable",
        "stable",
        "stable",
        "stable",
        "stable",
        "stable",
        "stable",
        "stable",
        "stable",
        "stable",
        "stable",
        "stable",
        "stable",
        "stable",
        "stable",
        "stable",
        "stable",
        "stable",
        "stable",
        "stable",
        "stable",
        "stable",
        "stable",
        "stable",
        "stable",
        "stable",
        "stable",
        "stable",
        "stable",
        "stable",
        "stable",
        "stable",
        "stable",
        "stable",
        "stable",
        "stable",
        "stable",
        "stable",
        "stable",
        "stable",
        "stable",
        "stable",
        "stable",
        "stable",
        "stable",
        "stable",
        "stable",
        "stable",
        "stable",
        "stable",
        "stable",
        "stable",
        "stable",
        "stable",
        "stable",
        "stable",
        "stable",
        "stable",
        "stable",
        "stable",
        "stable",
        "stable",
        "stable",
        "stable",
        "stable",
        "stable",
        "stable",
        "stable",
        "stable",
        "stable",
        "stable",
        "stable",
        "stable",
        "stable",
        "stable",
        "stable",
        "stable",
        "stable",
        "stable",
        "stable",
        "stable",
        "stable",
        "stable",
        "stable",
        "stable",
        "stable",
        "stable",
        "stable",
        "stable",
        "stable",
        "stable",
        "stable",
        "stable",
        "stable",
        "stable",
        "stable",
        "stable",
        "stable",
        "stable",
        "stable",
        "stable",
        "stable",
        "stable",
        "stable",
        "stable",
        "stable",
        "stable",
        "stable",
        "stable",
        "stable",
        "stable",
        "stable",
        "stable",
        "stable",
        "stable",
        "stable",
        "stable",
        "stable",
        "stable",
        "stable",
        "stable",
        "stable",
        "stable",
        "stable",
        "stable",
        "stable",
        "stable",
        "stable",
        "stable",
        "stable",
        "stable",
        "stable",
        "stable",
        "stable",
        "stable",
        "stable"
    ],
    "initial_spread": "i",
    "largest_convergence_window": 0,
    "lost_messages": [
        58,
        52,
        57,
        50,
        57,
        41,
        51,
        46,
        52,
        49,
        52,
        66,
        58,
        49,
        46,
        56,
        68,
        51,
        57,
        56,
        58,
        53,
        54,
        59,
        60,
        56,
        56,
        53,
        51,
        64,
        62,
        58,
        62,
        52,
        57,
        50,
        54,
        58,
        53,
        54,
        59,
        57,
        53,
        46,
        54,
        59,
        57,
        55,
        54,
        54,
        43,
        59,
        60,
        51,
        63,
        64,
        58,
        57,
        51,
        55,
        51,
        43,
        54,
        45,
        50,
        67,
        42,
        58,
        68,
        57,
        44,
        58,
        69,
        54,
        58,
        56,
        52,
        56,
        53,
        58,
        48,
        58,
        47,
        46,
        59,
        57,
        50,
        67,
        53,
        54,
        62,
        45,
        48,
        54,
        62,
        55,
        45,
        63,
        52,
        59,
        51,
        52,
        51,
        49,
        55,
        48,
        55,
        56,
        52,
        55,
        57,
        55,
        68,
        50,
        64,
        59,
        65,
        42,
        51,
        61,
        49,
        57,
        53,
        52,
        46,
        53,
        51,
        52,
        38,
        54,
        53,
        51,
        63,
        50,
        55,
        51,
        45,
        40,
        72,
        56,
        74,
        61,
        44,
        37
    ],
    "lost_parts": [
        0,
        0,
        0,
        0,
        0,
        0,
        0,
        0,
        0,
        0,
        0,
        0,
        0,
        0,
        0,
        0,
        0,
        0,
        0,
        0,
        0,
        0,
        0,
        0,
        0,
        0,
        0,
        0,
        0,
        0,
        0,
        0,
        0,
        0,
        0,
        0,
        0,
        0,
        0,
        0,
        0,
        0,
        0,
        0,
        0,
        0,
        0,
        0,
        0,
        0,
        0,
        0,
        0,
        0,
        0,
        0,
        0,
        0,
        0,
        0,
        0,
        0,
        0,
        0,
        0,
        0,
        0,
        0,
        0,
        0,
        0,
        0,
        0,
        0,
        0,
        0,
        0,
        0,
        0,
        0,
        0,
        0,
        0,
        0,
        0,
        0,
        0,
        0,
        0,
        0,
        0,
        0,
        0,
        0,
        0,
        0,
        0,
        0,
        0,
        0,
        0,
        0,
        0,
        0,
        0,
        0,
        0,
        0,
        0,
        0,
        0,
        0,
        0,
        0,
        0,
        0,
        0,
        0,
        0,
        0,
        0,
        0,
        0,
        0,
        0,
        0,
        0,
        0,
        0,
        0,
        0,
        0,
        0,
        0,
        0,
        0,
        0,
        0,
        0,
        0,
        0,
        0,
        0,
        0
    ],
    "max_epochs": 720,
    "max_recovery_delay": 4,
    "min_recovery_delay": 1,
    "moved_parts": [
        1243,
        1388,
        1372,
        1373,
        1373,
        1377,
        1411,
        1388,
        1372,
        1408,
        1365,
        1362,
        1353,
        1329,
        1362,
        1350,
        1375,
        1348,
        1360,
        1414,
        1365,
        1355,
        1379,
        1341,
        1376,
        1344,
        1362,
        1352,
        1307,
        1342,
        1371,
        1356,
        1350,
        1335,
        1349,
        1347,
        1368,
        1393,
        1356,
        1344,
        1348,
        1380,
        1361,
        1344,
        1371,
        1372,
        1375,
        1350,
        1374,
        1317,
        1384,
        1361,
        1361,
        1375,
        1399,
        1337,
        1370,
        1370,
        1370,
        1386,
        1346,
        1354,
        1370,
        1362,
        1404,
        1347,
        1391,
        1340,
        1379,
        1388,
        1366,
        1310,
        1356,
        1386,
        1387,
        1405,
        1387,
        1376,
        1373,
        1371,
        1351,
        1363,
        1378,
        1353,
        1360,
        1389,
        1381,
        1330,
        1364,
        1385,
        1354,
        1320,
        1383,
        1367,
        1380,
        1340,
        1379,
        1328,
        1400,
        1377,
        1386,
        1377,
        1372,
        1353,
        1380,
        1364,
        1340,
        1358,
        1361,
        1384,
        1334,
        1388,
        1362,
        1371,
        1378,
        1379,
        1383,
        1351,
        1400,
        1366,
        1337,
        1346,
        1347,
        1330,
        1363,
        1380,
        1382,
        1370,
        1375,
        1369,
        1417,
        1379,
        1357,
        1348,
        1348,
        1364,
        1383,
        1364,
        1342,
        1367,
        1393,
        1374,
        1343,
        1378
    ],
    "msg": [
        "lost all replicas of file part with id: FBZ_0134.NEF_#_80, and last loss was due to corruption"
    ],
    "original_hive_size": 8,
    "parts_in_hive": [
        1083,
        1081,
        1080,
        1083,
        1081,
        1078,
        1073,
        1072,
        1072,
        1075,
        1076,
        1073,
        1069,
        1074,
        1068,
        1067,
        1068,
        1072,
        1070,
        1070,
        1069,
        1074,
        1072,
        1073,
        1065,
        1062,
        1064,
        1064,
        1065,
        1062,
        1062,
        1056,
        1057,
        1065,
        1065,
        1068,
        1070,
        1072,
        1072,
        1069,
        1071,
        1065,
        1063,
        1067,
        1067,
        1065,
        1060,
        1062,
        1060,
        1057,
        1065,
        1061,
        1054,
        1059,
        1057,
        1062,
        1062,
        1063,
        1070,
        1065,
        1066,
        1064,
        1065,
        1061,
        1069,
        1067,
        1065,
        1063,
        1068,
        1067,
        1063,
        1061,
        1058,
        1061,
        1058,
        1061,
        1060,
        1064,
        1062,
        1061,
        1063,
        1067,
        1061,
        1055,
        1054,
        1062,
        1062,
        1055,
        1061,
        1058,
        1061,
        1059,
        1058,
        1057,
        1057,
        1060,
        1063,
        1064,
        1067,
        1065,
        1067,
        1067,
        1064,
        1064,
        1062,
        1059,
        1062,
        1060,
        1052,
        1056,
        1056,
        1059,
        1062,
        1067,
        1066,
        1070,
        1060,
        1062,
        1068,
        1070,
        1067,
        1059,
        1058,
        1061,
        1057,
        1064,
        1059,
        1061,
        1059,
        1060,
        1060,
        1064,
        1057,
        1056,
        1051,
        1056,
        1062,
        1052,
        1066,
        1064,
        1061,
        1061,
        1058,
        1059
    ],
    "read_size": 131072,
    "redundant_size": 14,
    "replication_level": 3,
    "simfile_name": "min4-mean90-std32-i.json",
    "successfull": false,
    "sufficient_size_threshold": 6,
    "terminated": 144
}
