{
    "channel_loss": 0.04,
    "convergence_set": [],
    "convergence_sets": [],
    "convergence_treshold": 2,
    "corrupted_parts": [
        0,
        0,
        1,
        0,
        1,
        4,
        1,
        2,
        2,
        1,
        0,
        2,
        5,
        4,
        5,
        1,
        3,
        1,
        7,
        3,
        2,
        1,
        2,
        2,
        2,
        4,
        2,
        2,
        2,
        6,
        5,
        5,
        7,
        6,
        1,
        7,
        3,
        3,
        8,
        5,
        6,
        9,
        3,
        10,
        6,
        6,
        6,
        4,
        6,
        7,
        4,
        7,
        8,
        7,
        7,
        10,
        6,
        10,
        5,
        9,
        9,
        4,
        10,
        4,
        4,
        6,
        4,
        8,
        8,
        11,
        1,
        7,
        10,
        8,
        8,
        9,
        6,
        6,
        8,
        9,
        13,
        7,
        2,
        5,
        5,
        5,
        8,
        7,
        10,
        8,
        12,
        9,
        11,
        10,
        8,
        7,
        13,
        5,
        5,
        4,
        5,
        10,
        8,
        7,
        11,
        9,
        3,
        6,
        9,
        11,
        11,
        11,
        9,
        11,
        9,
        7,
        8,
        7,
        9,
        8,
        9,
        7,
        8,
        7,
        6,
        7,
        9,
        8,
        7,
        12,
        5,
        15,
        8,
        6,
        11,
        11,
        8,
        12,
        8
    ],
    "corruption_chance_tod": 0.00714338266751365,
    "critical_size_threshold": 3,
    "cswc": 0,
    "delay": [
        0,
        0,
        4.0,
        0,
        3.0,
        2.75,
        3.0,
        2.5,
        2.0,
        1.0,
        0,
        2.0,
        2.2,
        3.5,
        3.0,
        3.0,
        2.3333333333333335,
        2.0,
        3.0,
        3.3333333333333335,
        3.0,
        4.0,
        2.0,
        1.5,
        1.0,
        2.25,
        4.0,
        3.0,
        2.426470588235294,
        2.0,
        2.8,
        2.2,
        2.5714285714285716,
        3.1666666666666665,
        1.0,
        3.142857142857143,
        2.3333333333333335,
        3.0,
        2.25,
        2.8,
        2.1666666666666665,
        2.888888888888889,
        1.6666666666666667,
        2.5,
        2.5,
        2.1666666666666665,
        2.3333333333333335,
        3.0,
        2.5,
        2.4285714285714284,
        3.0,
        3.4285714285714284,
        2.875,
        2.5714285714285716,
        2.5714285714285716,
        2.1,
        2.6666666666666665,
        2.0,
        2.2,
        2.888888888888889,
        3.111111111111111,
        2.5,
        1.9,
        2.0,
        2.5,
        3.3333333333333335,
        4.0,
        2.75,
        2.625,
        2.1818181818181817,
        1.0,
        2.857142857142857,
        2.452830188679245,
        2.0,
        2.625,
        2.888888888888889,
        2.6666666666666665,
        3.0,
        2.625,
        2.888888888888889,
        2.4615384615384617,
        2.5714285714285716,
        1.0,
        1.8,
        3.2,
        3.2,
        3.0,
        3.0,
        2.7,
        1.875,
        2.5,
        2.5555555555555554,
        2.1818181818181817,
        1.9,
        2.625,
        2.857142857142857,
        2.6923076923076925,
        1.6,
        3.0,
        2.5,
        2.2,
        2.7,
        2.625,
        2.0,
        2.6363636363636362,
        2.3333333333333335,
        3.3333333333333335,
        2.0,
        2.6666666666666665,
        2.272727272727273,
        2.272727272727273,
        2.090909090909091,
        3.3333333333333335,
        2.5454545454545454,
        2.111111111111111,
        3.0,
        2.25,
        1.8571428571428572,
        2.6666666666666665,
        1.75,
        2.5555555555555554,
        2.2857142857142856,
        3.0,
        2.4285714285714284,
        2.0,
        2.7142857142857144,
        2.3333333333333335,
        1.75,
        2.4285714285714284,
        2.25,
        3.8,
        2.2,
        2.5,
        2.8333333333333335,
        2.090909090909091,
        2.5454545454545454,
        2.125,
        2.5833333333333335,
        2.4285714285714284
    ],
    "disconnected_workers": [
        0,
        0,
        0,
        0,
        0,
        0,
        0,
        0,
        0,
        0,
        0,
        0,
        0,
        0,
        0,
        0,
        0,
        0,
        0,
        0,
        0,
        0,
        0,
        0,
        0,
        0,
        0,
        0,
        2,
        0,
        0,
        0,
        0,
        0,
        0,
        0,
        0,
        0,
        0,
        0,
        0,
        0,
        0,
        0,
        0,
        0,
        0,
        0,
        0,
        0,
        0,
        0,
        0,
        0,
        0,
        0,
        0,
        0,
        0,
        0,
        0,
        0,
        0,
        0,
        0,
        0,
        0,
        0,
        0,
        0,
        0,
        0,
        1,
        0,
        0,
        0,
        0,
        0,
        0,
        0,
        0,
        0,
        0,
        0,
        0,
        0,
        0,
        0,
        0,
        0,
        0,
        0,
        0,
        0,
        0,
        0,
        0,
        0,
        0,
        0,
        0,
        0,
        0,
        0,
        0,
        0,
        0,
        0,
        0,
        0,
        0,
        0,
        0,
        0,
        0,
        0,
        0,
        0,
        0,
        0,
        0,
        0,
        0,
        0,
        0,
        0,
        0,
        0,
        0,
        0,
        0,
        0,
        0,
        0,
        0,
        0,
        0,
        0,
        0
    ],
    "file_name": "FBZ_0134.NEF",
    "hive_id": "493330d5-de0c-45cd-9b81-edbf6bcaf5d8",
    "hive_size_after_maintenance": [
        8,
        8,
        8,
        8,
        8,
        8,
        8,
        8,
        8,
        8,
        8,
        8,
        8,
        8,
        8,
        8,
        8,
        8,
        8,
        8,
        8,
        8,
        8,
        8,
        8,
        8,
        8,
        8,
        8,
        8,
        8,
        8,
        8,
        8,
        8,
        8,
        8,
        8,
        8,
        8,
        8,
        8,
        8,
        8,
        8,
        8,
        8,
        8,
        8,
        8,
        8,
        8,
        8,
        8,
        8,
        8,
        8,
        8,
        8,
        8,
        8,
        8,
        8,
        8,
        8,
        8,
        8,
        8,
        8,
        8,
        8,
        8,
        8,
        8,
        8,
        8,
        8,
        8,
        8,
        8,
        8,
        8,
        8,
        8,
        8,
        8,
        8,
        8,
        8,
        8,
        8,
        8,
        8,
        8,
        8,
        8,
        8,
        8,
        8,
        8,
        8,
        8,
        8,
        8,
        8,
        8,
        8,
        8,
        8,
        8,
        8,
        8,
        8,
        8,
        8,
        8,
        8,
        8,
        8,
        8,
        8,
        8,
        8,
        8,
        8,
        8,
        8,
        8,
        8,
        8,
        8,
        8,
        8,
        8,
        8,
        8,
        8,
        8,
        8
    ],
    "hive_size_before_maintenance": [
        8,
        8,
        8,
        8,
        8,
        8,
        8,
        8,
        8,
        8,
        8,
        8,
        8,
        8,
        8,
        8,
        8,
        8,
        8,
        8,
        8,
        8,
        8,
        8,
        8,
        8,
        8,
        8,
        6,
        8,
        8,
        8,
        8,
        8,
        8,
        8,
        8,
        8,
        8,
        8,
        8,
        8,
        8,
        8,
        8,
        8,
        8,
        8,
        8,
        8,
        8,
        8,
        8,
        8,
        8,
        8,
        8,
        8,
        8,
        8,
        8,
        8,
        8,
        8,
        8,
        8,
        8,
        8,
        8,
        8,
        8,
        8,
        7,
        8,
        8,
        8,
        8,
        8,
        8,
        8,
        8,
        8,
        8,
        8,
        8,
        8,
        8,
        8,
        8,
        8,
        8,
        8,
        8,
        8,
        8,
        8,
        8,
        8,
        8,
        8,
        8,
        8,
        8,
        8,
        8,
        8,
        8,
        8,
        8,
        8,
        8,
        8,
        8,
        8,
        8,
        8,
        8,
        8,
        8,
        8,
        8,
        8,
        8,
        8,
        8,
        8,
        8,
        8,
        8,
        8,
        8,
        8,
        8,
        8,
        8,
        8,
        8,
        8,
        8
    ],
    "hive_status_before_maintenance": [
        "stable",
        "stable",
        "stable",
        "stable",
        "stable",
        "stable",
        "stable",
        "stable",
        "stable",
        "stable",
        "stable",
        "stable",
        "stable",
        "stable",
        "stable",
        "stable",
        "stable",
        "stable",
        "stable",
        "stable",
        "stable",
        "stable",
        "stable",
        "stable",
        "stable",
        "stable",
        "stable",
        "stable",
        "sufficient",
        "stable",
        "stable",
        "stable",
        "stable",
        "stable",
        "stable",
        "stable",
        "stable",
        "stable",
        "stable",
        "stable",
        "stable",
        "stable",
        "stable",
        "stable",
        "stable",
        "stable",
        "stable",
        "stable",
        "stable",
        "stable",
        "stable",
        "stable",
        "stable",
        "stable",
        "stable",
        "stable",
        "stable",
        "stable",
        "stable",
        "stable",
        "stable",
        "stable",
        "stable",
        "stable",
        "stable",
        "stable",
        "stable",
        "stable",
        "stable",
        "stable",
        "stable",
        "stable",
        "sufficient",
        "stable",
        "stable",
        "stable",
        "stable",
        "stable",
        "stable",
        "stable",
        "stable",
        "stable",
        "stable",
        "stable",
        "stable",
        "stable",
        "stable",
        "stable",
        "stable",
        "stable",
        "stable",
        "stable",
        "stable",
        "stable",
        "stable",
        "stable",
        "stable",
        "stable",
        "stable",
        "stable",
        "stable",
        "stable",
        "stable",
        "stable",
        "stable",
        "stable",
        "stable",
        "stable",
        "stable",
        "stable",
        "stable",
        "stable",
        "stable",
        "stable",
        "stable",
        "stable",
        "stable",
        "stable",
        "stable",
        "stable",
        "stable",
        "stable",
        "stable",
        "stable",
        "stable",
        "stable",
        "stable",
        "stable",
        "stable",
        "stable",
        "stable",
        "stable",
        "stable",
        "stable",
        "stable",
        "stable",
        "stable",
        "stable",
        "stable"
    ],
    "initial_spread": "u",
    "largest_convergence_window": 0,
    "lost_messages": [
        22,
        36,
        17,
        27,
        23,
        21,
        23,
        10,
        20,
        19,
        26,
        32,
        18,
        31,
        23,
        22,
        23,
        18,
        20,
        19,
        26,
        21,
        20,
        24,
        21,
        23,
        18,
        32,
        27,
        58,
        46,
        48,
        54,
        38,
        53,
        48,
        48,
        52,
        46,
        55,
        53,
        49,
        57,
        46,
        48,
        50,
        51,
        50,
        52,
        40,
        56,
        60,
        58,
        62,
        52,
        49,
        59,
        49,
        46,
        44,
        57,
        45,
        53,
        59,
        44,
        53,
        54,
        46,
        45,
        39,
        57,
        58,
        40,
        69,
        54,
        47,
        41,
        53,
        59,
        60,
        46,
        56,
        46,
        58,
        53,
        50,
        54,
        57,
        44,
        64,
        52,
        42,
        41,
        52,
        45,
        40,
        57,
        53,
        49,
        48,
        50,
        55,
        43,
        49,
        46,
        48,
        47,
        37,
        49,
        54,
        42,
        50,
        41,
        46,
        49,
        48,
        52,
        59,
        56,
        46,
        44,
        56,
        63,
        48,
        36,
        65,
        46,
        50,
        64,
        40,
        57,
        41,
        53,
        44,
        52,
        47,
        57,
        44,
        51
    ],
    "lost_parts": [
        0,
        0,
        0,
        0,
        0,
        0,
        0,
        0,
        0,
        0,
        0,
        0,
        0,
        0,
        0,
        0,
        0,
        0,
        0,
        0,
        0,
        0,
        0,
        0,
        0,
        0,
        0,
        0,
        66,
        0,
        0,
        0,
        0,
        0,
        0,
        0,
        0,
        0,
        0,
        0,
        0,
        0,
        0,
        0,
        0,
        0,
        0,
        0,
        0,
        0,
        0,
        0,
        0,
        0,
        0,
        0,
        0,
        0,
        0,
        0,
        0,
        0,
        0,
        0,
        0,
        0,
        0,
        0,
        0,
        0,
        0,
        0,
        43,
        0,
        0,
        0,
        0,
        0,
        0,
        0,
        0,
        0,
        0,
        0,
        0,
        0,
        0,
        0,
        0,
        0,
        0,
        0,
        0,
        0,
        0,
        0,
        0,
        0,
        0,
        0,
        0,
        0,
        0,
        0,
        0,
        0,
        0,
        0,
        0,
        0,
        0,
        0,
        0,
        0,
        0,
        0,
        0,
        0,
        0,
        0,
        0,
        0,
        0,
        0,
        0,
        0,
        0,
        0,
        0,
        0,
        0,
        0,
        0,
        0,
        0,
        0,
        0,
        0,
        0
    ],
    "max_epochs": 720,
    "max_recovery_delay": 4,
    "min_recovery_delay": 1,
    "moved_parts": [
        688,
        633,
        621,
        595,
        604,
        598,
        624,
        589,
        588,
        617,
        628,
        603,
        620,
        596,
        583,
        602,
        585,
        565,
        585,
        606,
        602,
        600,
        611,
        564,
        581,
        594,
        570,
        605,
        557,
        1353,
        1292,
        1309,
        1273,
        1270,
        1250,
        1281,
        1252,
        1225,
        1264,
        1291,
        1276,
        1250,
        1253,
        1258,
        1282,
        1270,
        1248,
        1226,
        1241,
        1249,
        1282,
        1292,
        1254,
        1223,
        1284,
        1239,
        1283,
        1221,
        1246,
        1254,
        1250,
        1232,
        1210,
        1248,
        1297,
        1268,
        1250,
        1239,
        1263,
        1265,
        1259,
        1246,
        1195,
        1306,
        1292,
        1242,
        1237,
        1208,
        1221,
        1217,
        1186,
        1190,
        1233,
        1220,
        1230,
        1200,
        1227,
        1231,
        1217,
        1204,
        1236,
        1216,
        1189,
        1199,
        1198,
        1197,
        1251,
        1249,
        1217,
        1252,
        1220,
        1219,
        1234,
        1213,
        1179,
        1175,
        1211,
        1213,
        1220,
        1215,
        1208,
        1226,
        1234,
        1216,
        1205,
        1236,
        1212,
        1207,
        1206,
        1194,
        1205,
        1230,
        1187,
        1249,
        1236,
        1218,
        1209,
        1225,
        1224,
        1187,
        1243,
        1232,
        1236,
        1229,
        1220,
        1179,
        1238,
        1184,
        1215
    ],
    "msg": [
        "lost all replicas of file part with id: FBZ_0134.NEF_#_79, and last loss was due to corruption"
    ],
    "original_hive_size": 8,
    "parts_in_hive": [
        1083,
        1083,
        1082,
        1082,
        1081,
        1077,
        1077,
        1078,
        1077,
        1079,
        1083,
        1081,
        1077,
        1075,
        1072,
        1074,
        1072,
        1076,
        1074,
        1074,
        1073,
        1075,
        1076,
        1079,
        1078,
        1079,
        1078,
        1077,
        1011,
        1029,
        1042,
        1056,
        1067,
        1068,
        1073,
        1071,
        1070,
        1073,
        1067,
        1070,
        1070,
        1066,
        1068,
        1066,
        1065,
        1068,
        1067,
        1071,
        1070,
        1068,
        1070,
        1065,
        1064,
        1062,
        1060,
        1061,
        1069,
        1061,
        1067,
        1067,
        1063,
        1064,
        1059,
        1067,
        1072,
        1073,
        1071,
        1064,
        1064,
        1057,
        1068,
        1069,
        1023,
        1031,
        1044,
        1053,
        1063,
        1064,
        1063,
        1065,
        1055,
        1059,
        1066,
        1072,
        1074,
        1071,
        1066,
        1065,
        1060,
        1058,
        1057,
        1062,
        1060,
        1055,
        1064,
        1065,
        1059,
        1061,
        1066,
        1070,
        1071,
        1065,
        1065,
        1062,
        1061,
        1062,
        1066,
        1068,
        1066,
        1060,
        1059,
        1056,
        1063,
        1059,
        1056,
        1059,
        1062,
        1066,
        1065,
        1064,
        1062,
        1066,
        1066,
        1064,
        1066,
        1066,
        1062,
        1065,
        1066,
        1062,
        1064,
        1058,
        1059,
        1059,
        1061,
        1060,
        1060,
        1060,
        1061
    ],
    "read_size": 131072,
    "redundant_size": 14,
    "replication_level": 3,
    "simfile_name": "min4-mean32-std32-u.json",
    "successfull": false,
    "sufficient_size_threshold": 6,
    "terminated": 139
}
