{
    "channel_loss": 0.04,
    "convergence_set": [],
    "convergence_sets": [],
    "convergence_treshold": 2,
    "corrupted_parts": [
        0,
        0,
        1,
        3,
        3,
        4,
        6,
        5,
        4,
        7,
        3,
        7,
        9,
        6,
        7,
        7,
        5,
        6,
        5,
        7,
        1,
        8,
        5,
        7,
        7,
        3,
        6,
        11,
        6,
        7,
        5,
        3,
        7,
        5,
        5,
        5,
        7,
        5,
        9,
        3,
        7,
        5,
        7,
        8,
        5,
        5,
        9,
        4,
        7,
        10,
        5,
        8,
        9,
        3,
        7,
        6,
        11,
        9,
        9,
        6,
        5,
        7,
        6,
        7,
        3,
        8,
        7,
        13,
        5,
        10,
        8,
        7,
        13,
        10,
        7,
        9,
        6,
        6,
        12,
        4,
        5,
        2,
        10,
        8,
        10,
        9,
        6,
        11,
        11,
        7,
        5,
        8,
        6,
        8,
        11,
        7,
        8,
        8,
        6,
        8,
        3,
        13,
        6,
        15,
        7,
        5,
        12,
        9,
        11,
        11,
        7,
        5,
        10,
        8,
        11,
        6,
        9,
        9,
        15,
        9
    ],
    "corruption_chance_tod": 0.006930604153492082,
    "critical_size_threshold": 3,
    "cswc": 0,
    "delay": [
        0,
        0,
        2.0,
        2.3333333333333335,
        2.3333333333333335,
        2.75,
        2.1666666666666665,
        1.8,
        2.25,
        2.0,
        2.6666666666666665,
        2.7142857142857144,
        2.6666666666666665,
        2.0,
        2.2857142857142856,
        2.142857142857143,
        2.6,
        3.1666666666666665,
        1.4,
        1.8571428571428572,
        2.0,
        2.125,
        2.0,
        2.7142857142857144,
        2.142857142857143,
        2.6666666666666665,
        3.0,
        1.6363636363636365,
        2.6666666666666665,
        2.4285714285714284,
        2.6,
        3.0,
        2.857142857142857,
        2.6,
        3.6,
        2.6,
        2.0,
        2.8,
        2.111111111111111,
        2.0,
        2.2857142857142856,
        2.0,
        2.2857142857142856,
        2.375,
        2.6,
        3.4,
        2.5555555555555554,
        2.25,
        2.5714285714285716,
        2.5,
        2.0,
        2.75,
        2.888888888888889,
        3.0,
        2.0,
        2.3333333333333335,
        2.5454545454545454,
        2.4444444444444446,
        2.6666666666666665,
        2.5,
        2.2,
        2.857142857142857,
        2.3333333333333335,
        2.7142857142857144,
        1.6666666666666667,
        2.5,
        2.7142857142857144,
        2.4615384615384617,
        2.8,
        2.6,
        3.375,
        2.0,
        2.769230769230769,
        2.2,
        2.5714285714285716,
        2.111111111111111,
        2.6666666666666665,
        2.5,
        2.5,
        1.75,
        2.0,
        2.0,
        2.5,
        2.75,
        2.6,
        2.4444444444444446,
        3.5,
        2.4545454545454546,
        2.4545454545454546,
        2.7142857142857144,
        1.6,
        2.375,
        2.0,
        2.625,
        2.909090909090909,
        2.5714285714285716,
        2.5,
        2.25,
        2.8333333333333335,
        2.875,
        2.0,
        2.4615384615384617,
        2.5,
        1.8666666666666667,
        2.2857142857142856,
        3.0,
        2.0,
        2.6666666666666665,
        2.1818181818181817,
        2.1818181818181817,
        3.142857142857143,
        3.0,
        2.2,
        2.375,
        2.4545454545454546,
        2.5,
        3.0,
        2.111111111111111,
        2.3333333333333335,
        2.875
    ],
    "disconnected_workers": [
        0,
        0,
        0,
        0,
        0,
        0,
        0,
        0,
        0,
        0,
        0,
        0,
        0,
        0,
        0,
        0,
        0,
        0,
        0,
        0,
        0,
        0,
        0,
        0,
        0,
        0,
        0,
        0,
        0,
        0,
        0,
        0,
        0,
        0,
        0,
        0,
        0,
        0,
        0,
        0,
        0,
        0,
        0,
        0,
        0,
        0,
        0,
        0,
        0,
        0,
        0,
        0,
        0,
        0,
        0,
        0,
        0,
        0,
        0,
        0,
        0,
        0,
        0,
        0,
        0,
        0,
        0,
        0,
        0,
        0,
        0,
        0,
        0,
        0,
        0,
        0,
        0,
        0,
        0,
        0,
        0,
        0,
        0,
        0,
        0,
        0,
        0,
        0,
        0,
        0,
        0,
        0,
        0,
        0,
        0,
        0,
        0,
        0,
        0,
        0,
        0,
        0,
        0,
        0,
        0,
        0,
        0,
        0,
        0,
        0,
        0,
        0,
        0,
        0,
        0,
        0,
        0,
        0,
        0,
        0
    ],
    "file_name": "FBZ_0134.NEF",
    "hive_id": "d5886605-1e20-45fc-9dc5-8b50925586e1",
    "hive_size_after_maintenance": [
        8,
        8,
        8,
        8,
        8,
        8,
        8,
        8,
        8,
        8,
        8,
        8,
        8,
        8,
        8,
        8,
        8,
        8,
        8,
        8,
        8,
        8,
        8,
        8,
        8,
        8,
        8,
        8,
        8,
        8,
        8,
        8,
        8,
        8,
        8,
        8,
        8,
        8,
        8,
        8,
        8,
        8,
        8,
        8,
        8,
        8,
        8,
        8,
        8,
        8,
        8,
        8,
        8,
        8,
        8,
        8,
        8,
        8,
        8,
        8,
        8,
        8,
        8,
        8,
        8,
        8,
        8,
        8,
        8,
        8,
        8,
        8,
        8,
        8,
        8,
        8,
        8,
        8,
        8,
        8,
        8,
        8,
        8,
        8,
        8,
        8,
        8,
        8,
        8,
        8,
        8,
        8,
        8,
        8,
        8,
        8,
        8,
        8,
        8,
        8,
        8,
        8,
        8,
        8,
        8,
        8,
        8,
        8,
        8,
        8,
        8,
        8,
        8,
        8,
        8,
        8,
        8,
        8,
        8,
        8
    ],
    "hive_size_before_maintenance": [
        8,
        8,
        8,
        8,
        8,
        8,
        8,
        8,
        8,
        8,
        8,
        8,
        8,
        8,
        8,
        8,
        8,
        8,
        8,
        8,
        8,
        8,
        8,
        8,
        8,
        8,
        8,
        8,
        8,
        8,
        8,
        8,
        8,
        8,
        8,
        8,
        8,
        8,
        8,
        8,
        8,
        8,
        8,
        8,
        8,
        8,
        8,
        8,
        8,
        8,
        8,
        8,
        8,
        8,
        8,
        8,
        8,
        8,
        8,
        8,
        8,
        8,
        8,
        8,
        8,
        8,
        8,
        8,
        8,
        8,
        8,
        8,
        8,
        8,
        8,
        8,
        8,
        8,
        8,
        8,
        8,
        8,
        8,
        8,
        8,
        8,
        8,
        8,
        8,
        8,
        8,
        8,
        8,
        8,
        8,
        8,
        8,
        8,
        8,
        8,
        8,
        8,
        8,
        8,
        8,
        8,
        8,
        8,
        8,
        8,
        8,
        8,
        8,
        8,
        8,
        8,
        8,
        8,
        8,
        8
    ],
    "hive_status_before_maintenance": [
        "stable",
        "stable",
        "stable",
        "stable",
        "stable",
        "stable",
        "stable",
        "stable",
        "stable",
        "stable",
        "stable",
        "stable",
        "stable",
        "stable",
        "stable",
        "stable",
        "stable",
        "stable",
        "stable",
        "stable",
        "stable",
        "stable",
        "stable",
        "stable",
        "stable",
        "stable",
        "stable",
        "stable",
        "stable",
        "stable",
        "stable",
        "stable",
        "stable",
        "stable",
        "stable",
        "stable",
        "stable",
        "stable",
        "stable",
        "stable",
        "stable",
        "stable",
        "stable",
        "stable",
        "stable",
        "stable",
        "stable",
        "stable",
        "stable",
        "stable",
        "stable",
        "stable",
        "stable",
        "stable",
        "stable",
        "stable",
        "stable",
        "stable",
        "stable",
        "stable",
        "stable",
        "stable",
        "stable",
        "stable",
        "stable",
        "stable",
        "stable",
        "stable",
        "stable",
        "stable",
        "stable",
        "stable",
        "stable",
        "stable",
        "stable",
        "stable",
        "stable",
        "stable",
        "stable",
        "stable",
        "stable",
        "stable",
        "stable",
        "stable",
        "stable",
        "stable",
        "stable",
        "stable",
        "stable",
        "stable",
        "stable",
        "stable",
        "stable",
        "stable",
        "stable",
        "stable",
        "stable",
        "stable",
        "stable",
        "stable",
        "stable",
        "stable",
        "stable",
        "stable",
        "stable",
        "stable",
        "stable",
        "stable",
        "stable",
        "stable",
        "stable",
        "stable",
        "stable",
        "stable",
        "stable",
        "stable",
        "stable",
        "stable",
        "stable",
        "stable"
    ],
    "initial_spread": "u",
    "largest_convergence_window": 0,
    "lost_messages": [
        40,
        57,
        57,
        48,
        56,
        50,
        47,
        59,
        72,
        46,
        54,
        62,
        64,
        51,
        55,
        49,
        57,
        41,
        68,
        54,
        54,
        54,
        56,
        52,
        59,
        46,
        50,
        55,
        42,
        59,
        53,
        48,
        55,
        53,
        51,
        63,
        63,
        56,
        65,
        49,
        50,
        45,
        51,
        54,
        56,
        46,
        43,
        55,
        58,
        56,
        44,
        51,
        44,
        56,
        54,
        52,
        51,
        52,
        57,
        53,
        66,
        50,
        65,
        59,
        58,
        47,
        40,
        59,
        48,
        62,
        48,
        50,
        44,
        59,
        47,
        48,
        56,
        50,
        56,
        45,
        60,
        63,
        56,
        47,
        50,
        47,
        58,
        49,
        63,
        64,
        50,
        43,
        44,
        48,
        46,
        50,
        58,
        63,
        51,
        47,
        51,
        50,
        59,
        53,
        48,
        56,
        58,
        48,
        43,
        51,
        53,
        56,
        55,
        57,
        57,
        58,
        41,
        52,
        55,
        55
    ],
    "lost_parts": [
        0,
        0,
        0,
        0,
        0,
        0,
        0,
        0,
        0,
        0,
        0,
        0,
        0,
        0,
        0,
        0,
        0,
        0,
        0,
        0,
        0,
        0,
        0,
        0,
        0,
        0,
        0,
        0,
        0,
        0,
        0,
        0,
        0,
        0,
        0,
        0,
        0,
        0,
        0,
        0,
        0,
        0,
        0,
        0,
        0,
        0,
        0,
        0,
        0,
        0,
        0,
        0,
        0,
        0,
        0,
        0,
        0,
        0,
        0,
        0,
        0,
        0,
        0,
        0,
        0,
        0,
        0,
        0,
        0,
        0,
        0,
        0,
        0,
        0,
        0,
        0,
        0,
        0,
        0,
        0,
        0,
        0,
        0,
        0,
        0,
        0,
        0,
        0,
        0,
        0,
        0,
        0,
        0,
        0,
        0,
        0,
        0,
        0,
        0,
        0,
        0,
        0,
        0,
        0,
        0,
        0,
        0,
        0,
        0,
        0,
        0,
        0,
        0,
        0,
        0,
        0,
        0,
        0,
        0,
        0
    ],
    "max_epochs": 720,
    "max_recovery_delay": 4,
    "min_recovery_delay": 1,
    "moved_parts": [
        1326,
        1278,
        1358,
        1314,
        1307,
        1270,
        1291,
        1291,
        1349,
        1342,
        1295,
        1283,
        1296,
        1295,
        1289,
        1326,
        1304,
        1333,
        1309,
        1294,
        1277,
        1282,
        1328,
        1336,
        1312,
        1273,
        1347,
        1264,
        1305,
        1351,
        1302,
        1313,
        1294,
        1334,
        1303,
        1348,
        1287,
        1303,
        1296,
        1331,
        1319,
        1268,
        1315,
        1282,
        1303,
        1288,
        1295,
        1294,
        1298,
        1325,
        1292,
        1307,
        1292,
        1290,
        1300,
        1297,
        1321,
        1312,
        1296,
        1283,
        1331,
        1339,
        1312,
        1295,
        1282,
        1299,
        1308,
        1282,
        1330,
        1288,
        1295,
        1300,
        1291,
        1267,
        1299,
        1342,
        1319,
        1315,
        1283,
        1298,
        1297,
        1333,
        1313,
        1293,
        1293,
        1310,
        1323,
        1305,
        1290,
        1278,
        1302,
        1295,
        1278,
        1319,
        1311,
        1258,
        1280,
        1293,
        1336,
        1361,
        1294,
        1336,
        1301,
        1306,
        1328,
        1268,
        1340,
        1297,
        1295,
        1323,
        1305,
        1319,
        1318,
        1295,
        1302,
        1276,
        1294,
        1241,
        1336,
        1320
    ],
    "msg": [
        "lost all replicas of file part with id: FBZ_0134.NEF_#_175, and last loss was due to corruption"
    ],
    "original_hive_size": 8,
    "parts_in_hive": [
        1083,
        1083,
        1082,
        1079,
        1078,
        1076,
        1071,
        1069,
        1074,
        1072,
        1075,
        1070,
        1065,
        1062,
        1067,
        1068,
        1071,
        1069,
        1068,
        1070,
        1073,
        1073,
        1072,
        1072,
        1068,
        1071,
        1068,
        1064,
        1067,
        1067,
        1071,
        1071,
        1068,
        1069,
        1068,
        1067,
        1068,
        1069,
        1064,
        1071,
        1070,
        1072,
        1069,
        1069,
        1069,
        1068,
        1064,
        1066,
        1066,
        1064,
        1066,
        1066,
        1061,
        1068,
        1067,
        1067,
        1065,
        1062,
        1059,
        1063,
        1067,
        1067,
        1068,
        1064,
        1071,
        1069,
        1067,
        1060,
        1062,
        1062,
        1060,
        1062,
        1054,
        1054,
        1064,
        1061,
        1068,
        1068,
        1061,
        1063,
        1069,
        1075,
        1071,
        1066,
        1062,
        1059,
        1062,
        1057,
        1059,
        1059,
        1064,
        1065,
        1070,
        1068,
        1064,
        1062,
        1059,
        1061,
        1066,
        1065,
        1067,
        1062,
        1063,
        1056,
        1063,
        1069,
        1061,
        1061,
        1058,
        1060,
        1063,
        1064,
        1062,
        1061,
        1062,
        1065,
        1062,
        1061,
        1054,
        1055
    ],
    "read_size": 131072,
    "redundant_size": 14,
    "replication_level": 3,
    "simfile_name": "min4-mean78-std32-u.json",
    "successfull": false,
    "sufficient_size_threshold": 6,
    "terminated": 120
}
