{
    "channel_loss": 0.04,
    "convergence_set": [],
    "convergence_sets": [
        [
            131,
            132,
            133,
            134,
            135,
            136,
            137,
            138,
            139,
            140
        ],
        [
            143,
            144,
            145,
            146,
            147,
            148,
            149,
            150,
            151,
            152,
            153,
            154,
            155,
            156,
            157,
            158,
            159,
            160,
            161,
            162,
            163,
            164,
            165,
            166
        ],
        [
            169,
            170,
            171,
            172,
            173,
            174,
            175,
            176,
            177,
            178,
            179,
            180,
            181,
            182,
            183,
            184,
            185,
            186,
            187,
            188,
            189,
            190,
            191,
            192,
            193,
            194,
            195,
            196,
            197,
            198,
            199,
            200,
            201,
            202,
            203,
            204,
            205,
            206,
            207,
            208,
            209,
            210,
            211,
            212,
            213,
            214,
            215,
            216,
            217,
            218
        ],
        [
            221,
            222,
            223,
            224,
            225,
            226,
            227,
            228,
            229,
            230,
            231,
            232,
            233,
            234,
            235,
            236,
            237,
            238,
            239,
            240,
            241,
            242,
            243,
            244,
            245,
            246,
            247
        ],
        [
            251,
            252,
            253,
            254,
            255,
            256,
            257,
            258,
            259,
            260,
            261,
            262,
            263,
            264,
            265,
            266,
            267,
            268,
            269,
            270,
            271,
            272,
            273,
            274,
            275,
            276
        ],
        [
            279,
            280,
            281,
            282,
            283,
            284,
            285,
            286,
            287,
            288,
            289,
            290,
            291,
            292,
            293,
            294,
            295,
            296,
            297,
            298,
            299,
            300,
            301,
            302,
            303,
            304,
            305,
            306,
            307,
            308,
            309,
            310,
            311,
            312,
            313,
            314,
            315,
            316,
            317,
            318,
            319,
            320,
            321,
            322,
            323,
            324,
            325,
            326,
            327,
            328,
            329,
            330
        ],
        [
            333,
            334,
            335,
            336,
            337,
            338,
            339,
            340,
            341,
            342,
            343,
            344,
            345,
            346,
            347,
            348,
            349,
            350,
            351,
            352,
            353,
            354,
            355,
            356,
            357,
            358,
            359,
            360,
            361,
            362,
            363,
            364,
            365,
            366
        ]
    ],
    "convergence_treshold": 2,
    "corrupted_parts": [
        0,
        0,
        1,
        2,
        3,
        1,
        5,
        2,
        2,
        4,
        2,
        3,
        3,
        4,
        2,
        7,
        4,
        3,
        3,
        2,
        7,
        5,
        9,
        6,
        13,
        2,
        10,
        6,
        5,
        3,
        4,
        6,
        4,
        6,
        8,
        6,
        6,
        5,
        9,
        9,
        7,
        8,
        11,
        4,
        8,
        2,
        5,
        5,
        7,
        5,
        2,
        8,
        7,
        9,
        7,
        13,
        6,
        5,
        7,
        8,
        8,
        6,
        6,
        6,
        11,
        4,
        5,
        9,
        9,
        9,
        5,
        7,
        6,
        6,
        2,
        9,
        7,
        9,
        8,
        6,
        4,
        7,
        9,
        12,
        6,
        6,
        10,
        9,
        7,
        11,
        11,
        7,
        6,
        8,
        9,
        9,
        10,
        3,
        7,
        10,
        5,
        7,
        6,
        3,
        9,
        10,
        4,
        7,
        5,
        7,
        10,
        14,
        8,
        5,
        7,
        10,
        9,
        6,
        10,
        9,
        11,
        5,
        6,
        10,
        15,
        6,
        4,
        11,
        14,
        7,
        9,
        15,
        14,
        9,
        9,
        10,
        7,
        8,
        14,
        5,
        11,
        9,
        13,
        15,
        12,
        10,
        11,
        10,
        5,
        12,
        8,
        7,
        7,
        7,
        10,
        12,
        2,
        11,
        4,
        9,
        6,
        14,
        7,
        7,
        10,
        9,
        10,
        10,
        10,
        13,
        13,
        6,
        9,
        6,
        7,
        10,
        7,
        17,
        5,
        7,
        11,
        11,
        11,
        6,
        17,
        17,
        12,
        10,
        8,
        17,
        7,
        7,
        12,
        11,
        3,
        7,
        13,
        12,
        13,
        7,
        12,
        13,
        8,
        10,
        14,
        12,
        12,
        11,
        6,
        8,
        12,
        12,
        7,
        11,
        13,
        11,
        8,
        12,
        14,
        16,
        4,
        14,
        11,
        11,
        9,
        8,
        8,
        11,
        15,
        14,
        17,
        8,
        6,
        10,
        13,
        13,
        13,
        12,
        12,
        11,
        13,
        6,
        15,
        7,
        12,
        11,
        16,
        11,
        9,
        10,
        14,
        14,
        9,
        8,
        9,
        9,
        11,
        12,
        6,
        13,
        14,
        12,
        7,
        9,
        14,
        9,
        6,
        8,
        4,
        16,
        10,
        7,
        8,
        4,
        11,
        15,
        13,
        8,
        8,
        11,
        10,
        9,
        10,
        11,
        10,
        19,
        17,
        9,
        10,
        13,
        13,
        11,
        15,
        10,
        17,
        9,
        12,
        13,
        17,
        13,
        13,
        6,
        17,
        16,
        11,
        11,
        17,
        12,
        13,
        11,
        6,
        8,
        14,
        12,
        15,
        10,
        11,
        14,
        17,
        12,
        9,
        14,
        10,
        8,
        13,
        6,
        11,
        11,
        9,
        10,
        16,
        14,
        10,
        11,
        8,
        10,
        8,
        4,
        7,
        15,
        7,
        12,
        9,
        10,
        13,
        15,
        14,
        8,
        11,
        16,
        14,
        15,
        12,
        11,
        7,
        11,
        8,
        12,
        10,
        12,
        14,
        6,
        9,
        13,
        10,
        22,
        10,
        16
    ],
    "corruption_chance_tod": 0.00855282606224506,
    "critical_size_threshold": 3,
    "cswc": 1,
    "delay": [
        0,
        0,
        4.0,
        3.5,
        1.3333333333333333,
        1.0,
        2.8,
        2.5,
        3.0,
        2.5,
        2.0,
        2.6666666666666665,
        2.6666666666666665,
        2.5,
        2.5,
        3.0,
        2.25,
        1.3333333333333333,
        2.0,
        2.0,
        3.2857142857142856,
        3.6,
        3.2222222222222223,
        2.8333333333333335,
        2.5384615384615383,
        1.5,
        2.2,
        2.3333333333333335,
        3.0,
        4.0,
        3.25,
        2.8333333333333335,
        2.0,
        2.0,
        2.25,
        2.8333333333333335,
        2.0,
        2.6,
        2.3333333333333335,
        2.111111111111111,
        1.8571428571428572,
        2.375,
        2.6363636363636362,
        3.0,
        2.625,
        2.5,
        1.6,
        2.6,
        2.0,
        1.8,
        3.0,
        2.375,
        2.857142857142857,
        2.2222222222222223,
        1.8571428571428572,
        2.0,
        2.0,
        2.8,
        2.4285714285714284,
        2.375,
        2.75,
        2.8333333333333335,
        3.1666666666666665,
        3.3333333333333335,
        2.4545454545454546,
        3.25,
        3.6,
        2.5555555555555554,
        3.111111111111111,
        2.2222222222222223,
        2.0,
        2.2857142857142856,
        2.3333333333333335,
        3.0,
        2.5,
        2.4444444444444446,
        2.7142857142857144,
        2.111111111111111,
        2.125,
        2.5,
        2.75,
        2.4285714285714284,
        3.111111111111111,
        2.5,
        1.8333333333333333,
        2.6666666666666665,
        2.8,
        3.2222222222222223,
        2.5714285714285716,
        2.0,
        2.3636363636363638,
        2.142857142857143,
        3.0,
        2.25,
        3.2222222222222223,
        2.5555555555555554,
        2.7,
        1.6666666666666667,
        1.4285714285714286,
        2.6,
        1.4,
        2.5714285714285716,
        2.5,
        2.6666666666666665,
        2.6666666666666665,
        2.7,
        2.5,
        3.142857142857143,
        2.4,
        2.0,
        2.9,
        2.7857142857142856,
        3.25,
        3.0,
        2.0,
        2.7,
        2.111111111111111,
        2.0,
        2.3,
        2.2222222222222223,
        3.272727272727273,
        2.0,
        2.1666666666666665,
        2.5,
        3.1333333333333333,
        3.0,
        2.0,
        2.6923076923076925,
        2.4285714285714284,
        2.142857142857143,
        2.6666666666666665,
        2.8666666666666667,
        2.5714285714285716,
        2.3333333333333335,
        2.6666666666666665,
        2.3,
        2.5714285714285716,
        2.625,
        2.5714285714285716,
        2.8,
        1.9090909090909092,
        2.4444444444444446,
        1.7692307692307692,
        2.533333333333333,
        2.5833333333333335,
        2.9,
        2.3636363636363638,
        1.7,
        3.8,
        1.9166666666666667,
        2.75,
        2.2857142857142856,
        2.2857142857142856,
        2.857142857142857,
        2.1,
        1.8333333333333333,
        3.0,
        2.1818181818181817,
        1.75,
        2.5555555555555554,
        2.5,
        2.642857142857143,
        2.5714285714285716,
        2.0,
        2.4,
        2.111111111111111,
        3.1,
        3.2,
        2.7,
        2.1538461538461537,
        2.4615384615384617,
        2.5,
        2.3333333333333335,
        2.3333333333333335,
        3.0,
        2.2,
        2.2857142857142856,
        2.1176470588235294,
        1.4,
        2.4285714285714284,
        2.4545454545454546,
        2.909090909090909,
        3.090909090909091,
        3.5,
        2.235294117647059,
        2.0,
        3.0,
        2.6,
        2.875,
        2.823529411764706,
        2.5714285714285716,
        3.142857142857143,
        2.1666666666666665,
        2.4545454545454546,
        2.6666666666666665,
        2.2857142857142856,
        2.1538461538461537,
        3.0,
        2.5384615384615383,
        2.2857142857142856,
        2.4166666666666665,
        2.6153846153846154,
        2.5,
        2.2,
        2.2857142857142856,
        2.0833333333333335,
        2.8333333333333335,
        2.272727272727273,
        3.0,
        2.0,
        2.1666666666666665,
        2.8333333333333335,
        2.4285714285714284,
        2.8181818181818183,
        2.6923076923076925,
        2.909090909090909,
        2.75,
        2.3333333333333335,
        2.7142857142857144,
        3.0625,
        2.5,
        2.7142857142857144,
        2.8181818181818183,
        2.909090909090909,
        1.8888888888888888,
        2.75,
        2.5,
        2.4545454545454546,
        2.2,
        2.7142857142857144,
        2.0,
        2.625,
        2.8333333333333335,
        2.4,
        2.6923076923076925,
        2.076923076923077,
        2.4615384615384617,
        2.4166666666666665,
        2.25,
        2.5454545454545454,
        2.923076923076923,
        1.8333333333333333,
        2.3333333333333335,
        2.2857142857142856,
        2.5833333333333335,
        2.0,
        2.0,
        2.909090909090909,
        3.0,
        2.9,
        2.7857142857142856,
        2.7142857142857144,
        2.7777777777777777,
        3.0,
        3.0,
        2.111111111111111,
        2.1818181818181817,
        1.6666666666666667,
        2.5,
        2.769230769230769,
        2.2857142857142856,
        2.5833333333333335,
        3.0,
        2.111111111111111,
        2.642857142857143,
        2.6666666666666665,
        2.5,
        3.0,
        4.0,
        2.125,
        2.1,
        2.5714285714285716,
        2.25,
        2.25,
        2.4545454545454546,
        2.3333333333333335,
        2.6153846153846154,
        1.875,
        2.375,
        2.8181818181818183,
        2.1,
        2.6666666666666665,
        2.3,
        1.5454545454545454,
        2.2,
        2.6315789473684212,
        2.3529411764705883,
        2.111111111111111,
        2.2,
        2.076923076923077,
        2.3846153846153846,
        2.272727272727273,
        2.7333333333333334,
        2.6,
        2.3529411764705883,
        2.888888888888889,
        2.75,
        2.769230769230769,
        2.5294117647058822,
        2.1538461538461537,
        2.6153846153846154,
        1.8333333333333333,
        2.588235294117647,
        2.125,
        2.272727272727273,
        2.1818181818181817,
        2.588235294117647,
        3.5,
        2.4615384615384617,
        2.272727272727273,
        2.3333333333333335,
        2.0,
        2.7142857142857144,
        2.3333333333333335,
        1.8,
        1.9,
        2.1818181818181817,
        2.5,
        2.3529411764705883,
        2.6666666666666665,
        2.888888888888889,
        2.0,
        2.8,
        2.625,
        2.6153846153846154,
        2.6666666666666665,
        2.4545454545454546,
        2.5454545454545454,
        1.7777777777777777,
        2.3,
        2.5,
        2.142857142857143,
        2.7,
        2.0,
        2.5,
        2.4,
        2.375,
        3.0,
        2.857142857142857,
        2.933333333333333,
        3.0,
        2.75,
        2.4444444444444446,
        2.3,
        2.3076923076923075,
        2.3333333333333335,
        2.5,
        2.0,
        2.0,
        2.5,
        2.4285714285714284,
        2.3333333333333335,
        2.5833333333333335,
        2.4545454545454546,
        1.8571428571428572,
        2.1818181818181817,
        2.875,
        2.5,
        2.5,
        2.8333333333333335,
        2.5714285714285716,
        2.6666666666666665,
        2.2222222222222223,
        2.8461538461538463,
        3.3,
        2.590909090909091,
        2.7,
        2.0
    ],
    "disconnected_workers": [
        0,
        0,
        0,
        0,
        0,
        0,
        0,
        0,
        0,
        0,
        0,
        0,
        0,
        0,
        0,
        0,
        0,
        0,
        0,
        0,
        0,
        0,
        0,
        0,
        0,
        0,
        0,
        0,
        0,
        0,
        0,
        0,
        0,
        0,
        0,
        0,
        0,
        0,
        0,
        0,
        0,
        0,
        0,
        0,
        0,
        0,
        0,
        0,
        0,
        0,
        0,
        0,
        0,
        0,
        0,
        0,
        0,
        0,
        0,
        0,
        0,
        0,
        0,
        0,
        0,
        0,
        0,
        0,
        0,
        0,
        0,
        0,
        0,
        0,
        0,
        0,
        0,
        0,
        0,
        0,
        0,
        0,
        0,
        0,
        0,
        0,
        0,
        0,
        0,
        0,
        0,
        0,
        0,
        0,
        0,
        0,
        0,
        0,
        0,
        0,
        0,
        0,
        0,
        0,
        0,
        0,
        0,
        0,
        0,
        0,
        0,
        0,
        0,
        0,
        0,
        0,
        0,
        0,
        0,
        0,
        0,
        0,
        0,
        0,
        0,
        0,
        0,
        1,
        0,
        0,
        0,
        0,
        0,
        0,
        0,
        0,
        0,
        0,
        0,
        0,
        0,
        0,
        0,
        0,
        0,
        0,
        0,
        0,
        0,
        0,
        0,
        0,
        0,
        0,
        0,
        0,
        0,
        0,
        0,
        0,
        0,
        0,
        0,
        0,
        0,
        0,
        0,
        0,
        0,
        0,
        0,
        0,
        0,
        0,
        0,
        0,
        0,
        0,
        0,
        0,
        0,
        0,
        0,
        0,
        0,
        0,
        0,
        0,
        0,
        0,
        0,
        0,
        0,
        0,
        0,
        0,
        0,
        0,
        0,
        0,
        0,
        0,
        0,
        0,
        0,
        0,
        0,
        0,
        0,
        0,
        0,
        0,
        0,
        0,
        0,
        0,
        0,
        0,
        0,
        0,
        0,
        0,
        0,
        0,
        0,
        0,
        0,
        0,
        0,
        0,
        0,
        0,
        0,
        0,
        0,
        0,
        0,
        0,
        0,
        0,
        0,
        0,
        0,
        0,
        0,
        0,
        0,
        0,
        0,
        0,
        0,
        0,
        0,
        0,
        0,
        0,
        0,
        0,
        0,
        0,
        0,
        0,
        0,
        0,
        0,
        0,
        0,
        0,
        0,
        0,
        0,
        0,
        0,
        0,
        0,
        0,
        0,
        0,
        0,
        0,
        0,
        0,
        0,
        0,
        0,
        0,
        0,
        0,
        0,
        0,
        0,
        0,
        0,
        0,
        0,
        0,
        0,
        0,
        0,
        0,
        0,
        0,
        0,
        0,
        0,
        0,
        0,
        0,
        0,
        0,
        0,
        0,
        0,
        0,
        0,
        0,
        0,
        0,
        0,
        0,
        0,
        0,
        0,
        0,
        0,
        0,
        0,
        0,
        0,
        0,
        0,
        0,
        0,
        0,
        0,
        0,
        0,
        0,
        0,
        0,
        0,
        0,
        0,
        0,
        0,
        0,
        0,
        0,
        0,
        0,
        0,
        0,
        0,
        0,
        0,
        0,
        0,
        0,
        0,
        0,
        0,
        0,
        0,
        0,
        0,
        0,
        0,
        0
    ],
    "file_name": "FBZ_0134.NEF",
    "hive_id": "c9c67588-e08b-4c31-b0e2-3852e5c1c75e",
    "hive_size_after_maintenance": [
        8,
        8,
        8,
        8,
        8,
        8,
        8,
        8,
        8,
        8,
        8,
        8,
        8,
        8,
        8,
        8,
        8,
        8,
        8,
        8,
        8,
        8,
        8,
        8,
        8,
        8,
        8,
        8,
        8,
        8,
        8,
        8,
        8,
        8,
        8,
        8,
        8,
        8,
        8,
        8,
        8,
        8,
        8,
        8,
        8,
        8,
        8,
        8,
        8,
        8,
        8,
        8,
        8,
        8,
        8,
        8,
        8,
        8,
        8,
        8,
        8,
        8,
        8,
        8,
        8,
        8,
        8,
        8,
        8,
        8,
        8,
        8,
        8,
        8,
        8,
        8,
        8,
        8,
        8,
        8,
        8,
        8,
        8,
        8,
        8,
        8,
        8,
        8,
        8,
        8,
        8,
        8,
        8,
        8,
        8,
        8,
        8,
        8,
        8,
        8,
        8,
        8,
        8,
        8,
        8,
        8,
        8,
        8,
        8,
        8,
        8,
        8,
        8,
        8,
        8,
        8,
        8,
        8,
        8,
        8,
        8,
        8,
        8,
        8,
        8,
        8,
        8,
        8,
        8,
        8,
        8,
        8,
        8,
        8,
        8,
        8,
        8,
        8,
        8,
        8,
        8,
        8,
        8,
        8,
        8,
        8,
        8,
        8,
        8,
        8,
        8,
        8,
        8,
        8,
        8,
        8,
        8,
        8,
        8,
        8,
        8,
        8,
        8,
        8,
        8,
        8,
        8,
        8,
        8,
        8,
        8,
        8,
        8,
        8,
        8,
        8,
        8,
        8,
        8,
        8,
        8,
        8,
        8,
        8,
        8,
        8,
        8,
        8,
        8,
        8,
        8,
        8,
        8,
        8,
        8,
        8,
        8,
        8,
        8,
        8,
        8,
        8,
        8,
        8,
        8,
        8,
        8,
        8,
        8,
        8,
        8,
        8,
        8,
        8,
        8,
        8,
        8,
        8,
        8,
        8,
        8,
        8,
        8,
        8,
        8,
        8,
        8,
        8,
        8,
        8,
        8,
        8,
        8,
        8,
        8,
        8,
        8,
        8,
        8,
        8,
        8,
        8,
        8,
        8,
        8,
        8,
        8,
        8,
        8,
        8,
        8,
        8,
        8,
        8,
        8,
        8,
        8,
        8,
        8,
        8,
        8,
        8,
        8,
        8,
        8,
        8,
        8,
        8,
        8,
        8,
        8,
        8,
        8,
        8,
        8,
        8,
        8,
        8,
        8,
        8,
        8,
        8,
        8,
        8,
        8,
        8,
        8,
        8,
        8,
        8,
        8,
        8,
        8,
        8,
        8,
        8,
        8,
        8,
        8,
        8,
        8,
        8,
        8,
        8,
        8,
        8,
        8,
        8,
        8,
        8,
        8,
        8,
        8,
        8,
        8,
        8,
        8,
        8,
        8,
        8,
        8,
        8,
        8,
        8,
        8,
        8,
        8,
        8,
        8,
        8,
        8,
        8,
        8,
        8,
        8,
        8,
        8,
        8,
        8,
        8,
        8,
        8,
        8,
        8,
        8,
        8,
        8,
        8,
        8,
        8,
        8,
        8,
        8,
        8,
        8,
        8,
        8,
        8,
        8,
        8,
        8,
        8,
        8,
        8,
        8,
        8,
        8,
        8
    ],
    "hive_size_before_maintenance": [
        8,
        8,
        8,
        8,
        8,
        8,
        8,
        8,
        8,
        8,
        8,
        8,
        8,
        8,
        8,
        8,
        8,
        8,
        8,
        8,
        8,
        8,
        8,
        8,
        8,
        8,
        8,
        8,
        8,
        8,
        8,
        8,
        8,
        8,
        8,
        8,
        8,
        8,
        8,
        8,
        8,
        8,
        8,
        8,
        8,
        8,
        8,
        8,
        8,
        8,
        8,
        8,
        8,
        8,
        8,
        8,
        8,
        8,
        8,
        8,
        8,
        8,
        8,
        8,
        8,
        8,
        8,
        8,
        8,
        8,
        8,
        8,
        8,
        8,
        8,
        8,
        8,
        8,
        8,
        8,
        8,
        8,
        8,
        8,
        8,
        8,
        8,
        8,
        8,
        8,
        8,
        8,
        8,
        8,
        8,
        8,
        8,
        8,
        8,
        8,
        8,
        8,
        8,
        8,
        8,
        8,
        8,
        8,
        8,
        8,
        8,
        8,
        8,
        8,
        8,
        8,
        8,
        8,
        8,
        8,
        8,
        8,
        8,
        8,
        8,
        8,
        8,
        7,
        8,
        8,
        8,
        8,
        8,
        8,
        8,
        8,
        8,
        8,
        8,
        8,
        8,
        8,
        8,
        8,
        8,
        8,
        8,
        8,
        8,
        8,
        8,
        8,
        8,
        8,
        8,
        8,
        8,
        8,
        8,
        8,
        8,
        8,
        8,
        8,
        8,
        8,
        8,
        8,
        8,
        8,
        8,
        8,
        8,
        8,
        8,
        8,
        8,
        8,
        8,
        8,
        8,
        8,
        8,
        8,
        8,
        8,
        8,
        8,
        8,
        8,
        8,
        8,
        8,
        8,
        8,
        8,
        8,
        8,
        8,
        8,
        8,
        8,
        8,
        8,
        8,
        8,
        8,
        8,
        8,
        8,
        8,
        8,
        8,
        8,
        8,
        8,
        8,
        8,
        8,
        8,
        8,
        8,
        8,
        8,
        8,
        8,
        8,
        8,
        8,
        8,
        8,
        8,
        8,
        8,
        8,
        8,
        8,
        8,
        8,
        8,
        8,
        8,
        8,
        8,
        8,
        8,
        8,
        8,
        8,
        8,
        8,
        8,
        8,
        8,
        8,
        8,
        8,
        8,
        8,
        8,
        8,
        8,
        8,
        8,
        8,
        8,
        8,
        8,
        8,
        8,
        8,
        8,
        8,
        8,
        8,
        8,
        8,
        8,
        8,
        8,
        8,
        8,
        8,
        8,
        8,
        8,
        8,
        8,
        8,
        8,
        8,
        8,
        8,
        8,
        8,
        8,
        8,
        8,
        8,
        8,
        8,
        8,
        8,
        8,
        8,
        8,
        8,
        8,
        8,
        8,
        8,
        8,
        8,
        8,
        8,
        8,
        8,
        8,
        8,
        8,
        8,
        8,
        8,
        8,
        8,
        8,
        8,
        8,
        8,
        8,
        8,
        8,
        8,
        8,
        8,
        8,
        8,
        8,
        8,
        8,
        8,
        8,
        8,
        8,
        8,
        8,
        8,
        8,
        8,
        8,
        8,
        8,
        8,
        8,
        8,
        8,
        8,
        8,
        8,
        8,
        8,
        8,
        8,
        8,
        8,
        8,
        8,
        8
    ],
    "hive_status_before_maintenance": [
        "stable",
        "stable",
        "stable",
        "stable",
        "stable",
        "stable",
        "stable",
        "stable",
        "stable",
        "stable",
        "stable",
        "stable",
        "stable",
        "stable",
        "stable",
        "stable",
        "stable",
        "stable",
        "stable",
        "stable",
        "stable",
        "stable",
        "stable",
        "stable",
        "stable",
        "stable",
        "stable",
        "stable",
        "stable",
        "stable",
        "stable",
        "stable",
        "stable",
        "stable",
        "stable",
        "stable",
        "stable",
        "stable",
        "stable",
        "stable",
        "stable",
        "stable",
        "stable",
        "stable",
        "stable",
        "stable",
        "stable",
        "stable",
        "stable",
        "stable",
        "stable",
        "stable",
        "stable",
        "stable",
        "stable",
        "stable",
        "stable",
        "stable",
        "stable",
        "stable",
        "stable",
        "stable",
        "stable",
        "stable",
        "stable",
        "stable",
        "stable",
        "stable",
        "stable",
        "stable",
        "stable",
        "stable",
        "stable",
        "stable",
        "stable",
        "stable",
        "stable",
        "stable",
        "stable",
        "stable",
        "stable",
        "stable",
        "stable",
        "stable",
        "stable",
        "stable",
        "stable",
        "stable",
        "stable",
        "stable",
        "stable",
        "stable",
        "stable",
        "stable",
        "stable",
        "stable",
        "stable",
        "stable",
        "stable",
        "stable",
        "stable",
        "stable",
        "stable",
        "stable",
        "stable",
        "stable",
        "stable",
        "stable",
        "stable",
        "stable",
        "stable",
        "stable",
        "stable",
        "stable",
        "stable",
        "stable",
        "stable",
        "stable",
        "stable",
        "stable",
        "stable",
        "stable",
        "stable",
        "stable",
        "stable",
        "stable",
        "stable",
        "sufficient",
        "stable",
        "stable",
        "stable",
        "stable",
        "stable",
        "stable",
        "stable",
        "stable",
        "stable",
        "stable",
        "stable",
        "stable",
        "stable",
        "stable",
        "stable",
        "stable",
        "stable",
        "stable",
        "stable",
        "stable",
        "stable",
        "stable",
        "stable",
        "stable",
        "stable",
        "stable",
        "stable",
        "stable",
        "stable",
        "stable",
        "stable",
        "stable",
        "stable",
        "stable",
        "stable",
        "stable",
        "stable",
        "stable",
        "stable",
        "stable",
        "stable",
        "stable",
        "stable",
        "stable",
        "stable",
        "stable",
        "stable",
        "stable",
        "stable",
        "stable",
        "stable",
        "stable",
        "stable",
        "stable",
        "stable",
        "stable",
        "stable",
        "stable",
        "stable",
        "stable",
        "stable",
        "stable",
        "stable",
        "stable",
        "stable",
        "stable",
        "stable",
        "stable",
        "stable",
        "stable",
        "stable",
        "stable",
        "stable",
        "stable",
        "stable",
        "stable",
        "stable",
        "stable",
        "stable",
        "stable",
        "stable",
        "stable",
        "stable",
        "stable",
        "stable",
        "stable",
        "stable",
        "stable",
        "stable",
        "stable",
        "stable",
        "stable",
        "stable",
        "stable",
        "stable",
        "stable",
        "stable",
        "stable",
        "stable",
        "stable",
        "stable",
        "stable",
        "stable",
        "stable",
        "stable",
        "stable",
        "stable",
        "stable",
        "stable",
        "stable",
        "stable",
        "stable",
        "stable",
        "stable",
        "stable",
        "stable",
        "stable",
        "stable",
        "stable",
        "stable",
        "stable",
        "stable",
        "stable",
        "stable",
        "stable",
        "stable",
        "stable",
        "stable",
        "stable",
        "stable",
        "stable",
        "stable",
        "stable",
        "stable",
        "stable",
        "stable",
        "stable",
        "stable",
        "stable",
        "stable",
        "stable",
        "stable",
        "stable",
        "stable",
        "stable",
        "stable",
        "stable",
        "stable",
        "stable",
        "stable",
        "stable",
        "stable",
        "stable",
        "stable",
        "stable",
        "stable",
        "stable",
        "stable",
        "stable",
        "stable",
        "stable",
        "stable",
        "stable",
        "stable",
        "stable",
        "stable",
        "stable",
        "stable",
        "stable",
        "stable",
        "stable",
        "stable",
        "stable",
        "stable",
        "stable",
        "stable",
        "stable",
        "stable",
        "stable",
        "stable",
        "stable",
        "stable",
        "stable",
        "stable",
        "stable",
        "stable",
        "stable",
        "stable",
        "stable",
        "stable",
        "stable",
        "stable",
        "stable",
        "stable",
        "stable",
        "stable",
        "stable",
        "stable",
        "stable",
        "stable",
        "stable",
        "stable",
        "stable",
        "stable",
        "stable",
        "stable",
        "stable",
        "stable",
        "stable",
        "stable",
        "stable",
        "stable",
        "stable",
        "stable",
        "stable",
        "stable",
        "stable",
        "stable",
        "stable",
        "stable",
        "stable",
        "stable",
        "stable",
        "stable",
        "stable",
        "stable",
        "stable",
        "stable",
        "stable",
        "stable",
        "stable",
        "stable",
        "stable",
        "stable",
        "stable",
        "stable",
        "stable",
        "stable",
        "stable",
        "stable"
    ],
    "initial_spread": "i",
    "largest_convergence_window": 52,
    "lost_messages": [
        37,
        49,
        54,
        50,
        44,
        44,
        56,
        47,
        46,
        47,
        55,
        41,
        35,
        44,
        42,
        46,
        46,
        36,
        52,
        62,
        47,
        57,
        40,
        49,
        48,
        61,
        58,
        46,
        46,
        35,
        59,
        42,
        40,
        47,
        34,
        39,
        60,
        65,
        46,
        49,
        59,
        50,
        43,
        41,
        47,
        47,
        43,
        56,
        52,
        37,
        42,
        45,
        42,
        39,
        43,
        44,
        52,
        44,
        50,
        40,
        54,
        38,
        48,
        55,
        59,
        38,
        39,
        41,
        54,
        47,
        47,
        45,
        43,
        47,
        48,
        53,
        39,
        41,
        62,
        50,
        58,
        43,
        50,
        59,
        46,
        38,
        43,
        51,
        37,
        39,
        42,
        42,
        39,
        45,
        51,
        50,
        55,
        43,
        55,
        52,
        46,
        49,
        55,
        40,
        42,
        48,
        41,
        47,
        44,
        37,
        51,
        50,
        43,
        56,
        50,
        49,
        51,
        43,
        46,
        47,
        43,
        50,
        52,
        47,
        48,
        47,
        44,
        50,
        60,
        56,
        66,
        55,
        68,
        59,
        54,
        57,
        50,
        43,
        61,
        64,
        62,
        64,
        66,
        55,
        59,
        58,
        48,
        62,
        50,
        50,
        63,
        43,
        64,
        54,
        63,
        71,
        56,
        62,
        58,
        54,
        61,
        45,
        57,
        57,
        57,
        68,
        65,
        61,
        59,
        64,
        60,
        53,
        58,
        66,
        53,
        72,
        48,
        76,
        63,
        54,
        50,
        71,
        78,
        55,
        52,
        56,
        56,
        56,
        60,
        45,
        51,
        72,
        56,
        49,
        50,
        63,
        52,
        66,
        65,
        67,
        53,
        64,
        63,
        68,
        63,
        53,
        75,
        54,
        60,
        50,
        64,
        65,
        66,
        55,
        73,
        65,
        59,
        59,
        49,
        60,
        69,
        53,
        49,
        54,
        48,
        49,
        65,
        59,
        61,
        59,
        52,
        65,
        70,
        65,
        64,
        59,
        64,
        61,
        56,
        71,
        54,
        60,
        55,
        53,
        65,
        52,
        60,
        56,
        59,
        71,
        63,
        52,
        62,
        67,
        46,
        59,
        57,
        58,
        50,
        56,
        64,
        52,
        52,
        51,
        53,
        62,
        61,
        52,
        61,
        52,
        55,
        49,
        51,
        74,
        53,
        51,
        44,
        51,
        45,
        52,
        51,
        64,
        66,
        52,
        62,
        66,
        60,
        55,
        56,
        59,
        51,
        76,
        63,
        56,
        64,
        56,
        51,
        55,
        56,
        61,
        60,
        50,
        71,
        53,
        64,
        43,
        48,
        52,
        62,
        56,
        56,
        53,
        49,
        59,
        56,
        53,
        57,
        68,
        58,
        52,
        60,
        72,
        60,
        48,
        62,
        52,
        61,
        65,
        67,
        60,
        46,
        60,
        51,
        57,
        50,
        53,
        73,
        52,
        71,
        56,
        58,
        54,
        52,
        51,
        59,
        48,
        68,
        62,
        70,
        60,
        72,
        62,
        46,
        62,
        48,
        57,
        63,
        56,
        51,
        61,
        45,
        55,
        55,
        68,
        60,
        65,
        58,
        65
    ],
    "lost_parts": [
        0,
        0,
        0,
        0,
        0,
        0,
        0,
        0,
        0,
        0,
        0,
        0,
        0,
        0,
        0,
        0,
        0,
        0,
        0,
        0,
        0,
        0,
        0,
        0,
        0,
        0,
        0,
        0,
        0,
        0,
        0,
        0,
        0,
        0,
        0,
        0,
        0,
        0,
        0,
        0,
        0,
        0,
        0,
        0,
        0,
        0,
        0,
        0,
        0,
        0,
        0,
        0,
        0,
        0,
        0,
        0,
        0,
        0,
        0,
        0,
        0,
        0,
        0,
        0,
        0,
        0,
        0,
        0,
        0,
        0,
        0,
        0,
        0,
        0,
        0,
        0,
        0,
        0,
        0,
        0,
        0,
        0,
        0,
        0,
        0,
        0,
        0,
        0,
        0,
        0,
        0,
        0,
        0,
        0,
        0,
        0,
        0,
        0,
        0,
        0,
        0,
        0,
        0,
        0,
        0,
        0,
        0,
        0,
        0,
        0,
        0,
        0,
        0,
        0,
        0,
        0,
        0,
        0,
        0,
        0,
        0,
        0,
        0,
        0,
        0,
        0,
        0,
        41,
        0,
        0,
        0,
        0,
        0,
        0,
        0,
        0,
        0,
        0,
        0,
        0,
        0,
        0,
        0,
        0,
        0,
        0,
        0,
        0,
        0,
        0,
        0,
        0,
        0,
        0,
        0,
        0,
        0,
        0,
        0,
        0,
        0,
        0,
        0,
        0,
        0,
        0,
        0,
        0,
        0,
        0,
        0,
        0,
        0,
        0,
        0,
        0,
        0,
        0,
        0,
        0,
        0,
        0,
        0,
        0,
        0,
        0,
        0,
        0,
        0,
        0,
        0,
        0,
        0,
        0,
        0,
        0,
        0,
        0,
        0,
        0,
        0,
        0,
        0,
        0,
        0,
        0,
        0,
        0,
        0,
        0,
        0,
        0,
        0,
        0,
        0,
        0,
        0,
        0,
        0,
        0,
        0,
        0,
        0,
        0,
        0,
        0,
        0,
        0,
        0,
        0,
        0,
        0,
        0,
        0,
        0,
        0,
        0,
        0,
        0,
        0,
        0,
        0,
        0,
        0,
        0,
        0,
        0,
        0,
        0,
        0,
        0,
        0,
        0,
        0,
        0,
        0,
        0,
        0,
        0,
        0,
        0,
        0,
        0,
        0,
        0,
        0,
        0,
        0,
        0,
        0,
        0,
        0,
        0,
        0,
        0,
        0,
        0,
        0,
        0,
        0,
        0,
        0,
        0,
        0,
        0,
        0,
        0,
        0,
        0,
        0,
        0,
        0,
        0,
        0,
        0,
        0,
        0,
        0,
        0,
        0,
        0,
        0,
        0,
        0,
        0,
        0,
        0,
        0,
        0,
        0,
        0,
        0,
        0,
        0,
        0,
        0,
        0,
        0,
        0,
        0,
        0,
        0,
        0,
        0,
        0,
        0,
        0,
        0,
        0,
        0,
        0,
        0,
        0,
        0,
        0,
        0,
        0,
        0,
        0,
        0,
        0,
        0,
        0,
        0,
        0,
        0,
        0,
        0,
        0,
        0,
        0,
        0,
        0,
        0,
        0,
        0,
        0,
        0,
        0,
        0,
        0,
        0,
        0,
        0,
        0,
        0,
        0,
        0
    ],
    "max_epochs": 720,
    "max_recovery_delay": 4,
    "min_recovery_delay": 1,
    "moved_parts": [
        1098,
        1187,
        1173,
        1162,
        1176,
        1183,
        1182,
        1216,
        1173,
        1195,
        1189,
        1172,
        1144,
        1156,
        1168,
        1154,
        1161,
        1151,
        1196,
        1146,
        1209,
        1190,
        1196,
        1147,
        1143,
        1147,
        1202,
        1183,
        1173,
        1161,
        1186,
        1183,
        1157,
        1160,
        1176,
        1196,
        1178,
        1192,
        1158,
        1173,
        1195,
        1138,
        1185,
        1159,
        1160,
        1183,
        1197,
        1181,
        1209,
        1202,
        1190,
        1143,
        1183,
        1170,
        1158,
        1209,
        1214,
        1189,
        1190,
        1174,
        1172,
        1176,
        1176,
        1163,
        1161,
        1175,
        1184,
        1144,
        1133,
        1144,
        1163,
        1204,
        1177,
        1215,
        1179,
        1197,
        1169,
        1147,
        1135,
        1190,
        1134,
        1164,
        1187,
        1154,
        1127,
        1196,
        1200,
        1210,
        1167,
        1202,
        1162,
        1184,
        1129,
        1192,
        1185,
        1193,
        1144,
        1144,
        1170,
        1162,
        1133,
        1149,
        1175,
        1171,
        1204,
        1133,
        1161,
        1217,
        1176,
        1170,
        1184,
        1206,
        1151,
        1132,
        1158,
        1183,
        1190,
        1165,
        1178,
        1166,
        1141,
        1195,
        1148,
        1160,
        1191,
        1126,
        1176,
        1129,
        1410,
        1465,
        1471,
        1507,
        1458,
        1449,
        1422,
        1440,
        1441,
        1451,
        1445,
        1455,
        1452,
        1435,
        1430,
        1469,
        1430,
        1454,
        1447,
        1465,
        1509,
        1453,
        1499,
        1434,
        1487,
        1464,
        1458,
        1435,
        1430,
        1455,
        1440,
        1476,
        1465,
        1481,
        1454,
        1448,
        1499,
        1462,
        1508,
        1505,
        1413,
        1476,
        1412,
        1473,
        1513,
        1453,
        1460,
        1431,
        1413,
        1513,
        1448,
        1467,
        1452,
        1465,
        1436,
        1469,
        1459,
        1453,
        1482,
        1462,
        1430,
        1438,
        1457,
        1431,
        1445,
        1458,
        1477,
        1423,
        1489,
        1450,
        1416,
        1480,
        1448,
        1448,
        1474,
        1498,
        1468,
        1443,
        1452,
        1450,
        1448,
        1430,
        1452,
        1444,
        1453,
        1471,
        1471,
        1404,
        1434,
        1447,
        1421,
        1500,
        1458,
        1403,
        1436,
        1425,
        1420,
        1437,
        1493,
        1453,
        1463,
        1457,
        1451,
        1456,
        1462,
        1450,
        1403,
        1444,
        1389,
        1457,
        1491,
        1457,
        1443,
        1431,
        1456,
        1470,
        1468,
        1441,
        1469,
        1429,
        1474,
        1474,
        1435,
        1420,
        1419,
        1452,
        1472,
        1433,
        1475,
        1485,
        1459,
        1472,
        1425,
        1434,
        1452,
        1462,
        1451,
        1411,
        1457,
        1431,
        1410,
        1437,
        1413,
        1449,
        1459,
        1439,
        1444,
        1439,
        1486,
        1462,
        1437,
        1475,
        1452,
        1434,
        1455,
        1433,
        1463,
        1480,
        1480,
        1466,
        1495,
        1501,
        1494,
        1489,
        1478,
        1446,
        1431,
        1486,
        1464,
        1448,
        1448,
        1447,
        1443,
        1429,
        1476,
        1472,
        1467,
        1467,
        1460,
        1435,
        1426,
        1442,
        1439,
        1526,
        1461,
        1409,
        1482,
        1493,
        1476,
        1456,
        1486,
        1437,
        1422,
        1425,
        1465,
        1459,
        1482,
        1424,
        1483,
        1454,
        1443,
        1428,
        1479,
        1482,
        1450,
        1436,
        1442,
        1462,
        1414,
        1469,
        1449,
        1432,
        1466,
        1444,
        1479,
        1434,
        1403,
        1397,
        1445,
        1472,
        1458,
        1406,
        1447,
        1448,
        1452,
        1431,
        1401,
        1438,
        1471,
        1466,
        1469,
        1454,
        1436,
        1446,
        1476,
        1447,
        1495,
        1434,
        1441,
        1432
    ],
    "msg": [
        "lost all replicas of file part with id: FBZ_0134.NEF_#_27, and last loss was due to corruption"
    ],
    "original_hive_size": 8,
    "parts_in_hive": [
        1083,
        1083,
        1082,
        1080,
        1077,
        1078,
        1077,
        1076,
        1077,
        1074,
        1077,
        1077,
        1075,
        1075,
        1077,
        1072,
        1070,
        1071,
        1075,
        1078,
        1074,
        1070,
        1063,
        1061,
        1055,
        1063,
        1064,
        1065,
        1069,
        1072,
        1071,
        1070,
        1067,
        1068,
        1068,
        1068,
        1070,
        1070,
        1064,
        1065,
        1066,
        1066,
        1063,
        1066,
        1063,
        1070,
        1070,
        1074,
        1071,
        1069,
        1076,
        1072,
        1068,
        1063,
        1064,
        1061,
        1066,
        1070,
        1067,
        1068,
        1066,
        1063,
        1067,
        1065,
        1061,
        1062,
        1065,
        1064,
        1061,
        1058,
        1063,
        1068,
        1068,
        1068,
        1075,
        1068,
        1064,
        1063,
        1062,
        1068,
        1072,
        1067,
        1064,
        1058,
        1061,
        1064,
        1064,
        1061,
        1060,
        1057,
        1057,
        1066,
        1066,
        1064,
        1062,
        1062,
        1057,
        1065,
        1066,
        1066,
        1069,
        1068,
        1069,
        1072,
        1068,
        1062,
        1065,
        1066,
        1064,
        1066,
        1064,
        1057,
        1055,
        1060,
        1061,
        1059,
        1064,
        1065,
        1062,
        1065,
        1060,
        1063,
        1063,
        1062,
        1058,
        1057,
        1059,
        1016,
        1026,
        1040,
        1043,
        1057,
        1050,
        1054,
        1057,
        1057,
        1062,
        1062,
        1057,
        1060,
        1059,
        1064,
        1058,
        1056,
        1056,
        1053,
        1055,
        1053,
        1068,
        1062,
        1062,
        1061,
        1066,
        1068,
        1064,
        1059,
        1068,
        1067,
        1068,
        1067,
        1070,
        1061,
        1058,
        1061,
        1062,
        1061,
        1063,
        1060,
        1052,
        1050,
        1053,
        1056,
        1065,
        1065,
        1066,
        1063,
        1062,
        1055,
        1066,
        1065,
        1064,
        1061,
        1055,
        1057,
        1048,
        1044,
        1051,
        1055,
        1059,
        1047,
        1052,
        1058,
        1053,
        1056,
        1066,
        1066,
        1062,
        1060,
        1050,
        1058,
        1055,
        1057,
        1056,
        1055,
        1056,
        1057,
        1055,
        1056,
        1062,
        1059,
        1059,
        1059,
        1062,
        1057,
        1053,
        1054,
        1055,
        1052,
        1049,
        1051,
        1055,
        1047,
        1054,
        1053,
        1053,
        1058,
        1063,
        1060,
        1052,
        1051,
        1050,
        1053,
        1062,
        1063,
        1054,
        1052,
        1053,
        1054,
        1056,
        1054,
        1052,
        1060,
        1054,
        1060,
        1057,
        1058,
        1051,
        1056,
        1061,
        1056,
        1050,
        1045,
        1054,
        1052,
        1056,
        1058,
        1055,
        1059,
        1067,
        1061,
        1053,
        1053,
        1058,
        1058,
        1056,
        1055,
        1063,
        1062,
        1065,
        1055,
        1054,
        1061,
        1065,
        1069,
        1064,
        1056,
        1056,
        1054,
        1062,
        1061,
        1058,
        1059,
        1058,
        1058,
        1061,
        1054,
        1050,
        1049,
        1053,
        1057,
        1059,
        1056,
        1052,
        1055,
        1046,
        1052,
        1054,
        1050,
        1045,
        1047,
        1047,
        1055,
        1055,
        1049,
        1052,
        1053,
        1054,
        1051,
        1046,
        1049,
        1054,
        1063,
        1060,
        1056,
        1051,
        1058,
        1059,
        1058,
        1052,
        1053,
        1053,
        1048,
        1056,
        1059,
        1058,
        1059,
        1059,
        1056,
        1058,
        1062,
        1055,
        1054,
        1054,
        1053,
        1060,
        1062,
        1064,
        1064,
        1068,
        1057,
        1055,
        1052,
        1054,
        1059,
        1055,
        1053,
        1051,
        1057,
        1057,
        1056,
        1051,
        1049,
        1047,
        1054,
        1057,
        1061,
        1067,
        1059,
        1058,
        1052,
        1051,
        1058,
        1060,
        1056,
        1057,
        1043,
        1046,
        1041
    ],
    "read_size": 131072,
    "redundant_size": 14,
    "replication_level": 3,
    "simfile_name": "min4-mean90-std32-i.json",
    "successfull": false,
    "sufficient_size_threshold": 6,
    "terminated": 368
}
