{
    "channel_loss": 0.04,
    "convergence_set": [],
    "convergence_sets": [
        [
            4,
            5,
            6
        ],
        [
            17,
            18,
            19
        ],
        [
            22,
            23
        ],
        [
            26
        ],
        [
            29
        ],
        [
            33
        ],
        [
            54
        ],
        [
            85
        ],
        [
            100
        ],
        [
            108
        ],
        [
            113,
            114
        ],
        [
            117
        ],
        [
            122
        ],
        [
            132
        ]
    ],
    "convergence_treshold": 2,
    "corrupted_parts": [
        0,
        0,
        2,
        1,
        1,
        3,
        2,
        3,
        5,
        4,
        2,
        1,
        5,
        7,
        2,
        2,
        6,
        6,
        3,
        4,
        3,
        3,
        6,
        7,
        4,
        7,
        7,
        8,
        8,
        7,
        7,
        6,
        7,
        8,
        5,
        5,
        4,
        9,
        10,
        2,
        4,
        5,
        5,
        4,
        11,
        9,
        8,
        9,
        9,
        6,
        5,
        6,
        2,
        7,
        9,
        11,
        8,
        4,
        7,
        7,
        7,
        8,
        9,
        6,
        10,
        6,
        6,
        8,
        13,
        2,
        7,
        5,
        8,
        8,
        5,
        13,
        10,
        4,
        10,
        3,
        9,
        4,
        2,
        4,
        10,
        6,
        8,
        8,
        7,
        10,
        5,
        6,
        4,
        8,
        3,
        5,
        12,
        4,
        6,
        12,
        8,
        10,
        7,
        6,
        5,
        13,
        4,
        7,
        12,
        6,
        10,
        7,
        3,
        4,
        13,
        7,
        6,
        7,
        8,
        13,
        8,
        8,
        5,
        13,
        10,
        9,
        8,
        12,
        12,
        4,
        9,
        9,
        10,
        9,
        6,
        13,
        11,
        10,
        5,
        2,
        10,
        8,
        7,
        9,
        6,
        6,
        7,
        9,
        5,
        12,
        13,
        9,
        7
    ],
    "corruption_chance_tod": 0.007282304769391996,
    "critical_size_threshold": 3,
    "cswc": 0,
    "delay": [
        0,
        0,
        2.0,
        2.0,
        4.0,
        2.0,
        2.0,
        1.6666666666666667,
        3.0,
        2.5,
        3.0,
        4.0,
        2.8,
        2.2857142857142856,
        2.5,
        2.5,
        3.3333333333333335,
        3.0,
        3.6666666666666665,
        1.5,
        3.3333333333333335,
        2.6666666666666665,
        2.6666666666666665,
        2.2857142857142856,
        2.25,
        2.5714285714285716,
        2.857142857142857,
        2.75,
        3.125,
        3.0,
        2.7142857142857144,
        1.3333333333333333,
        2.5714285714285716,
        2.5,
        2.4,
        2.8,
        3.25,
        2.888888888888889,
        1.9,
        2.5,
        2.5,
        3.0,
        2.8,
        1.75,
        2.5454545454545454,
        2.111111111111111,
        2.625,
        2.5555555555555554,
        2.6666666666666665,
        2.1666666666666665,
        2.2,
        2.5,
        1.5,
        2.5714285714285716,
        2.5555555555555554,
        2.272727272727273,
        2.875,
        1.0,
        2.7142857142857144,
        1.8571428571428572,
        2.2857142857142856,
        2.75,
        2.2222222222222223,
        2.6666666666666665,
        2.1,
        2.0,
        2.8333333333333335,
        2.125,
        2.3846153846153846,
        3.0,
        2.7142857142857144,
        2.2,
        1.625,
        3.125,
        2.8,
        2.1538461538461537,
        2.6,
        3.25,
        2.8,
        2.3333333333333335,
        2.3333333333333335,
        3.25,
        1.5,
        2.25,
        2.6,
        3.3333333333333335,
        1.875,
        2.5,
        2.5714285714285716,
        2.9,
        2.2,
        1.5,
        2.0,
        2.375,
        1.6666666666666667,
        2.8,
        2.5,
        3.0,
        2.3333333333333335,
        3.0,
        2.625,
        1.9,
        2.5714285714285716,
        2.0,
        1.6,
        2.3846153846153846,
        3.0,
        2.0,
        1.8333333333333333,
        2.3333333333333335,
        2.5,
        2.142857142857143,
        3.0,
        2.0,
        2.5384615384615383,
        2.2857142857142856,
        2.1666666666666665,
        3.142857142857143,
        2.5,
        2.6153846153846154,
        2.125,
        2.0,
        2.6,
        2.3076923076923075,
        2.1,
        2.4444444444444446,
        2.375,
        2.6666666666666665,
        2.6666666666666665,
        2.25,
        3.111111111111111,
        2.7777777777777777,
        2.4,
        2.0,
        2.1666666666666665,
        1.7692307692307692,
        2.3636363636363638,
        2.0,
        2.8,
        3.0,
        3.0,
        2.25,
        3.0,
        2.7777777777777777,
        2.0,
        2.0,
        3.4285714285714284,
        2.7777777777777777,
        3.6,
        2.5,
        3.076923076923077,
        2.3333333333333335,
        2.6666666666666665
    ],
    "disconnected_workers": [
        0,
        0,
        0,
        0,
        0,
        0,
        0,
        0,
        0,
        0,
        0,
        0,
        0,
        0,
        0,
        0,
        0,
        0,
        0,
        0,
        0,
        0,
        0,
        0,
        0,
        0,
        0,
        0,
        0,
        0,
        0,
        0,
        0,
        0,
        0,
        0,
        0,
        0,
        0,
        0,
        0,
        0,
        0,
        0,
        0,
        0,
        0,
        0,
        0,
        0,
        0,
        0,
        0,
        0,
        0,
        0,
        0,
        0,
        0,
        0,
        0,
        0,
        0,
        0,
        0,
        0,
        0,
        0,
        0,
        0,
        0,
        0,
        0,
        0,
        0,
        0,
        0,
        0,
        0,
        0,
        0,
        0,
        0,
        0,
        0,
        0,
        0,
        0,
        0,
        0,
        0,
        0,
        0,
        0,
        0,
        0,
        0,
        0,
        0,
        0,
        0,
        0,
        0,
        0,
        0,
        0,
        0,
        0,
        0,
        0,
        0,
        0,
        0,
        0,
        0,
        0,
        0,
        0,
        0,
        0,
        0,
        0,
        0,
        0,
        0,
        0,
        0,
        0,
        0,
        0,
        0,
        0,
        0,
        0,
        0,
        0,
        0,
        0,
        0,
        0,
        0,
        0,
        0,
        0,
        0,
        0,
        0,
        0,
        0,
        0,
        0,
        0,
        0
    ],
    "file_name": "FBZ_0134.NEF",
    "hive_id": "59630180-e7af-4911-9e11-f367dd15e17c",
    "hive_size_after_maintenance": [
        8,
        8,
        8,
        8,
        8,
        8,
        8,
        8,
        8,
        8,
        8,
        8,
        8,
        8,
        8,
        8,
        8,
        8,
        8,
        8,
        8,
        8,
        8,
        8,
        8,
        8,
        8,
        8,
        8,
        8,
        8,
        8,
        8,
        8,
        8,
        8,
        8,
        8,
        8,
        8,
        8,
        8,
        8,
        8,
        8,
        8,
        8,
        8,
        8,
        8,
        8,
        8,
        8,
        8,
        8,
        8,
        8,
        8,
        8,
        8,
        8,
        8,
        8,
        8,
        8,
        8,
        8,
        8,
        8,
        8,
        8,
        8,
        8,
        8,
        8,
        8,
        8,
        8,
        8,
        8,
        8,
        8,
        8,
        8,
        8,
        8,
        8,
        8,
        8,
        8,
        8,
        8,
        8,
        8,
        8,
        8,
        8,
        8,
        8,
        8,
        8,
        8,
        8,
        8,
        8,
        8,
        8,
        8,
        8,
        8,
        8,
        8,
        8,
        8,
        8,
        8,
        8,
        8,
        8,
        8,
        8,
        8,
        8,
        8,
        8,
        8,
        8,
        8,
        8,
        8,
        8,
        8,
        8,
        8,
        8,
        8,
        8,
        8,
        8,
        8,
        8,
        8,
        8,
        8,
        8,
        8,
        8,
        8,
        8,
        8,
        8,
        8,
        8
    ],
    "hive_size_before_maintenance": [
        8,
        8,
        8,
        8,
        8,
        8,
        8,
        8,
        8,
        8,
        8,
        8,
        8,
        8,
        8,
        8,
        8,
        8,
        8,
        8,
        8,
        8,
        8,
        8,
        8,
        8,
        8,
        8,
        8,
        8,
        8,
        8,
        8,
        8,
        8,
        8,
        8,
        8,
        8,
        8,
        8,
        8,
        8,
        8,
        8,
        8,
        8,
        8,
        8,
        8,
        8,
        8,
        8,
        8,
        8,
        8,
        8,
        8,
        8,
        8,
        8,
        8,
        8,
        8,
        8,
        8,
        8,
        8,
        8,
        8,
        8,
        8,
        8,
        8,
        8,
        8,
        8,
        8,
        8,
        8,
        8,
        8,
        8,
        8,
        8,
        8,
        8,
        8,
        8,
        8,
        8,
        8,
        8,
        8,
        8,
        8,
        8,
        8,
        8,
        8,
        8,
        8,
        8,
        8,
        8,
        8,
        8,
        8,
        8,
        8,
        8,
        8,
        8,
        8,
        8,
        8,
        8,
        8,
        8,
        8,
        8,
        8,
        8,
        8,
        8,
        8,
        8,
        8,
        8,
        8,
        8,
        8,
        8,
        8,
        8,
        8,
        8,
        8,
        8,
        8,
        8,
        8,
        8,
        8,
        8,
        8,
        8,
        8,
        8,
        8,
        8,
        8,
        8
    ],
    "hive_status_before_maintenance": [
        "stable",
        "stable",
        "stable",
        "stable",
        "stable",
        "stable",
        "stable",
        "stable",
        "stable",
        "stable",
        "stable",
        "stable",
        "stable",
        "stable",
        "stable",
        "stable",
        "stable",
        "stable",
        "stable",
        "stable",
        "stable",
        "stable",
        "stable",
        "stable",
        "stable",
        "stable",
        "stable",
        "stable",
        "stable",
        "stable",
        "stable",
        "stable",
        "stable",
        "stable",
        "stable",
        "stable",
        "stable",
        "stable",
        "stable",
        "stable",
        "stable",
        "stable",
        "stable",
        "stable",
        "stable",
        "stable",
        "stable",
        "stable",
        "stable",
        "stable",
        "stable",
        "stable",
        "stable",
        "stable",
        "stable",
        "stable",
        "stable",
        "stable",
        "stable",
        "stable",
        "stable",
        "stable",
        "stable",
        "stable",
        "stable",
        "stable",
        "stable",
        "stable",
        "stable",
        "stable",
        "stable",
        "stable",
        "stable",
        "stable",
        "stable",
        "stable",
        "stable",
        "stable",
        "stable",
        "stable",
        "stable",
        "stable",
        "stable",
        "stable",
        "stable",
        "stable",
        "stable",
        "stable",
        "stable",
        "stable",
        "stable",
        "stable",
        "stable",
        "stable",
        "stable",
        "stable",
        "stable",
        "stable",
        "stable",
        "stable",
        "stable",
        "stable",
        "stable",
        "stable",
        "stable",
        "stable",
        "stable",
        "stable",
        "stable",
        "stable",
        "stable",
        "stable",
        "stable",
        "stable",
        "stable",
        "stable",
        "stable",
        "stable",
        "stable",
        "stable",
        "stable",
        "stable",
        "stable",
        "stable",
        "stable",
        "stable",
        "stable",
        "stable",
        "stable",
        "stable",
        "stable",
        "stable",
        "stable",
        "stable",
        "stable",
        "stable",
        "stable",
        "stable",
        "stable",
        "stable",
        "stable",
        "stable",
        "stable",
        "stable",
        "stable",
        "stable",
        "stable",
        "stable",
        "stable",
        "stable",
        "stable",
        "stable",
        "stable"
    ],
    "initial_spread": "i",
    "largest_convergence_window": 3,
    "lost_messages": [
        53,
        56,
        49,
        65,
        50,
        55,
        51,
        54,
        59,
        51,
        45,
        56,
        49,
        56,
        61,
        46,
        61,
        60,
        54,
        70,
        50,
        57,
        48,
        45,
        44,
        60,
        54,
        53,
        45,
        51,
        25,
        73,
        58,
        56,
        55,
        40,
        57,
        60,
        56,
        40,
        56,
        53,
        66,
        49,
        41,
        55,
        48,
        58,
        66,
        53,
        50,
        53,
        48,
        42,
        46,
        55,
        64,
        54,
        47,
        48,
        59,
        55,
        55,
        48,
        53,
        42,
        49,
        54,
        46,
        48,
        45,
        45,
        52,
        53,
        64,
        59,
        45,
        49,
        43,
        43,
        47,
        56,
        65,
        53,
        47,
        58,
        47,
        54,
        43,
        57,
        64,
        61,
        56,
        39,
        52,
        52,
        58,
        41,
        56,
        50,
        51,
        57,
        57,
        64,
        56,
        58,
        56,
        51,
        47,
        64,
        59,
        64,
        44,
        52,
        51,
        51,
        63,
        58,
        49,
        46,
        56,
        54,
        61,
        49,
        39,
        53,
        55,
        53,
        65,
        57,
        60,
        55,
        58,
        45,
        54,
        54,
        46,
        55,
        62,
        34,
        51,
        42,
        50,
        51,
        46,
        52,
        44,
        48,
        56,
        44,
        64,
        49,
        51
    ],
    "lost_parts": [
        0,
        0,
        0,
        0,
        0,
        0,
        0,
        0,
        0,
        0,
        0,
        0,
        0,
        0,
        0,
        0,
        0,
        0,
        0,
        0,
        0,
        0,
        0,
        0,
        0,
        0,
        0,
        0,
        0,
        0,
        0,
        0,
        0,
        0,
        0,
        0,
        0,
        0,
        0,
        0,
        0,
        0,
        0,
        0,
        0,
        0,
        0,
        0,
        0,
        0,
        0,
        0,
        0,
        0,
        0,
        0,
        0,
        0,
        0,
        0,
        0,
        0,
        0,
        0,
        0,
        0,
        0,
        0,
        0,
        0,
        0,
        0,
        0,
        0,
        0,
        0,
        0,
        0,
        0,
        0,
        0,
        0,
        0,
        0,
        0,
        0,
        0,
        0,
        0,
        0,
        0,
        0,
        0,
        0,
        0,
        0,
        0,
        0,
        0,
        0,
        0,
        0,
        0,
        0,
        0,
        0,
        0,
        0,
        0,
        0,
        0,
        0,
        0,
        0,
        0,
        0,
        0,
        0,
        0,
        0,
        0,
        0,
        0,
        0,
        0,
        0,
        0,
        0,
        0,
        0,
        0,
        0,
        0,
        0,
        0,
        0,
        0,
        0,
        0,
        0,
        0,
        0,
        0,
        0,
        0,
        0,
        0,
        0,
        0,
        0,
        0,
        0,
        0
    ],
    "max_epochs": 720,
    "max_recovery_delay": 4,
    "min_recovery_delay": 1,
    "moved_parts": [
        1218,
        1273,
        1274,
        1301,
        1235,
        1330,
        1261,
        1272,
        1307,
        1260,
        1296,
        1267,
        1263,
        1275,
        1255,
        1295,
        1286,
        1225,
        1242,
        1245,
        1274,
        1247,
        1263,
        1250,
        1275,
        1247,
        1277,
        1267,
        1280,
        1230,
        1262,
        1304,
        1232,
        1265,
        1283,
        1248,
        1275,
        1275,
        1263,
        1273,
        1280,
        1324,
        1285,
        1261,
        1276,
        1263,
        1265,
        1236,
        1272,
        1284,
        1263,
        1290,
        1265,
        1270,
        1284,
        1286,
        1298,
        1298,
        1272,
        1253,
        1263,
        1291,
        1268,
        1249,
        1256,
        1209,
        1263,
        1288,
        1254,
        1266,
        1276,
        1251,
        1311,
        1260,
        1262,
        1311,
        1298,
        1259,
        1295,
        1324,
        1289,
        1267,
        1321,
        1289,
        1265,
        1275,
        1209,
        1242,
        1264,
        1279,
        1227,
        1282,
        1267,
        1267,
        1258,
        1289,
        1299,
        1246,
        1296,
        1249,
        1216,
        1276,
        1213,
        1304,
        1259,
        1278,
        1268,
        1281,
        1291,
        1294,
        1308,
        1290,
        1246,
        1251,
        1281,
        1267,
        1250,
        1253,
        1238,
        1264,
        1298,
        1298,
        1275,
        1285,
        1269,
        1244,
        1287,
        1278,
        1295,
        1256,
        1319,
        1285,
        1253,
        1239,
        1252,
        1255,
        1245,
        1291,
        1258,
        1294,
        1273,
        1305,
        1271,
        1250,
        1246,
        1231,
        1306,
        1237,
        1276,
        1278,
        1291,
        1273,
        1270
    ],
    "msg": [
        "lost all replicas of file part with id: FBZ_0134.NEF_#_214, and last loss was due to corruption"
    ],
    "original_hive_size": 8,
    "parts_in_hive": [
        1083,
        1083,
        1081,
        1081,
        1080,
        1079,
        1077,
        1078,
        1076,
        1073,
        1074,
        1077,
        1075,
        1070,
        1071,
        1076,
        1072,
        1070,
        1071,
        1067,
        1073,
        1075,
        1072,
        1068,
        1070,
        1068,
        1067,
        1064,
        1065,
        1061,
        1060,
        1064,
        1066,
        1069,
        1069,
        1067,
        1070,
        1067,
        1059,
        1068,
        1072,
        1073,
        1071,
        1069,
        1065,
        1064,
        1065,
        1060,
        1060,
        1062,
        1067,
        1071,
        1073,
        1072,
        1066,
        1063,
        1059,
        1065,
        1071,
        1067,
        1070,
        1064,
        1065,
        1065,
        1061,
        1065,
        1069,
        1068,
        1058,
        1068,
        1067,
        1069,
        1066,
        1068,
        1068,
        1061,
        1059,
        1064,
        1061,
        1066,
        1064,
        1067,
        1072,
        1073,
        1069,
        1067,
        1063,
        1065,
        1065,
        1064,
        1063,
        1062,
        1072,
        1071,
        1073,
        1072,
        1066,
        1068,
        1066,
        1061,
        1060,
        1056,
        1060,
        1068,
        1070,
        1063,
        1070,
        1066,
        1062,
        1066,
        1066,
        1065,
        1069,
        1070,
        1066,
        1066,
        1064,
        1065,
        1065,
        1059,
        1056,
        1063,
        1066,
        1063,
        1060,
        1059,
        1065,
        1059,
        1056,
        1059,
        1063,
        1061,
        1057,
        1056,
        1065,
        1063,
        1061,
        1062,
        1064,
        1074,
        1067,
        1062,
        1064,
        1061,
        1062,
        1065,
        1067,
        1065,
        1064,
        1057,
        1053,
        1052,
        1058
    ],
    "read_size": 131072,
    "redundant_size": 14,
    "replication_level": 3,
    "simfile_name": "min4-mean78-std32-i.json",
    "successfull": false,
    "sufficient_size_threshold": 6,
    "terminated": 153
}
