{
    "channel_loss": 0.04,
    "convergence_set": [],
    "convergence_sets": [],
    "convergence_treshold": 2,
    "corrupted_parts": [
        0,
        1,
        1,
        3,
        3,
        1,
        2,
        2,
        0,
        3,
        2,
        3,
        4,
        5,
        3,
        6,
        4,
        2,
        3,
        8,
        5,
        4,
        7,
        6,
        4,
        5,
        2,
        7,
        5,
        6,
        12,
        1,
        2,
        2,
        4,
        3,
        11,
        5,
        5,
        4,
        1,
        13,
        5,
        9,
        3,
        10,
        10,
        6,
        9,
        5,
        4,
        7,
        5,
        9,
        7,
        7,
        4,
        4,
        8,
        5,
        9,
        6,
        9,
        7,
        7,
        14,
        2,
        7,
        8,
        5,
        6,
        16,
        10,
        4,
        8,
        6,
        4,
        8,
        8,
        8,
        9,
        14,
        9,
        7,
        10,
        9,
        8,
        8,
        5,
        7,
        10,
        8,
        9,
        7,
        6,
        13,
        7,
        4,
        8,
        7,
        8,
        8,
        8,
        13,
        7,
        9,
        6,
        13,
        5,
        9,
        11,
        8,
        11,
        7,
        6,
        9,
        11,
        5,
        10,
        7,
        6,
        9,
        13,
        11,
        10,
        5,
        9,
        9,
        9,
        7,
        5,
        13,
        6,
        7,
        14,
        10,
        7,
        16,
        9,
        9,
        9,
        7,
        8,
        12,
        8,
        11,
        8,
        8,
        5,
        7,
        3,
        9,
        5,
        12,
        11,
        13,
        7,
        8,
        7,
        11,
        12,
        10,
        4,
        8,
        8,
        10,
        9,
        3,
        12,
        7,
        10,
        11,
        10,
        8,
        4,
        10,
        11,
        11,
        9,
        11,
        10,
        14,
        9,
        9,
        9,
        4,
        13,
        11,
        14,
        12,
        14,
        13,
        6,
        12,
        10,
        10,
        13,
        9,
        8,
        9,
        9,
        6,
        8,
        4,
        7,
        14,
        13,
        11,
        10,
        8,
        10,
        11,
        14,
        8,
        6,
        9,
        8,
        9,
        8,
        16,
        5,
        8,
        9,
        13,
        13,
        11,
        10,
        6,
        6,
        8,
        13,
        11,
        7,
        6,
        10,
        9,
        11,
        10,
        9,
        6,
        3
    ],
    "corruption_chance_tod": 0.007940056808582894,
    "critical_size_threshold": 3,
    "cswc": 0,
    "delay": [
        0,
        4.0,
        2.0,
        3.3333333333333335,
        2.0,
        3.0,
        2.5,
        2.5,
        0,
        2.6666666666666665,
        2.5,
        2.6666666666666665,
        2.25,
        2.6,
        2.0,
        2.6666666666666665,
        2.25,
        2.5,
        2.3333333333333335,
        2.375,
        1.6,
        2.25,
        2.5714285714285716,
        3.0,
        2.75,
        2.4,
        1.5,
        2.142857142857143,
        3.6,
        2.6666666666666665,
        1.8333333333333333,
        1.0,
        1.5,
        2.0,
        1.5,
        2.3333333333333335,
        2.5454545454545454,
        2.4,
        1.8,
        2.25,
        2.411764705882353,
        2.230769230769231,
        2.8,
        2.111111111111111,
        2.6666666666666665,
        2.7,
        2.4,
        2.3333333333333335,
        2.111111111111111,
        1.6,
        3.25,
        2.4285714285714284,
        2.4,
        2.7777777777777777,
        2.2857142857142856,
        2.0,
        2.5,
        2.75,
        2.25,
        1.8,
        2.3333333333333335,
        3.0,
        2.111111111111111,
        2.7142857142857144,
        2.857142857142857,
        2.4285714285714284,
        2.5,
        3.5714285714285716,
        2.375,
        2.8,
        2.1666666666666665,
        2.8125,
        2.3,
        1.25,
        1.875,
        2.5,
        3.0,
        2.125,
        2.5,
        2.375,
        2.6666666666666665,
        2.0,
        2.7777777777777777,
        1.8571428571428572,
        3.0,
        2.6666666666666665,
        3.125,
        2.625,
        3.0,
        2.5714285714285716,
        2.3,
        2.25,
        2.6666666666666665,
        2.5714285714285716,
        3.0,
        2.4615384615384617,
        2.142857142857143,
        3.0,
        2.25,
        2.5714285714285716,
        3.0,
        1.75,
        2.5,
        2.6153846153846154,
        3.0,
        2.7777777777777777,
        2.3333333333333335,
        2.3846153846153846,
        3.6,
        1.8888888888888888,
        2.1818181818181817,
        2.5,
        1.9090909090909092,
        2.4285714285714284,
        2.8333333333333335,
        2.5555555555555554,
        1.8181818181818181,
        2.0,
        2.4,
        2.5714285714285716,
        2.6666666666666665,
        3.111111111111111,
        1.9230769230769231,
        2.3636363636363638,
        2.6,
        3.4,
        3.2222222222222223,
        2.7777777777777777,
        2.4444444444444446,
        2.2857142857142856,
        2.0,
        2.3846153846153846,
        2.3333333333333335,
        2.857142857142857,
        2.4285714285714284,
        2.3,
        2.4285714285714284,
        2.3125,
        2.2222222222222223,
        2.2222222222222223,
        2.0,
        2.857142857142857,
        2.5,
        2.6666666666666665,
        2.5,
        2.5454545454545454,
        2.25,
        2.375,
        2.0,
        2.5714285714285716,
        2.6666666666666665,
        3.111111111111111,
        2.2,
        2.75,
        2.727272727272727,
        2.769230769230769,
        2.4285714285714284,
        3.125,
        2.142857142857143,
        2.272727272727273,
        2.25,
        2.7,
        3.0,
        2.0,
        2.75,
        2.4,
        2.4444444444444446,
        3.0,
        2.0,
        2.0,
        2.3,
        2.4545454545454546,
        3.1,
        2.5,
        2.0,
        2.5,
        2.272727272727273,
        2.272727272727273,
        2.7777777777777777,
        2.4545454545454546,
        2.6,
        2.857142857142857,
        2.6666666666666665,
        2.6666666666666665,
        2.4444444444444446,
        2.25,
        2.5384615384615383,
        3.0,
        2.5714285714285716,
        2.6666666666666665,
        2.2857142857142856,
        2.769230769230769,
        3.0,
        2.8333333333333335,
        2.0,
        1.8,
        2.6153846153846154,
        2.5555555555555554,
        2.0,
        2.0,
        2.3333333333333335,
        2.1666666666666665,
        2.125,
        2.5,
        2.4285714285714284,
        2.4285714285714284,
        2.1538461538461537,
        2.5454545454545454,
        2.7,
        2.5,
        2.1,
        2.272727272727273,
        2.4285714285714284,
        2.375,
        2.3333333333333335,
        2.7777777777777777,
        2.125,
        2.0,
        2.625,
        2.75,
        2.0,
        2.625,
        2.2222222222222223,
        2.1538461538461537,
        2.0,
        2.090909090909091,
        2.7,
        2.1666666666666665,
        2.5,
        2.75,
        2.769230769230769,
        2.090909090909091,
        2.4285714285714284,
        2.5,
        2.4,
        1.8888888888888888,
        2.4545454545454546,
        2.1,
        2.888888888888889,
        2.6666666666666665,
        1.5
    ],
    "disconnected_workers": [
        0,
        0,
        0,
        0,
        0,
        0,
        0,
        0,
        0,
        0,
        0,
        0,
        0,
        0,
        0,
        0,
        0,
        0,
        0,
        0,
        0,
        0,
        0,
        0,
        0,
        0,
        0,
        0,
        0,
        0,
        0,
        0,
        0,
        0,
        0,
        0,
        0,
        0,
        0,
        0,
        1,
        0,
        0,
        0,
        0,
        0,
        0,
        0,
        0,
        0,
        0,
        0,
        0,
        0,
        0,
        0,
        0,
        0,
        0,
        0,
        0,
        0,
        0,
        0,
        0,
        0,
        0,
        0,
        0,
        0,
        0,
        0,
        0,
        0,
        0,
        0,
        0,
        0,
        0,
        0,
        0,
        0,
        0,
        0,
        0,
        0,
        0,
        0,
        0,
        0,
        0,
        0,
        0,
        0,
        0,
        0,
        0,
        0,
        0,
        0,
        0,
        0,
        0,
        0,
        0,
        0,
        0,
        0,
        0,
        0,
        0,
        0,
        0,
        0,
        0,
        0,
        0,
        0,
        0,
        0,
        0,
        0,
        0,
        0,
        0,
        0,
        0,
        0,
        0,
        0,
        0,
        0,
        0,
        0,
        0,
        0,
        0,
        0,
        0,
        0,
        0,
        0,
        0,
        0,
        0,
        0,
        0,
        0,
        0,
        0,
        0,
        0,
        0,
        0,
        0,
        0,
        0,
        0,
        0,
        0,
        0,
        0,
        0,
        0,
        0,
        0,
        0,
        0,
        0,
        0,
        0,
        0,
        0,
        0,
        0,
        0,
        0,
        0,
        0,
        0,
        0,
        0,
        0,
        0,
        0,
        0,
        0,
        0,
        0,
        0,
        0,
        0,
        0,
        0,
        0,
        0,
        0,
        0,
        0,
        0,
        0,
        0,
        0,
        0,
        0,
        0,
        0,
        0,
        0,
        0,
        0,
        0,
        0,
        0,
        0,
        0,
        0,
        0,
        0,
        0,
        0,
        0,
        0,
        0,
        0,
        0,
        0,
        0,
        0,
        0,
        0,
        0,
        0,
        0,
        0,
        0,
        0,
        0,
        0,
        0,
        0
    ],
    "file_name": "FBZ_0134.NEF",
    "hive_id": "cfaa5547-6f65-496d-82c2-972b57f80afc",
    "hive_size_after_maintenance": [
        8,
        8,
        8,
        8,
        8,
        8,
        8,
        8,
        8,
        8,
        8,
        8,
        8,
        8,
        8,
        8,
        8,
        8,
        8,
        8,
        8,
        8,
        8,
        8,
        8,
        8,
        8,
        8,
        8,
        8,
        8,
        8,
        8,
        8,
        8,
        8,
        8,
        8,
        8,
        8,
        8,
        8,
        8,
        8,
        8,
        8,
        8,
        8,
        8,
        8,
        8,
        8,
        8,
        8,
        8,
        8,
        8,
        8,
        8,
        8,
        8,
        8,
        8,
        8,
        8,
        8,
        8,
        8,
        8,
        8,
        8,
        8,
        8,
        8,
        8,
        8,
        8,
        8,
        8,
        8,
        8,
        8,
        8,
        8,
        8,
        8,
        8,
        8,
        8,
        8,
        8,
        8,
        8,
        8,
        8,
        8,
        8,
        8,
        8,
        8,
        8,
        8,
        8,
        8,
        8,
        8,
        8,
        8,
        8,
        8,
        8,
        8,
        8,
        8,
        8,
        8,
        8,
        8,
        8,
        8,
        8,
        8,
        8,
        8,
        8,
        8,
        8,
        8,
        8,
        8,
        8,
        8,
        8,
        8,
        8,
        8,
        8,
        8,
        8,
        8,
        8,
        8,
        8,
        8,
        8,
        8,
        8,
        8,
        8,
        8,
        8,
        8,
        8,
        8,
        8,
        8,
        8,
        8,
        8,
        8,
        8,
        8,
        8,
        8,
        8,
        8,
        8,
        8,
        8,
        8,
        8,
        8,
        8,
        8,
        8,
        8,
        8,
        8,
        8,
        8,
        8,
        8,
        8,
        8,
        8,
        8,
        8,
        8,
        8,
        8,
        8,
        8,
        8,
        8,
        8,
        8,
        8,
        8,
        8,
        8,
        8,
        8,
        8,
        8,
        8,
        8,
        8,
        8,
        8,
        8,
        8,
        8,
        8,
        8,
        8,
        8,
        8,
        8,
        8,
        8,
        8,
        8,
        8,
        8,
        8,
        8,
        8,
        8,
        8,
        8,
        8,
        8,
        8,
        8,
        8,
        8,
        8,
        8,
        8,
        8,
        8
    ],
    "hive_size_before_maintenance": [
        8,
        8,
        8,
        8,
        8,
        8,
        8,
        8,
        8,
        8,
        8,
        8,
        8,
        8,
        8,
        8,
        8,
        8,
        8,
        8,
        8,
        8,
        8,
        8,
        8,
        8,
        8,
        8,
        8,
        8,
        8,
        8,
        8,
        8,
        8,
        8,
        8,
        8,
        8,
        8,
        7,
        8,
        8,
        8,
        8,
        8,
        8,
        8,
        8,
        8,
        8,
        8,
        8,
        8,
        8,
        8,
        8,
        8,
        8,
        8,
        8,
        8,
        8,
        8,
        8,
        8,
        8,
        8,
        8,
        8,
        8,
        8,
        8,
        8,
        8,
        8,
        8,
        8,
        8,
        8,
        8,
        8,
        8,
        8,
        8,
        8,
        8,
        8,
        8,
        8,
        8,
        8,
        8,
        8,
        8,
        8,
        8,
        8,
        8,
        8,
        8,
        8,
        8,
        8,
        8,
        8,
        8,
        8,
        8,
        8,
        8,
        8,
        8,
        8,
        8,
        8,
        8,
        8,
        8,
        8,
        8,
        8,
        8,
        8,
        8,
        8,
        8,
        8,
        8,
        8,
        8,
        8,
        8,
        8,
        8,
        8,
        8,
        8,
        8,
        8,
        8,
        8,
        8,
        8,
        8,
        8,
        8,
        8,
        8,
        8,
        8,
        8,
        8,
        8,
        8,
        8,
        8,
        8,
        8,
        8,
        8,
        8,
        8,
        8,
        8,
        8,
        8,
        8,
        8,
        8,
        8,
        8,
        8,
        8,
        8,
        8,
        8,
        8,
        8,
        8,
        8,
        8,
        8,
        8,
        8,
        8,
        8,
        8,
        8,
        8,
        8,
        8,
        8,
        8,
        8,
        8,
        8,
        8,
        8,
        8,
        8,
        8,
        8,
        8,
        8,
        8,
        8,
        8,
        8,
        8,
        8,
        8,
        8,
        8,
        8,
        8,
        8,
        8,
        8,
        8,
        8,
        8,
        8,
        8,
        8,
        8,
        8,
        8,
        8,
        8,
        8,
        8,
        8,
        8,
        8,
        8,
        8,
        8,
        8,
        8,
        8
    ],
    "hive_status_before_maintenance": [
        "stable",
        "stable",
        "stable",
        "stable",
        "stable",
        "stable",
        "stable",
        "stable",
        "stable",
        "stable",
        "stable",
        "stable",
        "stable",
        "stable",
        "stable",
        "stable",
        "stable",
        "stable",
        "stable",
        "stable",
        "stable",
        "stable",
        "stable",
        "stable",
        "stable",
        "stable",
        "stable",
        "stable",
        "stable",
        "stable",
        "stable",
        "stable",
        "stable",
        "stable",
        "stable",
        "stable",
        "stable",
        "stable",
        "stable",
        "stable",
        "sufficient",
        "stable",
        "stable",
        "stable",
        "stable",
        "stable",
        "stable",
        "stable",
        "stable",
        "stable",
        "stable",
        "stable",
        "stable",
        "stable",
        "stable",
        "stable",
        "stable",
        "stable",
        "stable",
        "stable",
        "stable",
        "stable",
        "stable",
        "stable",
        "stable",
        "stable",
        "stable",
        "stable",
        "stable",
        "stable",
        "stable",
        "stable",
        "stable",
        "stable",
        "stable",
        "stable",
        "stable",
        "stable",
        "stable",
        "stable",
        "stable",
        "stable",
        "stable",
        "stable",
        "stable",
        "stable",
        "stable",
        "stable",
        "stable",
        "stable",
        "stable",
        "stable",
        "stable",
        "stable",
        "stable",
        "stable",
        "stable",
        "stable",
        "stable",
        "stable",
        "stable",
        "stable",
        "stable",
        "stable",
        "stable",
        "stable",
        "stable",
        "stable",
        "stable",
        "stable",
        "stable",
        "stable",
        "stable",
        "stable",
        "stable",
        "stable",
        "stable",
        "stable",
        "stable",
        "stable",
        "stable",
        "stable",
        "stable",
        "stable",
        "stable",
        "stable",
        "stable",
        "stable",
        "stable",
        "stable",
        "stable",
        "stable",
        "stable",
        "stable",
        "stable",
        "stable",
        "stable",
        "stable",
        "stable",
        "stable",
        "stable",
        "stable",
        "stable",
        "stable",
        "stable",
        "stable",
        "stable",
        "stable",
        "stable",
        "stable",
        "stable",
        "stable",
        "stable",
        "stable",
        "stable",
        "stable",
        "stable",
        "stable",
        "stable",
        "stable",
        "stable",
        "stable",
        "stable",
        "stable",
        "stable",
        "stable",
        "stable",
        "stable",
        "stable",
        "stable",
        "stable",
        "stable",
        "stable",
        "stable",
        "stable",
        "stable",
        "stable",
        "stable",
        "stable",
        "stable",
        "stable",
        "stable",
        "stable",
        "stable",
        "stable",
        "stable",
        "stable",
        "stable",
        "stable",
        "stable",
        "stable",
        "stable",
        "stable",
        "stable",
        "stable",
        "stable",
        "stable",
        "stable",
        "stable",
        "stable",
        "stable",
        "stable",
        "stable",
        "stable",
        "stable",
        "stable",
        "stable",
        "stable",
        "stable",
        "stable",
        "stable",
        "stable",
        "stable",
        "stable",
        "stable",
        "stable",
        "stable",
        "stable",
        "stable",
        "stable",
        "stable",
        "stable",
        "stable",
        "stable",
        "stable",
        "stable",
        "stable",
        "stable",
        "stable",
        "stable",
        "stable",
        "stable",
        "stable",
        "stable",
        "stable",
        "stable",
        "stable",
        "stable",
        "stable",
        "stable",
        "stable"
    ],
    "initial_spread": "a",
    "largest_convergence_window": 0,
    "lost_messages": [
        44,
        39,
        37,
        55,
        44,
        41,
        40,
        38,
        38,
        33,
        34,
        35,
        41,
        30,
        31,
        42,
        38,
        35,
        38,
        37,
        33,
        42,
        32,
        41,
        36,
        34,
        38,
        37,
        39,
        44,
        30,
        49,
        36,
        33,
        45,
        22,
        34,
        44,
        39,
        34,
        40,
        64,
        52,
        64,
        64,
        57,
        51,
        54,
        50,
        58,
        55,
        41,
        49,
        45,
        55,
        45,
        47,
        51,
        50,
        57,
        61,
        47,
        41,
        49,
        53,
        59,
        46,
        57,
        57,
        60,
        57,
        57,
        39,
        52,
        68,
        50,
        51,
        51,
        52,
        56,
        56,
        46,
        42,
        59,
        58,
        54,
        50,
        48,
        52,
        61,
        43,
        44,
        66,
        59,
        48,
        41,
        38,
        45,
        55,
        44,
        45,
        52,
        53,
        66,
        50,
        46,
        51,
        53,
        46,
        52,
        44,
        42,
        37,
        55,
        47,
        44,
        44,
        68,
        55,
        69,
        57,
        49,
        51,
        45,
        44,
        42,
        57,
        67,
        39,
        64,
        41,
        62,
        45,
        46,
        47,
        65,
        59,
        52,
        52,
        58,
        53,
        44,
        51,
        53,
        38,
        46,
        38,
        50,
        48,
        59,
        50,
        50,
        57,
        67,
        55,
        37,
        57,
        50,
        52,
        67,
        48,
        70,
        50,
        49,
        38,
        59,
        55,
        57,
        41,
        57,
        52,
        47,
        61,
        54,
        63,
        59,
        54,
        43,
        48,
        50,
        54,
        50,
        54,
        47,
        46,
        64,
        44,
        53,
        54,
        44,
        56,
        61,
        46,
        46,
        55,
        61,
        49,
        56,
        49,
        52,
        59,
        58,
        61,
        56,
        45,
        53,
        54,
        49,
        49,
        53,
        51,
        53,
        59,
        52,
        55,
        56,
        47,
        51,
        57,
        45,
        57,
        49,
        39,
        51,
        36,
        41,
        58,
        45,
        42,
        46,
        57,
        52,
        48,
        51,
        49,
        46,
        47,
        66,
        60,
        51,
        48
    ],
    "lost_parts": [
        0,
        0,
        0,
        0,
        0,
        0,
        0,
        0,
        0,
        0,
        0,
        0,
        0,
        0,
        0,
        0,
        0,
        0,
        0,
        0,
        0,
        0,
        0,
        0,
        0,
        0,
        0,
        0,
        0,
        0,
        0,
        0,
        0,
        0,
        0,
        0,
        0,
        0,
        0,
        0,
        16,
        0,
        0,
        0,
        0,
        0,
        0,
        0,
        0,
        0,
        0,
        0,
        0,
        0,
        0,
        0,
        0,
        0,
        0,
        0,
        0,
        0,
        0,
        0,
        0,
        0,
        0,
        0,
        0,
        0,
        0,
        0,
        0,
        0,
        0,
        0,
        0,
        0,
        0,
        0,
        0,
        0,
        0,
        0,
        0,
        0,
        0,
        0,
        0,
        0,
        0,
        0,
        0,
        0,
        0,
        0,
        0,
        0,
        0,
        0,
        0,
        0,
        0,
        0,
        0,
        0,
        0,
        0,
        0,
        0,
        0,
        0,
        0,
        0,
        0,
        0,
        0,
        0,
        0,
        0,
        0,
        0,
        0,
        0,
        0,
        0,
        0,
        0,
        0,
        0,
        0,
        0,
        0,
        0,
        0,
        0,
        0,
        0,
        0,
        0,
        0,
        0,
        0,
        0,
        0,
        0,
        0,
        0,
        0,
        0,
        0,
        0,
        0,
        0,
        0,
        0,
        0,
        0,
        0,
        0,
        0,
        0,
        0,
        0,
        0,
        0,
        0,
        0,
        0,
        0,
        0,
        0,
        0,
        0,
        0,
        0,
        0,
        0,
        0,
        0,
        0,
        0,
        0,
        0,
        0,
        0,
        0,
        0,
        0,
        0,
        0,
        0,
        0,
        0,
        0,
        0,
        0,
        0,
        0,
        0,
        0,
        0,
        0,
        0,
        0,
        0,
        0,
        0,
        0,
        0,
        0,
        0,
        0,
        0,
        0,
        0,
        0,
        0,
        0,
        0,
        0,
        0,
        0,
        0,
        0,
        0,
        0,
        0,
        0,
        0,
        0,
        0,
        0,
        0,
        0,
        0,
        0,
        0,
        0,
        0,
        0
    ],
    "max_epochs": 720,
    "max_recovery_delay": 4,
    "min_recovery_delay": 1,
    "moved_parts": [
        1200,
        980,
        919,
        915,
        888,
        917,
        918,
        900,
        892,
        902,
        911,
        887,
        919,
        947,
        961,
        955,
        950,
        938,
        926,
        919,
        925,
        938,
        962,
        972,
        967,
        949,
        960,
        985,
        972,
        982,
        966,
        944,
        963,
        978,
        967,
        986,
        992,
        926,
        935,
        972,
        920,
        1403,
        1321,
        1318,
        1312,
        1305,
        1290,
        1293,
        1304,
        1280,
        1290,
        1304,
        1313,
        1298,
        1292,
        1321,
        1300,
        1323,
        1308,
        1305,
        1325,
        1319,
        1289,
        1308,
        1347,
        1331,
        1278,
        1309,
        1316,
        1322,
        1327,
        1323,
        1326,
        1304,
        1339,
        1323,
        1321,
        1278,
        1306,
        1318,
        1304,
        1259,
        1300,
        1286,
        1303,
        1297,
        1296,
        1323,
        1345,
        1281,
        1318,
        1285,
        1279,
        1288,
        1266,
        1297,
        1300,
        1287,
        1294,
        1304,
        1318,
        1263,
        1283,
        1302,
        1296,
        1263,
        1297,
        1309,
        1287,
        1282,
        1287,
        1313,
        1296,
        1283,
        1295,
        1332,
        1297,
        1263,
        1302,
        1282,
        1259,
        1295,
        1271,
        1295,
        1332,
        1304,
        1284,
        1304,
        1290,
        1257,
        1289,
        1282,
        1261,
        1289,
        1296,
        1271,
        1288,
        1296,
        1319,
        1292,
        1292,
        1293,
        1291,
        1309,
        1304,
        1327,
        1300,
        1305,
        1285,
        1280,
        1261,
        1308,
        1330,
        1332,
        1287,
        1297,
        1313,
        1324,
        1312,
        1282,
        1261,
        1319,
        1311,
        1290,
        1284,
        1290,
        1291,
        1299,
        1322,
        1326,
        1288,
        1328,
        1307,
        1293,
        1266,
        1294,
        1303,
        1255,
        1261,
        1292,
        1276,
        1290,
        1270,
        1269,
        1286,
        1259,
        1303,
        1319,
        1303,
        1283,
        1286,
        1290,
        1283,
        1272,
        1245,
        1298,
        1302,
        1313,
        1319,
        1310,
        1332,
        1316,
        1288,
        1272,
        1289,
        1306,
        1293,
        1288,
        1293,
        1265,
        1311,
        1330,
        1274,
        1302,
        1275,
        1302,
        1312,
        1284,
        1312,
        1292,
        1329,
        1322,
        1288,
        1305,
        1308,
        1269,
        1255,
        1274,
        1343,
        1320,
        1257,
        1315,
        1285,
        1285,
        1289,
        1278,
        1279,
        1317,
        1313,
        1323,
        1296
    ],
    "msg": [
        "lost all replicas of file part with id: FBZ_0134.NEF_#_215, and last loss was due to corruption"
    ],
    "original_hive_size": 8,
    "parts_in_hive": [
        1083,
        1082,
        1081,
        1078,
        1076,
        1078,
        1077,
        1079,
        1081,
        1078,
        1078,
        1076,
        1075,
        1073,
        1073,
        1073,
        1072,
        1076,
        1074,
        1071,
        1071,
        1073,
        1071,
        1068,
        1070,
        1070,
        1073,
        1071,
        1072,
        1069,
        1061,
        1071,
        1077,
        1079,
        1078,
        1078,
        1068,
        1068,
        1069,
        1072,
        1060,
        1058,
        1062,
        1059,
        1067,
        1066,
        1062,
        1062,
        1064,
        1067,
        1074,
        1069,
        1068,
        1067,
        1066,
        1064,
        1070,
        1071,
        1069,
        1069,
        1067,
        1067,
        1064,
        1065,
        1065,
        1059,
        1063,
        1065,
        1064,
        1064,
        1067,
        1058,
        1056,
        1063,
        1063,
        1071,
        1072,
        1066,
        1065,
        1067,
        1064,
        1054,
        1060,
        1062,
        1061,
        1061,
        1062,
        1056,
        1062,
        1063,
        1065,
        1062,
        1061,
        1064,
        1065,
        1059,
        1059,
        1065,
        1068,
        1067,
        1064,
        1062,
        1065,
        1059,
        1061,
        1059,
        1061,
        1058,
        1061,
        1063,
        1058,
        1063,
        1059,
        1064,
        1069,
        1065,
        1060,
        1065,
        1066,
        1067,
        1066,
        1064,
        1056,
        1057,
        1057,
        1063,
        1062,
        1059,
        1058,
        1057,
        1066,
        1062,
        1064,
        1067,
        1059,
        1055,
        1059,
        1056,
        1058,
        1060,
        1062,
        1063,
        1067,
        1059,
        1060,
        1059,
        1061,
        1060,
        1066,
        1068,
        1071,
        1067,
        1066,
        1062,
        1055,
        1053,
        1054,
        1058,
        1063,
        1061,
        1055,
        1062,
        1063,
        1063,
        1065,
        1061,
        1062,
        1067,
        1060,
        1064,
        1067,
        1063,
        1057,
        1060,
        1063,
        1063,
        1061,
        1058,
        1062,
        1056,
        1056,
        1054,
        1054,
        1055,
        1057,
        1064,
        1060,
        1059,
        1052,
        1050,
        1047,
        1048,
        1060,
        1055,
        1053,
        1059,
        1054,
        1062,
        1062,
        1059,
        1066,
        1066,
        1066,
        1071,
        1067,
        1063,
        1055,
        1054,
        1057,
        1059,
        1059,
        1059,
        1055,
        1059,
        1062,
        1064,
        1064,
        1060,
        1066,
        1059,
        1059,
        1061,
        1059,
        1058,
        1055,
        1061,
        1059,
        1062,
        1068,
        1066,
        1059,
        1056,
        1059,
        1063,
        1064,
        1062,
        1061,
        1061,
        1061,
        1062,
        1068
    ],
    "read_size": 131072,
    "redundant_size": 14,
    "replication_level": 3,
    "simfile_name": "min4-mean78-std32-a.json",
    "successfull": false,
    "sufficient_size_threshold": 6,
    "terminated": 241
}
