{
    "channel_loss": 0.04,
    "convergence_set": [
        2,
        3,
        4,
        5,
        6,
        7,
        8,
        9,
        10,
        11,
        12,
        13,
        14,
        15,
        16,
        17,
        18,
        19,
        20,
        21,
        22,
        23,
        24,
        25,
        26,
        27,
        28,
        29,
        30,
        31,
        32,
        33,
        34,
        35,
        36,
        37,
        38,
        39,
        40,
        41,
        42,
        43,
        44,
        45,
        46,
        47,
        48,
        49,
        50,
        51,
        52,
        53,
        54,
        55,
        56,
        57,
        58,
        59,
        60,
        61,
        62,
        63,
        64,
        65,
        66,
        67,
        68,
        69,
        70,
        71,
        72,
        73,
        74,
        75,
        76,
        77,
        78,
        79,
        80,
        81,
        82,
        83,
        84,
        85,
        86,
        87,
        88,
        89,
        90,
        91,
        92,
        93,
        94,
        95,
        96,
        97,
        98,
        99,
        100,
        101,
        102,
        103,
        104,
        105,
        106,
        107,
        108,
        109,
        110,
        111,
        112,
        113,
        114,
        115,
        116,
        117,
        118,
        119,
        120,
        121,
        122,
        123,
        124,
        125,
        126,
        127,
        128,
        129,
        130,
        131,
        132,
        133,
        134,
        135,
        136,
        137,
        138,
        139,
        140,
        141,
        142,
        143,
        144,
        145,
        146,
        147,
        148,
        149,
        150,
        151,
        152,
        153,
        154,
        155,
        156,
        157,
        158,
        159,
        160,
        161,
        162,
        163,
        164,
        165,
        166,
        167,
        168,
        169,
        170,
        171,
        172,
        173,
        174,
        175,
        176,
        177,
        178,
        179,
        180,
        181,
        182,
        183,
        184,
        185,
        186,
        187,
        188,
        189,
        190,
        191,
        192,
        193,
        194,
        195,
        196,
        197,
        198,
        199,
        200,
        201,
        202,
        203,
        204,
        205,
        206,
        207,
        208,
        209,
        210,
        211,
        212,
        213,
        214,
        215,
        216,
        217,
        218,
        219,
        220,
        221,
        222,
        223,
        224,
        225,
        226,
        227,
        228,
        229,
        230,
        231,
        232,
        233,
        234,
        235,
        236,
        237,
        238,
        239,
        240,
        241,
        242,
        243,
        244,
        245,
        246,
        247,
        248,
        249,
        250,
        251,
        252,
        253,
        254,
        255,
        256,
        257,
        258,
        259,
        260,
        261,
        262,
        263,
        264,
        265,
        266,
        267,
        268,
        269,
        270,
        271,
        272,
        273,
        274,
        275,
        276,
        277,
        278,
        279,
        280,
        281,
        282,
        283,
        284,
        285,
        286,
        287,
        288,
        289,
        290,
        291,
        292,
        293,
        294,
        295,
        296,
        297,
        298,
        299,
        300,
        301,
        302,
        303,
        304,
        305,
        306,
        307,
        308,
        309,
        310,
        311,
        312,
        313,
        314,
        315,
        316,
        317,
        318,
        319,
        320,
        321,
        322,
        323,
        324,
        325,
        326,
        327,
        328,
        329,
        330,
        331,
        332,
        333,
        334,
        335,
        336,
        337,
        338,
        339,
        340,
        341,
        342,
        343,
        344
    ],
    "convergence_sets": [],
    "convergence_treshold": 2,
    "corrupted_parts": [
        0,
        0,
        1,
        0,
        1,
        2,
        2,
        4,
        3,
        3,
        6,
        4,
        4,
        4,
        6,
        4,
        4,
        3,
        3,
        7,
        4,
        7,
        12,
        6,
        6,
        9,
        7,
        7,
        6,
        8,
        5,
        11,
        3,
        1,
        4,
        10,
        3,
        8,
        11,
        5,
        9,
        8,
        9,
        2,
        7,
        11,
        7,
        6,
        3,
        7,
        8,
        7,
        9,
        9,
        5,
        6,
        9,
        9,
        8,
        10,
        12,
        2,
        6,
        3,
        9,
        10,
        7,
        13,
        10,
        10,
        10,
        7,
        9,
        6,
        5,
        4,
        13,
        7,
        10,
        8,
        11,
        9,
        12,
        4,
        9,
        13,
        1,
        9,
        10,
        7,
        8,
        5,
        9,
        14,
        2,
        10,
        9,
        9,
        8,
        8,
        5,
        7,
        11,
        8,
        12,
        9,
        8,
        12,
        10,
        9,
        3,
        8,
        9,
        8,
        13,
        7,
        9,
        7,
        5,
        7,
        6,
        9,
        7,
        10,
        8,
        10,
        8,
        4,
        7,
        8,
        12,
        11,
        6,
        5,
        8,
        12,
        5,
        8,
        7,
        9,
        6,
        11,
        11,
        5,
        8,
        10,
        6,
        10,
        13,
        12,
        8,
        10,
        9,
        6,
        10,
        12,
        9,
        4,
        12,
        11,
        12,
        10,
        11,
        8,
        12,
        9,
        8,
        6,
        11,
        12,
        9,
        6,
        5,
        10,
        8,
        5,
        6,
        13,
        5,
        12,
        13,
        6,
        5,
        6,
        10,
        5,
        8,
        10,
        8,
        13,
        9,
        16,
        10,
        7,
        11,
        8,
        12,
        5,
        11,
        7,
        8,
        6,
        11,
        9,
        12,
        6,
        12,
        10,
        8,
        8,
        14,
        9,
        16,
        8,
        8,
        10,
        9,
        12,
        12,
        12,
        9,
        8,
        13,
        11,
        5,
        11,
        12,
        13,
        10,
        16,
        15,
        9,
        7,
        11,
        11,
        7,
        8,
        9,
        7,
        14,
        7,
        5,
        9,
        10,
        5,
        9,
        8,
        10,
        7,
        15,
        13,
        8,
        8,
        14,
        12,
        8,
        10,
        13,
        11,
        9,
        9,
        9,
        15,
        10,
        8,
        9,
        7,
        8,
        14,
        9,
        10,
        11,
        9,
        6,
        12,
        11,
        7,
        9,
        7,
        8,
        12,
        10,
        6,
        11,
        12,
        10,
        10,
        11,
        5,
        9,
        5,
        15,
        11,
        13,
        8,
        11,
        7,
        7,
        14,
        9,
        9,
        7,
        11,
        5,
        12,
        13,
        10,
        16,
        7,
        10,
        9,
        9,
        11,
        8,
        10,
        15,
        11,
        9,
        7,
        8,
        8,
        13,
        15,
        11,
        12,
        5,
        12,
        9,
        10,
        13,
        11,
        11,
        9,
        4,
        14,
        8,
        13,
        12,
        12,
        9,
        8,
        6,
        11,
        9
    ],
    "corruption_chance_tod": 0.008455194808571766,
    "critical_size_threshold": 3,
    "cswc": 344,
    "delay": [
        0,
        0,
        3.0,
        0,
        1.0,
        2.0,
        2.0,
        1.75,
        2.6666666666666665,
        2.3333333333333335,
        1.6666666666666667,
        2.25,
        2.75,
        2.5,
        2.6666666666666665,
        1.25,
        3.0,
        3.0,
        2.6666666666666665,
        2.0,
        2.25,
        1.8571428571428572,
        2.1666666666666665,
        2.5,
        2.0,
        3.2222222222222223,
        3.0,
        2.4285714285714284,
        2.6666666666666665,
        3.0,
        2.0,
        2.272727272727273,
        2.3333333333333335,
        2.0,
        2.5,
        2.3,
        2.0,
        2.875,
        2.3636363636363638,
        2.0,
        2.5555555555555554,
        2.375,
        2.6666666666666665,
        3.0,
        2.4285714285714284,
        2.4545454545454546,
        2.7142857142857144,
        1.6666666666666667,
        2.3333333333333335,
        2.5714285714285716,
        2.875,
        2.7142857142857144,
        2.5555555555555554,
        2.7777777777777777,
        2.6,
        2.3333333333333335,
        3.2222222222222223,
        2.7777777777777777,
        3.0,
        2.4,
        2.4166666666666665,
        1.5,
        3.0,
        1.3333333333333333,
        2.888888888888889,
        3.4,
        1.7142857142857142,
        2.6153846153846154,
        1.8,
        2.4,
        2.6,
        2.142857142857143,
        2.3333333333333335,
        2.3333333333333335,
        2.8,
        2.75,
        2.1538461538461537,
        3.0,
        2.4,
        2.125,
        2.727272727272727,
        2.3333333333333335,
        2.75,
        2.0,
        2.0,
        2.769230769230769,
        1.0,
        2.111111111111111,
        2.1,
        2.857142857142857,
        2.625,
        2.2,
        3.2222222222222223,
        2.5714285714285716,
        2.0,
        2.7,
        2.7777777777777777,
        2.2222222222222223,
        2.0,
        2.5,
        2.4,
        3.0,
        3.090909090909091,
        2.875,
        2.3333333333333335,
        2.3333333333333335,
        2.125,
        2.3333333333333335,
        2.6,
        3.111111111111111,
        1.6666666666666667,
        2.25,
        2.3333333333333335,
        3.125,
        2.0,
        1.5714285714285714,
        1.6666666666666667,
        2.857142857142857,
        3.2,
        1.8571428571428572,
        2.3333333333333335,
        2.5555555555555554,
        2.857142857142857,
        2.5,
        2.25,
        2.6,
        3.0,
        2.5,
        2.4285714285714284,
        2.625,
        2.9166666666666665,
        2.272727272727273,
        2.1666666666666665,
        2.6,
        1.75,
        2.75,
        2.0,
        2.875,
        2.0,
        3.0,
        2.5,
        2.090909090909091,
        2.8181818181818183,
        2.4,
        2.25,
        2.1,
        2.0,
        2.3,
        2.076923076923077,
        2.75,
        2.75,
        1.9,
        2.4444444444444446,
        2.6666666666666665,
        2.8,
        2.0833333333333335,
        2.111111111111111,
        2.25,
        2.8333333333333335,
        1.7272727272727273,
        1.9166666666666667,
        2.9,
        2.6363636363636362,
        2.375,
        2.5833333333333335,
        2.111111111111111,
        2.625,
        2.3333333333333335,
        2.4545454545454546,
        2.6666666666666665,
        2.0,
        2.6666666666666665,
        2.8,
        2.3,
        2.0,
        2.4,
        2.1666666666666665,
        2.3846153846153846,
        2.2,
        2.5,
        2.1538461538461537,
        2.5,
        2.8,
        2.5,
        2.5,
        1.6,
        2.125,
        2.5,
        2.625,
        1.6923076923076923,
        3.0,
        2.1875,
        2.0,
        2.4285714285714284,
        2.3636363636363638,
        2.75,
        2.5833333333333335,
        3.0,
        3.1818181818181817,
        2.7142857142857144,
        1.75,
        3.6666666666666665,
        2.727272727272727,
        2.3333333333333335,
        2.3333333333333335,
        2.1666666666666665,
        2.0833333333333335,
        3.2,
        1.5,
        2.5,
        2.357142857142857,
        2.2222222222222223,
        2.0625,
        2.625,
        2.125,
        2.3,
        2.2222222222222223,
        2.5,
        2.5833333333333335,
        2.1666666666666665,
        2.5555555555555554,
        2.625,
        2.230769230769231,
        2.0,
        2.6,
        2.0,
        2.0,
        2.076923076923077,
        1.7,
        2.625,
        2.2666666666666666,
        2.4444444444444446,
        2.0,
        2.5454545454545454,
        2.0,
        3.4285714285714284,
        2.5,
        2.5555555555555554,
        2.5714285714285716,
        2.2142857142857144,
        2.857142857142857,
        2.0,
        2.4444444444444446,
        3.2,
        2.2,
        2.4444444444444446,
        2.75,
        2.1,
        2.2857142857142856,
        2.3333333333333335,
        2.3846153846153846,
        2.5,
        2.625,
        2.5714285714285716,
        2.25,
        2.25,
        2.1,
        2.5384615384615383,
        2.1818181818181817,
        2.5555555555555554,
        2.3333333333333335,
        3.111111111111111,
        2.6666666666666665,
        2.4,
        1.625,
        2.3333333333333335,
        2.5714285714285716,
        3.125,
        2.7142857142857144,
        2.5555555555555554,
        2.6,
        2.6363636363636362,
        2.2222222222222223,
        2.1666666666666665,
        2.4166666666666665,
        2.5454545454545454,
        2.4285714285714284,
        2.2222222222222223,
        2.5714285714285716,
        2.5,
        1.9166666666666667,
        2.9,
        3.1666666666666665,
        2.6363636363636362,
        3.0833333333333335,
        2.0,
        2.2,
        3.0,
        3.0,
        2.6666666666666665,
        2.2,
        2.4,
        2.272727272727273,
        2.4615384615384617,
        2.5,
        2.5454545454545454,
        2.5714285714285716,
        1.7142857142857142,
        2.2142857142857144,
        1.8888888888888888,
        2.5555555555555554,
        2.142857142857143,
        2.1818181818181817,
        2.0,
        2.1666666666666665,
        2.5384615384615383,
        2.5,
        2.3125,
        2.857142857142857,
        2.5,
        2.3333333333333335,
        2.2222222222222223,
        1.5454545454545454,
        2.875,
        1.8,
        2.8666666666666667,
        2.090909090909091,
        2.0,
        3.142857142857143,
        2.25,
        1.875,
        3.0,
        2.6666666666666665,
        3.3636363636363638,
        2.5833333333333335,
        2.2,
        2.0833333333333335,
        2.888888888888889,
        2.4,
        2.4615384615384617,
        2.3636363636363638,
        2.0,
        2.3333333333333335,
        2.25,
        2.4285714285714284,
        2.0,
        2.3846153846153846,
        1.9166666666666667,
        2.3333333333333335,
        2.5555555555555554,
        1.625,
        2.8333333333333335,
        3.090909090909091,
        2.5
    ],
    "disconnected_workers": [
        0,
        0,
        0,
        0,
        0,
        0,
        0,
        0,
        0,
        0,
        0,
        0,
        0,
        0,
        0,
        0,
        0,
        0,
        0,
        0,
        0,
        0,
        0,
        0,
        0,
        0,
        0,
        0,
        0,
        0,
        0,
        0,
        0,
        0,
        0,
        0,
        0,
        0,
        0,
        0,
        0,
        0,
        0,
        0,
        0,
        0,
        0,
        0,
        0,
        0,
        0,
        0,
        0,
        0,
        0,
        0,
        0,
        0,
        0,
        0,
        0,
        0,
        0,
        0,
        0,
        0,
        0,
        0,
        0,
        0,
        0,
        0,
        0,
        0,
        0,
        0,
        0,
        0,
        0,
        0,
        0,
        0,
        0,
        0,
        0,
        0,
        0,
        0,
        0,
        0,
        0,
        0,
        0,
        0,
        0,
        0,
        0,
        0,
        0,
        0,
        0,
        0,
        0,
        0,
        0,
        0,
        0,
        0,
        0,
        0,
        0,
        0,
        0,
        0,
        0,
        0,
        0,
        0,
        0,
        0,
        0,
        0,
        0,
        0,
        0,
        0,
        0,
        0,
        0,
        0,
        0,
        0,
        0,
        0,
        0,
        0,
        0,
        0,
        0,
        0,
        0,
        0,
        0,
        0,
        0,
        0,
        0,
        0,
        0,
        0,
        0,
        0,
        0,
        0,
        0,
        0,
        0,
        0,
        0,
        0,
        0,
        0,
        0,
        0,
        0,
        0,
        0,
        0,
        0,
        0,
        0,
        0,
        0,
        0,
        0,
        0,
        0,
        0,
        0,
        0,
        0,
        0,
        0,
        0,
        0,
        0,
        0,
        0,
        0,
        0,
        0,
        0,
        0,
        0,
        0,
        0,
        0,
        0,
        0,
        0,
        0,
        0,
        0,
        0,
        0,
        0,
        0,
        0,
        0,
        0,
        0,
        0,
        0,
        0,
        0,
        0,
        0,
        0,
        0,
        0,
        0,
        0,
        0,
        0,
        0,
        0,
        0,
        0,
        0,
        0,
        0,
        0,
        0,
        0,
        0,
        0,
        0,
        0,
        0,
        0,
        0,
        0,
        0,
        0,
        0,
        0,
        0,
        0,
        0,
        0,
        0,
        0,
        0,
        0,
        0,
        0,
        0,
        0,
        0,
        0,
        0,
        0,
        0,
        0,
        0,
        0,
        0,
        0,
        0,
        0,
        0,
        0,
        0,
        0,
        0,
        0,
        0,
        0,
        0,
        0,
        0,
        0,
        0,
        0,
        0,
        0,
        0,
        0,
        0,
        0,
        0,
        0,
        0,
        0,
        0,
        0,
        0,
        0,
        0,
        0,
        0,
        0,
        0,
        0,
        0,
        0,
        0,
        0,
        0,
        0,
        0,
        0,
        0,
        0,
        0,
        0,
        0,
        0,
        0,
        0,
        0,
        0,
        0,
        0,
        0,
        0,
        0,
        0,
        0,
        0,
        0,
        0,
        0,
        0,
        0,
        0,
        0,
        0,
        0,
        0,
        0,
        0,
        0,
        0
    ],
    "file_name": "FBZ_0134.NEF",
    "hive_id": "21233764-57ec-4c44-abc3-ecfc36e961d6",
    "hive_size_after_maintenance": [
        8,
        8,
        8,
        8,
        8,
        8,
        8,
        8,
        8,
        8,
        8,
        8,
        8,
        8,
        8,
        8,
        8,
        8,
        8,
        8,
        8,
        8,
        8,
        8,
        8,
        8,
        8,
        8,
        8,
        8,
        8,
        8,
        8,
        8,
        8,
        8,
        8,
        8,
        8,
        8,
        8,
        8,
        8,
        8,
        8,
        8,
        8,
        8,
        8,
        8,
        8,
        8,
        8,
        8,
        8,
        8,
        8,
        8,
        8,
        8,
        8,
        8,
        8,
        8,
        8,
        8,
        8,
        8,
        8,
        8,
        8,
        8,
        8,
        8,
        8,
        8,
        8,
        8,
        8,
        8,
        8,
        8,
        8,
        8,
        8,
        8,
        8,
        8,
        8,
        8,
        8,
        8,
        8,
        8,
        8,
        8,
        8,
        8,
        8,
        8,
        8,
        8,
        8,
        8,
        8,
        8,
        8,
        8,
        8,
        8,
        8,
        8,
        8,
        8,
        8,
        8,
        8,
        8,
        8,
        8,
        8,
        8,
        8,
        8,
        8,
        8,
        8,
        8,
        8,
        8,
        8,
        8,
        8,
        8,
        8,
        8,
        8,
        8,
        8,
        8,
        8,
        8,
        8,
        8,
        8,
        8,
        8,
        8,
        8,
        8,
        8,
        8,
        8,
        8,
        8,
        8,
        8,
        8,
        8,
        8,
        8,
        8,
        8,
        8,
        8,
        8,
        8,
        8,
        8,
        8,
        8,
        8,
        8,
        8,
        8,
        8,
        8,
        8,
        8,
        8,
        8,
        8,
        8,
        8,
        8,
        8,
        8,
        8,
        8,
        8,
        8,
        8,
        8,
        8,
        8,
        8,
        8,
        8,
        8,
        8,
        8,
        8,
        8,
        8,
        8,
        8,
        8,
        8,
        8,
        8,
        8,
        8,
        8,
        8,
        8,
        8,
        8,
        8,
        8,
        8,
        8,
        8,
        8,
        8,
        8,
        8,
        8,
        8,
        8,
        8,
        8,
        8,
        8,
        8,
        8,
        8,
        8,
        8,
        8,
        8,
        8,
        8,
        8,
        8,
        8,
        8,
        8,
        8,
        8,
        8,
        8,
        8,
        8,
        8,
        8,
        8,
        8,
        8,
        8,
        8,
        8,
        8,
        8,
        8,
        8,
        8,
        8,
        8,
        8,
        8,
        8,
        8,
        8,
        8,
        8,
        8,
        8,
        8,
        8,
        8,
        8,
        8,
        8,
        8,
        8,
        8,
        8,
        8,
        8,
        8,
        8,
        8,
        8,
        8,
        8,
        8,
        8,
        8,
        8,
        8,
        8,
        8,
        8,
        8,
        8,
        8,
        8,
        8,
        8,
        8,
        8,
        8,
        8,
        8,
        8,
        8,
        8,
        8,
        8,
        8,
        8,
        8,
        8,
        8,
        8,
        8,
        8,
        8,
        8,
        8,
        8,
        8,
        8,
        8,
        8,
        8,
        8,
        8,
        8,
        8,
        8,
        8,
        8,
        8
    ],
    "hive_size_before_maintenance": [
        8,
        8,
        8,
        8,
        8,
        8,
        8,
        8,
        8,
        8,
        8,
        8,
        8,
        8,
        8,
        8,
        8,
        8,
        8,
        8,
        8,
        8,
        8,
        8,
        8,
        8,
        8,
        8,
        8,
        8,
        8,
        8,
        8,
        8,
        8,
        8,
        8,
        8,
        8,
        8,
        8,
        8,
        8,
        8,
        8,
        8,
        8,
        8,
        8,
        8,
        8,
        8,
        8,
        8,
        8,
        8,
        8,
        8,
        8,
        8,
        8,
        8,
        8,
        8,
        8,
        8,
        8,
        8,
        8,
        8,
        8,
        8,
        8,
        8,
        8,
        8,
        8,
        8,
        8,
        8,
        8,
        8,
        8,
        8,
        8,
        8,
        8,
        8,
        8,
        8,
        8,
        8,
        8,
        8,
        8,
        8,
        8,
        8,
        8,
        8,
        8,
        8,
        8,
        8,
        8,
        8,
        8,
        8,
        8,
        8,
        8,
        8,
        8,
        8,
        8,
        8,
        8,
        8,
        8,
        8,
        8,
        8,
        8,
        8,
        8,
        8,
        8,
        8,
        8,
        8,
        8,
        8,
        8,
        8,
        8,
        8,
        8,
        8,
        8,
        8,
        8,
        8,
        8,
        8,
        8,
        8,
        8,
        8,
        8,
        8,
        8,
        8,
        8,
        8,
        8,
        8,
        8,
        8,
        8,
        8,
        8,
        8,
        8,
        8,
        8,
        8,
        8,
        8,
        8,
        8,
        8,
        8,
        8,
        8,
        8,
        8,
        8,
        8,
        8,
        8,
        8,
        8,
        8,
        8,
        8,
        8,
        8,
        8,
        8,
        8,
        8,
        8,
        8,
        8,
        8,
        8,
        8,
        8,
        8,
        8,
        8,
        8,
        8,
        8,
        8,
        8,
        8,
        8,
        8,
        8,
        8,
        8,
        8,
        8,
        8,
        8,
        8,
        8,
        8,
        8,
        8,
        8,
        8,
        8,
        8,
        8,
        8,
        8,
        8,
        8,
        8,
        8,
        8,
        8,
        8,
        8,
        8,
        8,
        8,
        8,
        8,
        8,
        8,
        8,
        8,
        8,
        8,
        8,
        8,
        8,
        8,
        8,
        8,
        8,
        8,
        8,
        8,
        8,
        8,
        8,
        8,
        8,
        8,
        8,
        8,
        8,
        8,
        8,
        8,
        8,
        8,
        8,
        8,
        8,
        8,
        8,
        8,
        8,
        8,
        8,
        8,
        8,
        8,
        8,
        8,
        8,
        8,
        8,
        8,
        8,
        8,
        8,
        8,
        8,
        8,
        8,
        8,
        8,
        8,
        8,
        8,
        8,
        8,
        8,
        8,
        8,
        8,
        8,
        8,
        8,
        8,
        8,
        8,
        8,
        8,
        8,
        8,
        8,
        8,
        8,
        8,
        8,
        8,
        8,
        8,
        8,
        8,
        8,
        8,
        8,
        8,
        8,
        8,
        8,
        8,
        8,
        8,
        8,
        8,
        8,
        8,
        8,
        8,
        8
    ],
    "hive_status_before_maintenance": [
        "stable",
        "stable",
        "stable",
        "stable",
        "stable",
        "stable",
        "stable",
        "stable",
        "stable",
        "stable",
        "stable",
        "stable",
        "stable",
        "stable",
        "stable",
        "stable",
        "stable",
        "stable",
        "stable",
        "stable",
        "stable",
        "stable",
        "stable",
        "stable",
        "stable",
        "stable",
        "stable",
        "stable",
        "stable",
        "stable",
        "stable",
        "stable",
        "stable",
        "stable",
        "stable",
        "stable",
        "stable",
        "stable",
        "stable",
        "stable",
        "stable",
        "stable",
        "stable",
        "stable",
        "stable",
        "stable",
        "stable",
        "stable",
        "stable",
        "stable",
        "stable",
        "stable",
        "stable",
        "stable",
        "stable",
        "stable",
        "stable",
        "stable",
        "stable",
        "stable",
        "stable",
        "stable",
        "stable",
        "stable",
        "stable",
        "stable",
        "stable",
        "stable",
        "stable",
        "stable",
        "stable",
        "stable",
        "stable",
        "stable",
        "stable",
        "stable",
        "stable",
        "stable",
        "stable",
        "stable",
        "stable",
        "stable",
        "stable",
        "stable",
        "stable",
        "stable",
        "stable",
        "stable",
        "stable",
        "stable",
        "stable",
        "stable",
        "stable",
        "stable",
        "stable",
        "stable",
        "stable",
        "stable",
        "stable",
        "stable",
        "stable",
        "stable",
        "stable",
        "stable",
        "stable",
        "stable",
        "stable",
        "stable",
        "stable",
        "stable",
        "stable",
        "stable",
        "stable",
        "stable",
        "stable",
        "stable",
        "stable",
        "stable",
        "stable",
        "stable",
        "stable",
        "stable",
        "stable",
        "stable",
        "stable",
        "stable",
        "stable",
        "stable",
        "stable",
        "stable",
        "stable",
        "stable",
        "stable",
        "stable",
        "stable",
        "stable",
        "stable",
        "stable",
        "stable",
        "stable",
        "stable",
        "stable",
        "stable",
        "stable",
        "stable",
        "stable",
        "stable",
        "stable",
        "stable",
        "stable",
        "stable",
        "stable",
        "stable",
        "stable",
        "stable",
        "stable",
        "stable",
        "stable",
        "stable",
        "stable",
        "stable",
        "stable",
        "stable",
        "stable",
        "stable",
        "stable",
        "stable",
        "stable",
        "stable",
        "stable",
        "stable",
        "stable",
        "stable",
        "stable",
        "stable",
        "stable",
        "stable",
        "stable",
        "stable",
        "stable",
        "stable",
        "stable",
        "stable",
        "stable",
        "stable",
        "stable",
        "stable",
        "stable",
        "stable",
        "stable",
        "stable",
        "stable",
        "stable",
        "stable",
        "stable",
        "stable",
        "stable",
        "stable",
        "stable",
        "stable",
        "stable",
        "stable",
        "stable",
        "stable",
        "stable",
        "stable",
        "stable",
        "stable",
        "stable",
        "stable",
        "stable",
        "stable",
        "stable",
        "stable",
        "stable",
        "stable",
        "stable",
        "stable",
        "stable",
        "stable",
        "stable",
        "stable",
        "stable",
        "stable",
        "stable",
        "stable",
        "stable",
        "stable",
        "stable",
        "stable",
        "stable",
        "stable",
        "stable",
        "stable",
        "stable",
        "stable",
        "stable",
        "stable",
        "stable",
        "stable",
        "stable",
        "stable",
        "stable",
        "stable",
        "stable",
        "stable",
        "stable",
        "stable",
        "stable",
        "stable",
        "stable",
        "stable",
        "stable",
        "stable",
        "stable",
        "stable",
        "stable",
        "stable",
        "stable",
        "stable",
        "stable",
        "stable",
        "stable",
        "stable",
        "stable",
        "stable",
        "stable",
        "stable",
        "stable",
        "stable",
        "stable",
        "stable",
        "stable",
        "stable",
        "stable",
        "stable",
        "stable",
        "stable",
        "stable",
        "stable",
        "stable",
        "stable",
        "stable",
        "stable",
        "stable",
        "stable",
        "stable",
        "stable",
        "stable",
        "stable",
        "stable",
        "stable",
        "stable",
        "stable",
        "stable",
        "stable",
        "stable",
        "stable",
        "stable",
        "stable",
        "stable",
        "stable",
        "stable",
        "stable",
        "stable",
        "stable",
        "stable",
        "stable",
        "stable",
        "stable",
        "stable",
        "stable",
        "stable",
        "stable",
        "stable",
        "stable",
        "stable",
        "stable",
        "stable",
        "stable",
        "stable",
        "stable",
        "stable",
        "stable",
        "stable",
        "stable",
        "stable",
        "stable",
        "stable",
        "stable",
        "stable",
        "stable",
        "stable",
        "stable",
        "stable",
        "stable",
        "stable",
        "stable",
        "stable",
        "stable",
        "stable",
        "stable",
        "stable",
        "stable"
    ],
    "initial_spread": "i",
    "largest_convergence_window": 0,
    "lost_messages": [
        39,
        55,
        61,
        47,
        52,
        45,
        43,
        36,
        50,
        36,
        50,
        46,
        56,
        46,
        49,
        61,
        57,
        57,
        47,
        54,
        61,
        38,
        53,
        33,
        51,
        39,
        51,
        47,
        52,
        56,
        60,
        54,
        42,
        62,
        42,
        46,
        47,
        49,
        45,
        45,
        46,
        47,
        54,
        52,
        53,
        52,
        56,
        49,
        51,
        51,
        54,
        43,
        67,
        46,
        48,
        47,
        65,
        46,
        59,
        45,
        47,
        50,
        52,
        47,
        55,
        51,
        47,
        58,
        66,
        50,
        55,
        55,
        46,
        52,
        58,
        53,
        49,
        52,
        65,
        52,
        36,
        52,
        48,
        50,
        50,
        63,
        58,
        54,
        46,
        56,
        55,
        49,
        48,
        51,
        54,
        52,
        45,
        49,
        45,
        33,
        53,
        44,
        52,
        53,
        51,
        56,
        60,
        51,
        42,
        57,
        47,
        47,
        55,
        65,
        52,
        50,
        40,
        42,
        60,
        48,
        54,
        53,
        44,
        54,
        52,
        36,
        53,
        48,
        54,
        48,
        54,
        36,
        47,
        49,
        57,
        44,
        56,
        59,
        56,
        39,
        48,
        46,
        47,
        51,
        45,
        59,
        51,
        55,
        53,
        56,
        39,
        53,
        47,
        42,
        50,
        47,
        63,
        36,
        50,
        43,
        54,
        58,
        42,
        55,
        50,
        56,
        49,
        45,
        55,
        50,
        45,
        56,
        56,
        55,
        48,
        53,
        54,
        59,
        49,
        43,
        52,
        51,
        45,
        66,
        51,
        49,
        48,
        41,
        42,
        51,
        46,
        47,
        55,
        63,
        53,
        57,
        67,
        46,
        55,
        42,
        52,
        62,
        49,
        45,
        54,
        57,
        56,
        53,
        54,
        60,
        43,
        54,
        53,
        45,
        60,
        63,
        47,
        47,
        49,
        56,
        45,
        60,
        53,
        57,
        49,
        72,
        63,
        42,
        54,
        47,
        49,
        53,
        38,
        71,
        42,
        47,
        63,
        64,
        52,
        40,
        48,
        44,
        52,
        40,
        63,
        47,
        41,
        53,
        45,
        37,
        52,
        44,
        41,
        49,
        53,
        42,
        56,
        45,
        41,
        46,
        47,
        60,
        53,
        44,
        46,
        53,
        51,
        58,
        53,
        56,
        59,
        56,
        56,
        49,
        49,
        46,
        50,
        64,
        42,
        56,
        55,
        56,
        41,
        48,
        45,
        36,
        47,
        47,
        63,
        52,
        48,
        59,
        55,
        55,
        56,
        38,
        49,
        47,
        42,
        55,
        62,
        47,
        63,
        52,
        57,
        56,
        53,
        53,
        43,
        64,
        64,
        47,
        51,
        58,
        57,
        43,
        63,
        61,
        58,
        43,
        54,
        51,
        42,
        51,
        58,
        48,
        48,
        57,
        37,
        47,
        49,
        59,
        34,
        54,
        57,
        47,
        57,
        52,
        43,
        44,
        50,
        56,
        42,
        53
    ],
    "lost_parts": [
        0,
        0,
        0,
        0,
        0,
        0,
        0,
        0,
        0,
        0,
        0,
        0,
        0,
        0,
        0,
        0,
        0,
        0,
        0,
        0,
        0,
        0,
        0,
        0,
        0,
        0,
        0,
        0,
        0,
        0,
        0,
        0,
        0,
        0,
        0,
        0,
        0,
        0,
        0,
        0,
        0,
        0,
        0,
        0,
        0,
        0,
        0,
        0,
        0,
        0,
        0,
        0,
        0,
        0,
        0,
        0,
        0,
        0,
        0,
        0,
        0,
        0,
        0,
        0,
        0,
        0,
        0,
        0,
        0,
        0,
        0,
        0,
        0,
        0,
        0,
        0,
        0,
        0,
        0,
        0,
        0,
        0,
        0,
        0,
        0,
        0,
        0,
        0,
        0,
        0,
        0,
        0,
        0,
        0,
        0,
        0,
        0,
        0,
        0,
        0,
        0,
        0,
        0,
        0,
        0,
        0,
        0,
        0,
        0,
        0,
        0,
        0,
        0,
        0,
        0,
        0,
        0,
        0,
        0,
        0,
        0,
        0,
        0,
        0,
        0,
        0,
        0,
        0,
        0,
        0,
        0,
        0,
        0,
        0,
        0,
        0,
        0,
        0,
        0,
        0,
        0,
        0,
        0,
        0,
        0,
        0,
        0,
        0,
        0,
        0,
        0,
        0,
        0,
        0,
        0,
        0,
        0,
        0,
        0,
        0,
        0,
        0,
        0,
        0,
        0,
        0,
        0,
        0,
        0,
        0,
        0,
        0,
        0,
        0,
        0,
        0,
        0,
        0,
        0,
        0,
        0,
        0,
        0,
        0,
        0,
        0,
        0,
        0,
        0,
        0,
        0,
        0,
        0,
        0,
        0,
        0,
        0,
        0,
        0,
        0,
        0,
        0,
        0,
        0,
        0,
        0,
        0,
        0,
        0,
        0,
        0,
        0,
        0,
        0,
        0,
        0,
        0,
        0,
        0,
        0,
        0,
        0,
        0,
        0,
        0,
        0,
        0,
        0,
        0,
        0,
        0,
        0,
        0,
        0,
        0,
        0,
        0,
        0,
        0,
        0,
        0,
        0,
        0,
        0,
        0,
        0,
        0,
        0,
        0,
        0,
        0,
        0,
        0,
        0,
        0,
        0,
        0,
        0,
        0,
        0,
        0,
        0,
        0,
        0,
        0,
        0,
        0,
        0,
        0,
        0,
        0,
        0,
        0,
        0,
        0,
        0,
        0,
        0,
        0,
        0,
        0,
        0,
        0,
        0,
        0,
        0,
        0,
        0,
        0,
        0,
        0,
        0,
        0,
        0,
        0,
        0,
        0,
        0,
        0,
        0,
        0,
        0,
        0,
        0,
        0,
        0,
        0,
        0,
        0,
        0,
        0,
        0,
        0,
        0,
        0,
        0,
        0,
        0,
        0,
        0,
        0,
        0,
        0,
        0,
        0,
        0,
        0,
        0,
        0,
        0,
        0,
        0,
        0,
        0,
        0,
        0,
        0,
        0,
        0,
        0,
        0,
        0,
        0,
        0
    ],
    "max_epochs": 720,
    "max_recovery_delay": 4,
    "min_recovery_delay": 1,
    "moved_parts": [
        1212,
        1258,
        1235,
        1253,
        1275,
        1265,
        1279,
        1268,
        1242,
        1235,
        1286,
        1331,
        1267,
        1253,
        1292,
        1260,
        1286,
        1286,
        1213,
        1236,
        1295,
        1291,
        1289,
        1287,
        1314,
        1260,
        1274,
        1266,
        1260,
        1298,
        1249,
        1284,
        1291,
        1298,
        1294,
        1303,
        1254,
        1263,
        1300,
        1275,
        1269,
        1269,
        1237,
        1275,
        1269,
        1263,
        1300,
        1235,
        1230,
        1258,
        1249,
        1287,
        1285,
        1271,
        1222,
        1273,
        1287,
        1261,
        1278,
        1260,
        1256,
        1258,
        1277,
        1237,
        1269,
        1282,
        1264,
        1293,
        1217,
        1302,
        1276,
        1254,
        1238,
        1288,
        1298,
        1231,
        1233,
        1259,
        1268,
        1238,
        1299,
        1281,
        1259,
        1272,
        1289,
        1248,
        1250,
        1304,
        1238,
        1282,
        1260,
        1282,
        1249,
        1268,
        1304,
        1294,
        1299,
        1259,
        1266,
        1301,
        1305,
        1278,
        1242,
        1277,
        1269,
        1259,
        1290,
        1294,
        1271,
        1276,
        1263,
        1283,
        1303,
        1288,
        1234,
        1213,
        1244,
        1292,
        1274,
        1275,
        1243,
        1255,
        1295,
        1287,
        1224,
        1302,
        1270,
        1291,
        1249,
        1299,
        1241,
        1249,
        1276,
        1285,
        1284,
        1248,
        1240,
        1317,
        1245,
        1242,
        1261,
        1224,
        1264,
        1243,
        1273,
        1260,
        1244,
        1264,
        1273,
        1312,
        1260,
        1274,
        1315,
        1268,
        1307,
        1292,
        1307,
        1290,
        1277,
        1279,
        1231,
        1273,
        1271,
        1267,
        1222,
        1285,
        1229,
        1272,
        1275,
        1264,
        1261,
        1260,
        1233,
        1325,
        1327,
        1267,
        1283,
        1277,
        1252,
        1299,
        1232,
        1283,
        1271,
        1223,
        1311,
        1263,
        1296,
        1285,
        1281,
        1236,
        1260,
        1262,
        1229,
        1223,
        1272,
        1292,
        1297,
        1278,
        1235,
        1297,
        1295,
        1270,
        1288,
        1231,
        1252,
        1258,
        1300,
        1240,
        1288,
        1306,
        1241,
        1277,
        1240,
        1298,
        1271,
        1250,
        1237,
        1281,
        1217,
        1266,
        1250,
        1317,
        1290,
        1252,
        1265,
        1314,
        1282,
        1259,
        1264,
        1269,
        1245,
        1276,
        1240,
        1263,
        1255,
        1242,
        1288,
        1266,
        1316,
        1257,
        1264,
        1286,
        1267,
        1288,
        1283,
        1238,
        1283,
        1281,
        1246,
        1308,
        1259,
        1294,
        1228,
        1319,
        1251,
        1260,
        1283,
        1266,
        1251,
        1299,
        1289,
        1277,
        1243,
        1254,
        1286,
        1291,
        1250,
        1291,
        1247,
        1270,
        1275,
        1234,
        1258,
        1264,
        1273,
        1291,
        1305,
        1266,
        1288,
        1279,
        1251,
        1268,
        1243,
        1257,
        1249,
        1260,
        1294,
        1247,
        1259,
        1257,
        1244,
        1245,
        1228,
        1315,
        1270,
        1285,
        1257,
        1303,
        1304,
        1287,
        1295,
        1295,
        1256,
        1280,
        1290,
        1302,
        1276,
        1249,
        1257,
        1240,
        1251,
        1254,
        1250,
        1297,
        1307,
        1253,
        1244,
        1261,
        1278,
        1313,
        1263,
        1317,
        1258,
        1284,
        1309,
        1264,
        1300,
        1219,
        1266,
        1259,
        1257,
        1243,
        1262,
        1260,
        1276,
        1265,
        1278,
        1291,
        1284,
        1274,
        1297,
        1272,
        1271,
        1274
    ],
    "msg": [
        "lost all replicas of file part with id: FBZ_0134.NEF_#_291, and last loss was due to corruption"
    ],
    "original_hive_size": 8,
    "parts_in_hive": [
        1083,
        1083,
        1082,
        1082,
        1081,
        1081,
        1080,
        1077,
        1078,
        1077,
        1072,
        1073,
        1076,
        1073,
        1070,
        1073,
        1074,
        1074,
        1075,
        1070,
        1071,
        1069,
        1067,
        1066,
        1068,
        1065,
        1064,
        1062,
        1064,
        1064,
        1064,
        1062,
        1068,
        1074,
        1076,
        1069,
        1071,
        1068,
        1062,
        1066,
        1062,
        1063,
        1062,
        1070,
        1068,
        1062,
        1065,
        1066,
        1068,
        1071,
        1068,
        1065,
        1061,
        1060,
        1063,
        1066,
        1063,
        1061,
        1059,
        1058,
        1056,
        1064,
        1068,
        1071,
        1069,
        1063,
        1061,
        1056,
        1056,
        1061,
        1058,
        1064,
        1062,
        1065,
        1070,
        1069,
        1062,
        1064,
        1062,
        1060,
        1060,
        1062,
        1056,
        1061,
        1061,
        1060,
        1069,
        1065,
        1062,
        1067,
        1066,
        1066,
        1063,
        1056,
        1062,
        1061,
        1060,
        1059,
        1065,
        1065,
        1070,
        1068,
        1060,
        1061,
        1052,
        1057,
        1060,
        1059,
        1062,
        1060,
        1062,
        1064,
        1064,
        1065,
        1058,
        1060,
        1063,
        1072,
        1070,
        1066,
        1066,
        1067,
        1065,
        1061,
        1062,
        1061,
        1058,
        1067,
        1063,
        1066,
        1061,
        1056,
        1058,
        1065,
        1067,
        1064,
        1064,
        1063,
        1067,
        1066,
        1062,
        1059,
        1060,
        1062,
        1063,
        1062,
        1069,
        1066,
        1059,
        1061,
        1058,
        1053,
        1063,
        1066,
        1062,
        1055,
        1060,
        1067,
        1064,
        1058,
        1058,
        1061,
        1057,
        1059,
        1057,
        1061,
        1059,
        1063,
        1064,
        1057,
        1057,
        1062,
        1066,
        1065,
        1064,
        1068,
        1070,
        1064,
        1065,
        1061,
        1057,
        1062,
        1068,
        1065,
        1064,
        1065,
        1067,
        1066,
        1062,
        1060,
        1063,
        1053,
        1052,
        1062,
        1064,
        1063,
        1058,
        1062,
        1057,
        1060,
        1058,
        1061,
        1065,
        1058,
        1056,
        1062,
        1059,
        1062,
        1061,
        1061,
        1059,
        1061,
        1050,
        1059,
        1062,
        1062,
        1062,
        1060,
        1057,
        1053,
        1056,
        1061,
        1059,
        1056,
        1066,
        1061,
        1062,
        1058,
        1061,
        1056,
        1051,
        1057,
        1059,
        1060,
        1059,
        1063,
        1062,
        1061,
        1060,
        1059,
        1060,
        1065,
        1063,
        1064,
        1063,
        1060,
        1065,
        1061,
        1063,
        1059,
        1053,
        1059,
        1059,
        1054,
        1054,
        1057,
        1060,
        1060,
        1055,
        1058,
        1062,
        1060,
        1055,
        1051,
        1056,
        1062,
        1066,
        1066,
        1056,
        1053,
        1054,
        1056,
        1058,
        1062,
        1059,
        1063,
        1063,
        1059,
        1062,
        1065,
        1056,
        1063,
        1063,
        1059,
        1056,
        1053,
        1055,
        1056,
        1063,
        1061,
        1062,
        1058,
        1058,
        1053,
        1057,
        1058,
        1062,
        1063,
        1058,
        1062,
        1064,
        1062,
        1063,
        1066,
        1063,
        1062,
        1057,
        1050,
        1057,
        1058,
        1059,
        1061,
        1056,
        1067,
        1064,
        1056,
        1056,
        1056,
        1062,
        1065,
        1065,
        1059,
        1053,
        1050,
        1045,
        1053,
        1059,
        1059,
        1061,
        1057,
        1056,
        1056,
        1058,
        1066,
        1062,
        1062,
        1057,
        1057,
        1058,
        1059,
        1062,
        1065,
        1064,
        1060
    ],
    "read_size": 131072,
    "redundant_size": 14,
    "replication_level": 3,
    "simfile_name": "min4-mean90-std32-i.json",
    "successfull": false,
    "sufficient_size_threshold": 6,
    "terminated": 344
}
