{
    "channel_loss": 0.04,
    "convergence_set": [
        130,
        131,
        132,
        133,
        134,
        135,
        136,
        137,
        138,
        139,
        140,
        141,
        142,
        143,
        144,
        145,
        146,
        147,
        148,
        149
    ],
    "convergence_sets": [
        [
            45,
            46,
            47,
            48,
            49,
            50,
            51,
            52,
            53,
            54,
            55
        ],
        [
            58,
            59,
            60,
            61,
            62,
            63,
            64,
            65
        ],
        [
            71,
            72,
            73,
            74,
            75,
            76,
            77,
            78,
            79,
            80,
            81,
            82,
            83,
            84,
            85,
            86,
            87,
            88,
            89
        ],
        [
            92,
            93,
            94,
            95,
            96,
            97,
            98,
            99,
            100,
            101,
            102,
            103,
            104,
            105,
            106,
            107,
            108,
            109,
            110,
            111,
            112,
            113,
            114,
            115,
            116,
            117,
            118,
            119,
            120,
            121,
            122,
            123,
            124,
            125
        ]
    ],
    "convergence_treshold": 2,
    "corrupted_parts": [
        0,
        0,
        0,
        0,
        3,
        0,
        3,
        1,
        0,
        0,
        1,
        2,
        2,
        1,
        2,
        1,
        2,
        2,
        1,
        3,
        1,
        1,
        1,
        1,
        2,
        4,
        1,
        1,
        2,
        3,
        3,
        4,
        8,
        8,
        11,
        6,
        4,
        7,
        7,
        4,
        5,
        7,
        11,
        6,
        11,
        5,
        10,
        15,
        10,
        3,
        12,
        10,
        2,
        6,
        11,
        6,
        7,
        8,
        5,
        16,
        8,
        9,
        4,
        9,
        9,
        8,
        4,
        9,
        6,
        14,
        3,
        9,
        14,
        8,
        7,
        9,
        7,
        9,
        7,
        10,
        9,
        11,
        12,
        12,
        12,
        9,
        4,
        11,
        3,
        6,
        9,
        12,
        7,
        8,
        11,
        6,
        7,
        7,
        10,
        7,
        8,
        7,
        10,
        9,
        11,
        10,
        8,
        10,
        14,
        8,
        10,
        7,
        7,
        3,
        11,
        5,
        4,
        9,
        10,
        6,
        6,
        8,
        9,
        8,
        7,
        8,
        9,
        8,
        13,
        6,
        10,
        12,
        12,
        9,
        6,
        11,
        11,
        6,
        8,
        9,
        3,
        8,
        14,
        13,
        10,
        12,
        11,
        6,
        15
    ],
    "corruption_chance_tod": 0.007243954228040914,
    "critical_size_threshold": 3,
    "cswc": 21,
    "delay": [
        0,
        0,
        0,
        0,
        2.6666666666666665,
        0,
        3.0,
        3.0,
        0,
        0,
        4.0,
        2.0,
        4.0,
        4.0,
        2.5,
        1.0,
        3.0,
        2.0,
        3.0,
        1.3333333333333333,
        4.0,
        3.0,
        4.0,
        1.0,
        3.0,
        2.5,
        2.0,
        1.0,
        2.25,
        2.0,
        2.0,
        3.25,
        1.75,
        2.25,
        2.3636363636363638,
        3.0,
        3.25,
        3.0,
        2.857142857142857,
        2.75,
        2.0,
        3.142857142857143,
        2.4545454545454546,
        3.1666666666666665,
        2.6363636363636362,
        3.0,
        2.7,
        2.7333333333333334,
        2.5,
        2.6666666666666665,
        2.1666666666666665,
        2.7,
        2.5,
        2.0,
        2.6363636363636362,
        2.3333333333333335,
        2.5714285714285716,
        2.375,
        2.6,
        2.5625,
        2.125,
        2.7777777777777777,
        1.75,
        2.2222222222222223,
        2.7777777777777777,
        2.875,
        2.0,
        2.6666666666666665,
        3.0,
        2.4285714285714284,
        2.0,
        2.6666666666666665,
        2.5,
        2.875,
        2.7142857142857144,
        2.3333333333333335,
        2.5714285714285716,
        2.3333333333333335,
        1.5714285714285714,
        3.0,
        2.2222222222222223,
        2.272727272727273,
        3.0833333333333335,
        2.9166666666666665,
        2.4166666666666665,
        2.111111111111111,
        3.0,
        2.5454545454545454,
        2.3333333333333335,
        2.3333333333333335,
        1.8888888888888888,
        2.4166666666666665,
        2.4285714285714284,
        2.625,
        2.5454545454545454,
        2.8333333333333335,
        2.4285714285714284,
        3.2857142857142856,
        2.4,
        2.142857142857143,
        2.5,
        2.7142857142857144,
        2.6,
        2.4444444444444446,
        2.272727272727273,
        2.5,
        2.625,
        2.3,
        2.2142857142857144,
        2.125,
        2.4,
        2.142857142857143,
        2.5714285714285716,
        3.0,
        2.272727272727273,
        1.8,
        3.0,
        2.2222222222222223,
        2.7,
        2.0,
        2.3333333333333335,
        2.5,
        2.7777777777777777,
        2.625,
        2.142857142857143,
        2.75,
        2.2222222222222223,
        2.5,
        2.4615384615384617,
        2.6666666666666665,
        2.4,
        2.0833333333333335,
        2.4166666666666665,
        2.888888888888889,
        3.0,
        2.727272727272727,
        2.909090909090909,
        2.8333333333333335,
        2.75,
        2.3333333333333335,
        3.0,
        2.75,
        2.0,
        2.0,
        2.7,
        1.9166666666666667,
        2.727272727272727,
        3.3333333333333335,
        2.0714285714285716
    ],
    "disconnected_workers": [
        0,
        0,
        0,
        0,
        0,
        0,
        0,
        0,
        0,
        0,
        0,
        0,
        0,
        0,
        0,
        0,
        0,
        0,
        0,
        0,
        0,
        0,
        0,
        0,
        0,
        0,
        0,
        0,
        2,
        0,
        0,
        0,
        0,
        0,
        0,
        0,
        0,
        0,
        0,
        0,
        1,
        0,
        0,
        0,
        0,
        0,
        0,
        0,
        0,
        0,
        0,
        0,
        0,
        0,
        0,
        0,
        0,
        0,
        0,
        0,
        0,
        0,
        0,
        0,
        0,
        0,
        0,
        0,
        0,
        0,
        0,
        0,
        0,
        0,
        0,
        0,
        0,
        0,
        0,
        0,
        0,
        0,
        0,
        0,
        0,
        0,
        0,
        0,
        0,
        0,
        0,
        0,
        0,
        0,
        0,
        0,
        0,
        0,
        0,
        0,
        0,
        0,
        0,
        0,
        0,
        0,
        0,
        0,
        0,
        0,
        0,
        0,
        0,
        0,
        0,
        0,
        0,
        0,
        0,
        0,
        0,
        0,
        0,
        0,
        0,
        0,
        0,
        0,
        0,
        0,
        0,
        0,
        0,
        0,
        0,
        0,
        0,
        0,
        0,
        0,
        0,
        0,
        0,
        0,
        0,
        0,
        0,
        0,
        0
    ],
    "file_name": "FBZ_0134.NEF",
    "hive_id": "7d24f348-72fc-426b-ad69-8f6e63e22223",
    "hive_size_after_maintenance": [
        8,
        8,
        8,
        8,
        8,
        8,
        8,
        8,
        8,
        8,
        8,
        8,
        8,
        8,
        8,
        8,
        8,
        8,
        8,
        8,
        8,
        8,
        8,
        8,
        8,
        8,
        8,
        8,
        8,
        8,
        8,
        8,
        8,
        8,
        8,
        8,
        8,
        8,
        8,
        8,
        8,
        8,
        8,
        8,
        8,
        8,
        8,
        8,
        8,
        8,
        8,
        8,
        8,
        8,
        8,
        8,
        8,
        8,
        8,
        8,
        8,
        8,
        8,
        8,
        8,
        8,
        8,
        8,
        8,
        8,
        8,
        8,
        8,
        8,
        8,
        8,
        8,
        8,
        8,
        8,
        8,
        8,
        8,
        8,
        8,
        8,
        8,
        8,
        8,
        8,
        8,
        8,
        8,
        8,
        8,
        8,
        8,
        8,
        8,
        8,
        8,
        8,
        8,
        8,
        8,
        8,
        8,
        8,
        8,
        8,
        8,
        8,
        8,
        8,
        8,
        8,
        8,
        8,
        8,
        8,
        8,
        8,
        8,
        8,
        8,
        8,
        8,
        8,
        8,
        8,
        8,
        8,
        8,
        8,
        8,
        8,
        8,
        8,
        8,
        8,
        8,
        8,
        8,
        8,
        8,
        8,
        8,
        8,
        8
    ],
    "hive_size_before_maintenance": [
        8,
        8,
        8,
        8,
        8,
        8,
        8,
        8,
        8,
        8,
        8,
        8,
        8,
        8,
        8,
        8,
        8,
        8,
        8,
        8,
        8,
        8,
        8,
        8,
        8,
        8,
        8,
        8,
        6,
        8,
        8,
        8,
        8,
        8,
        8,
        8,
        8,
        8,
        8,
        8,
        7,
        8,
        8,
        8,
        8,
        8,
        8,
        8,
        8,
        8,
        8,
        8,
        8,
        8,
        8,
        8,
        8,
        8,
        8,
        8,
        8,
        8,
        8,
        8,
        8,
        8,
        8,
        8,
        8,
        8,
        8,
        8,
        8,
        8,
        8,
        8,
        8,
        8,
        8,
        8,
        8,
        8,
        8,
        8,
        8,
        8,
        8,
        8,
        8,
        8,
        8,
        8,
        8,
        8,
        8,
        8,
        8,
        8,
        8,
        8,
        8,
        8,
        8,
        8,
        8,
        8,
        8,
        8,
        8,
        8,
        8,
        8,
        8,
        8,
        8,
        8,
        8,
        8,
        8,
        8,
        8,
        8,
        8,
        8,
        8,
        8,
        8,
        8,
        8,
        8,
        8,
        8,
        8,
        8,
        8,
        8,
        8,
        8,
        8,
        8,
        8,
        8,
        8,
        8,
        8,
        8,
        8,
        8,
        8
    ],
    "hive_status_before_maintenance": [
        "stable",
        "stable",
        "stable",
        "stable",
        "stable",
        "stable",
        "stable",
        "stable",
        "stable",
        "stable",
        "stable",
        "stable",
        "stable",
        "stable",
        "stable",
        "stable",
        "stable",
        "stable",
        "stable",
        "stable",
        "stable",
        "stable",
        "stable",
        "stable",
        "stable",
        "stable",
        "stable",
        "stable",
        "sufficient",
        "stable",
        "stable",
        "stable",
        "stable",
        "stable",
        "stable",
        "stable",
        "stable",
        "stable",
        "stable",
        "stable",
        "sufficient",
        "stable",
        "stable",
        "stable",
        "stable",
        "stable",
        "stable",
        "stable",
        "stable",
        "stable",
        "stable",
        "stable",
        "stable",
        "stable",
        "stable",
        "stable",
        "stable",
        "stable",
        "stable",
        "stable",
        "stable",
        "stable",
        "stable",
        "stable",
        "stable",
        "stable",
        "stable",
        "stable",
        "stable",
        "stable",
        "stable",
        "stable",
        "stable",
        "stable",
        "stable",
        "stable",
        "stable",
        "stable",
        "stable",
        "stable",
        "stable",
        "stable",
        "stable",
        "stable",
        "stable",
        "stable",
        "stable",
        "stable",
        "stable",
        "stable",
        "stable",
        "stable",
        "stable",
        "stable",
        "stable",
        "stable",
        "stable",
        "stable",
        "stable",
        "stable",
        "stable",
        "stable",
        "stable",
        "stable",
        "stable",
        "stable",
        "stable",
        "stable",
        "stable",
        "stable",
        "stable",
        "stable",
        "stable",
        "stable",
        "stable",
        "stable",
        "stable",
        "stable",
        "stable",
        "stable",
        "stable",
        "stable",
        "stable",
        "stable",
        "stable",
        "stable",
        "stable",
        "stable",
        "stable",
        "stable",
        "stable",
        "stable",
        "stable",
        "stable",
        "stable",
        "stable",
        "stable",
        "stable",
        "stable",
        "stable",
        "stable",
        "stable",
        "stable",
        "stable",
        "stable",
        "stable",
        "stable",
        "stable",
        "stable"
    ],
    "initial_spread": "u",
    "largest_convergence_window": 34,
    "lost_messages": [
        19,
        18,
        17,
        16,
        14,
        14,
        10,
        17,
        15,
        10,
        12,
        9,
        16,
        17,
        15,
        20,
        6,
        14,
        17,
        9,
        16,
        20,
        15,
        14,
        22,
        12,
        14,
        11,
        8,
        53,
        60,
        51,
        62,
        42,
        56,
        49,
        54,
        44,
        65,
        54,
        43,
        51,
        62,
        49,
        70,
        54,
        59,
        73,
        43,
        59,
        54,
        50,
        42,
        58,
        60,
        60,
        64,
        53,
        53,
        57,
        39,
        53,
        50,
        58,
        54,
        49,
        57,
        58,
        62,
        58,
        54,
        50,
        58,
        57,
        50,
        44,
        45,
        45,
        57,
        55,
        66,
        44,
        51,
        51,
        55,
        48,
        60,
        66,
        55,
        42,
        54,
        69,
        66,
        51,
        64,
        53,
        52,
        55,
        49,
        66,
        44,
        69,
        41,
        56,
        43,
        53,
        58,
        63,
        58,
        56,
        57,
        53,
        66,
        40,
        47,
        62,
        58,
        52,
        49,
        56,
        59,
        55,
        42,
        56,
        57,
        57,
        58,
        60,
        67,
        50,
        54,
        64,
        58,
        54,
        47,
        53,
        50,
        58,
        58,
        51,
        62,
        52,
        59,
        51,
        42,
        59,
        65,
        61,
        48
    ],
    "lost_parts": [
        0,
        0,
        0,
        0,
        0,
        0,
        0,
        0,
        0,
        0,
        0,
        0,
        0,
        0,
        0,
        0,
        0,
        0,
        0,
        0,
        0,
        0,
        0,
        0,
        0,
        0,
        0,
        0,
        46,
        0,
        0,
        0,
        0,
        0,
        0,
        0,
        0,
        0,
        0,
        0,
        7,
        0,
        0,
        0,
        0,
        0,
        0,
        0,
        0,
        0,
        0,
        0,
        0,
        0,
        0,
        0,
        0,
        0,
        0,
        0,
        0,
        0,
        0,
        0,
        0,
        0,
        0,
        0,
        0,
        0,
        0,
        0,
        0,
        0,
        0,
        0,
        0,
        0,
        0,
        0,
        0,
        0,
        0,
        0,
        0,
        0,
        0,
        0,
        0,
        0,
        0,
        0,
        0,
        0,
        0,
        0,
        0,
        0,
        0,
        0,
        0,
        0,
        0,
        0,
        0,
        0,
        0,
        0,
        0,
        0,
        0,
        0,
        0,
        0,
        0,
        0,
        0,
        0,
        0,
        0,
        0,
        0,
        0,
        0,
        0,
        0,
        0,
        0,
        0,
        0,
        0,
        0,
        0,
        0,
        0,
        0,
        0,
        0,
        0,
        0,
        0,
        0,
        0,
        0,
        0,
        0,
        0,
        0,
        0
    ],
    "max_epochs": 720,
    "max_recovery_delay": 4,
    "min_recovery_delay": 1,
    "moved_parts": [
        625,
        465,
        431,
        415,
        390,
        339,
        350,
        353,
        373,
        342,
        366,
        388,
        345,
        350,
        395,
        349,
        371,
        370,
        368,
        379,
        392,
        352,
        381,
        364,
        403,
        374,
        379,
        355,
        334,
        1377,
        1402,
        1341,
        1353,
        1368,
        1345,
        1335,
        1390,
        1361,
        1351,
        1329,
        1337,
        1368,
        1328,
        1329,
        1329,
        1352,
        1360,
        1366,
        1334,
        1307,
        1340,
        1354,
        1315,
        1346,
        1373,
        1322,
        1378,
        1355,
        1333,
        1336,
        1345,
        1361,
        1352,
        1345,
        1394,
        1404,
        1347,
        1352,
        1323,
        1351,
        1344,
        1335,
        1341,
        1333,
        1328,
        1362,
        1348,
        1338,
        1301,
        1341,
        1329,
        1356,
        1366,
        1316,
        1315,
        1385,
        1333,
        1305,
        1333,
        1316,
        1353,
        1353,
        1347,
        1343,
        1390,
        1324,
        1367,
        1320,
        1370,
        1351,
        1329,
        1355,
        1327,
        1307,
        1322,
        1357,
        1331,
        1321,
        1359,
        1363,
        1362,
        1377,
        1343,
        1338,
        1315,
        1395,
        1307,
        1351,
        1333,
        1335,
        1382,
        1331,
        1336,
        1319,
        1318,
        1303,
        1377,
        1334,
        1388,
        1346,
        1333,
        1376,
        1345,
        1365,
        1345,
        1354,
        1367,
        1371,
        1319,
        1371,
        1311,
        1331,
        1349,
        1383,
        1332,
        1378,
        1311,
        1316,
        1315
    ],
    "msg": [
        "lost all replicas of file part with id: FBZ_0134.NEF_#_146, and last loss was due to corruption"
    ],
    "original_hive_size": 8,
    "parts_in_hive": [
        1083,
        1083,
        1083,
        1083,
        1080,
        1080,
        1079,
        1078,
        1080,
        1081,
        1082,
        1080,
        1078,
        1079,
        1078,
        1077,
        1079,
        1079,
        1080,
        1077,
        1080,
        1081,
        1080,
        1079,
        1080,
        1076,
        1077,
        1078,
        1035,
        1047,
        1061,
        1070,
        1070,
        1068,
        1063,
        1067,
        1066,
        1065,
        1064,
        1066,
        1061,
        1066,
        1060,
        1060,
        1058,
        1062,
        1060,
        1056,
        1054,
        1057,
        1060,
        1061,
        1066,
        1069,
        1065,
        1066,
        1065,
        1063,
        1067,
        1059,
        1057,
        1059,
        1064,
        1066,
        1063,
        1064,
        1066,
        1065,
        1065,
        1060,
        1062,
        1061,
        1059,
        1059,
        1061,
        1063,
        1062,
        1060,
        1062,
        1068,
        1065,
        1058,
        1055,
        1053,
        1049,
        1054,
        1061,
        1063,
        1066,
        1068,
        1066,
        1065,
        1064,
        1064,
        1059,
        1062,
        1064,
        1066,
        1061,
        1062,
        1061,
        1066,
        1062,
        1060,
        1057,
        1060,
        1062,
        1059,
        1055,
        1058,
        1062,
        1063,
        1065,
        1071,
        1066,
        1068,
        1068,
        1069,
        1064,
        1065,
        1065,
        1066,
        1065,
        1063,
        1060,
        1064,
        1063,
        1063,
        1059,
        1064,
        1057,
        1057,
        1057,
        1060,
        1061,
        1058,
        1056,
        1061,
        1057,
        1058,
        1068,
        1066,
        1058,
        1058,
        1058,
        1057,
        1058,
        1061,
        1055
    ],
    "read_size": 131072,
    "redundant_size": 14,
    "replication_level": 3,
    "simfile_name": "min4-mean78-std32-u.json",
    "successfull": false,
    "sufficient_size_threshold": 6,
    "terminated": 149
}
