{
    "channel_loss": 0.04,
    "convergence_set": [
        341,
        342,
        343,
        344,
        345,
        346,
        347,
        348,
        349,
        350,
        351,
        352
    ],
    "convergence_sets": [
        [
            31
        ],
        [
            46
        ],
        [
            54
        ],
        [
            58
        ],
        [
            65
        ],
        [
            289,
            290,
            291,
            292,
            293,
            294,
            295,
            296,
            297,
            298,
            299,
            300,
            301,
            302,
            303,
            304,
            305,
            306,
            307,
            308,
            309,
            310,
            311,
            312,
            313,
            314,
            315,
            316,
            317,
            318,
            319,
            320,
            321,
            322,
            323,
            324,
            325,
            326,
            327,
            328
        ],
        [
            331,
            332,
            333,
            334,
            335,
            336,
            337,
            338
        ]
    ],
    "convergence_treshold": 2,
    "corrupted_parts": [
        0,
        1,
        2,
        4,
        4,
        3,
        2,
        2,
        1,
        3,
        2,
        2,
        1,
        4,
        0,
        6,
        6,
        3,
        0,
        1,
        3,
        6,
        4,
        4,
        4,
        0,
        3,
        3,
        6,
        4,
        0,
        2,
        4,
        7,
        2,
        6,
        5,
        5,
        6,
        4,
        6,
        5,
        4,
        4,
        4,
        4,
        4,
        3,
        6,
        3,
        3,
        7,
        1,
        3,
        5,
        5,
        4,
        3,
        5,
        3,
        1,
        8,
        8,
        1,
        4,
        4,
        3,
        17,
        5,
        5,
        5,
        2,
        1,
        4,
        2,
        10,
        6,
        4,
        5,
        5,
        5,
        4,
        3,
        6,
        5,
        6,
        3,
        6,
        2,
        2,
        2,
        4,
        5,
        6,
        3,
        2,
        5,
        7,
        7,
        7,
        4,
        7,
        9,
        5,
        3,
        7,
        2,
        9,
        5,
        8,
        6,
        5,
        7,
        6,
        6,
        7,
        3,
        13,
        7,
        4,
        9,
        1,
        1,
        6,
        4,
        8,
        2,
        7,
        2,
        5,
        5,
        3,
        6,
        4,
        6,
        7,
        5,
        3,
        5,
        7,
        2,
        6,
        6,
        9,
        12,
        3,
        6,
        6,
        6,
        6,
        4,
        7,
        9,
        10,
        6,
        7,
        4,
        10,
        5,
        7,
        10,
        4,
        8,
        2,
        6,
        8,
        2,
        7,
        9,
        7,
        5,
        5,
        8,
        9,
        1,
        7,
        9,
        7,
        9,
        8,
        9,
        10,
        9,
        8,
        8,
        7,
        5,
        7,
        7,
        10,
        4,
        4,
        8,
        7,
        2,
        9,
        10,
        4,
        7,
        5,
        3,
        7,
        8,
        8,
        8,
        4,
        8,
        3,
        8,
        4,
        12,
        7,
        9,
        6,
        7,
        5,
        3,
        5,
        7,
        6,
        7,
        7,
        3,
        8,
        7,
        6,
        8,
        7,
        5,
        6,
        5,
        6,
        7,
        3,
        5,
        7,
        6,
        5,
        5,
        9,
        9,
        7,
        3,
        9,
        6,
        5,
        7,
        11,
        6,
        6,
        11,
        9,
        7,
        6,
        11,
        4,
        8,
        8,
        9,
        5,
        4,
        7,
        1,
        9,
        8,
        8,
        8,
        4,
        6,
        8,
        9,
        3,
        6,
        6,
        7,
        10,
        11,
        8,
        3,
        5,
        10,
        7,
        6,
        9,
        6,
        12,
        15,
        18,
        8,
        9,
        10,
        9,
        9,
        10,
        5,
        6,
        8,
        7,
        12,
        8,
        9,
        9,
        10,
        16,
        3,
        13,
        9,
        11,
        10,
        11,
        13,
        12,
        8,
        13,
        10,
        11,
        9,
        10,
        8,
        7,
        12,
        10,
        10,
        14,
        5,
        13,
        7,
        8,
        12,
        9,
        14,
        14,
        9,
        12,
        10,
        5,
        11,
        13,
        5,
        15,
        3,
        9,
        14,
        6,
        16,
        7,
        10,
        5,
        9,
        12,
        10,
        11
    ],
    "corruption_chance_tod": 0.008488475544927104,
    "critical_size_threshold": 3,
    "cswc": 13,
    "delay": [
        0,
        4.0,
        3.5,
        2.5,
        2.75,
        3.0,
        2.0,
        2.0,
        2.0,
        2.3333333333333335,
        1.5,
        4.0,
        2.0,
        2.0,
        0,
        2.8333333333333335,
        2.6666666666666665,
        3.0,
        0,
        4.0,
        2.3333333333333335,
        2.6666666666666665,
        2.0,
        2.0,
        2.0,
        0,
        2.0,
        2.6666666666666665,
        2.5,
        2.25,
        0,
        2.0,
        2.75,
        2.4285714285714284,
        3.0,
        3.0,
        1.6,
        2.6,
        2.5,
        2.0,
        2.6666666666666665,
        2.4,
        2.25,
        2.75,
        1.5,
        2.75,
        2.25,
        3.3333333333333335,
        2.8333333333333335,
        3.0,
        3.6666666666666665,
        2.4285714285714284,
        2.0,
        2.6666666666666665,
        2.8,
        1.8,
        2.0,
        2.0,
        2.0,
        2.3333333333333335,
        1.0,
        2.25,
        2.625,
        1.0,
        2.25,
        2.75,
        2.6666666666666665,
        2.764705882352941,
        2.6,
        2.6,
        2.4,
        3.5,
        2.0,
        3.0,
        2.5,
        2.3,
        1.5,
        2.5,
        2.6,
        1.6,
        1.2,
        2.25,
        2.6666666666666665,
        1.6666666666666667,
        2.2,
        2.3333333333333335,
        2.3333333333333335,
        1.3333333333333333,
        3.5,
        2.5,
        3.5,
        2.75,
        1.8,
        1.8333333333333333,
        2.6666666666666665,
        3.5,
        3.0,
        2.5714285714285716,
        2.7142857142857144,
        1.8571428571428572,
        2.25,
        2.2857142857142856,
        2.3333333333333335,
        2.2,
        2.3333333333333335,
        2.2857142857142856,
        2.5,
        2.5555555555555554,
        2.0,
        2.0,
        2.3333333333333335,
        1.8,
        2.7142857142857144,
        3.5,
        2.3333333333333335,
        2.2857142857142856,
        3.0,
        2.8461538461538463,
        2.857142857142857,
        2.5,
        2.0,
        2.0,
        2.0,
        2.3333333333333335,
        2.0,
        3.125,
        2.5,
        2.2857142857142856,
        3.0,
        3.4,
        1.8,
        3.3333333333333335,
        3.5,
        2.75,
        3.0,
        2.2857142857142856,
        3.6,
        1.0,
        2.6,
        2.0,
        2.347826086956522,
        2.3333333333333335,
        2.3333333333333335,
        3.4444444444444446,
        2.3333333333333335,
        2.0,
        2.3333333333333335,
        2.0,
        3.3333333333333335,
        2.6666666666666665,
        3.5,
        1.5714285714285714,
        2.3333333333333335,
        2.8,
        2.5,
        2.2857142857142856,
        2.0,
        2.3,
        1.8,
        2.2857142857142856,
        2.4,
        3.75,
        2.125,
        2.0,
        2.6666666666666665,
        2.25,
        3.5,
        3.4285714285714284,
        2.5555555555555554,
        2.2857142857142856,
        3.4,
        1.8,
        3.0,
        2.2222222222222223,
        2.0,
        2.5714285714285716,
        2.2222222222222223,
        3.2857142857142856,
        2.5555555555555554,
        2.75,
        3.2222222222222223,
        2.3,
        2.5555555555555554,
        2.0,
        2.375,
        2.4285714285714284,
        2.6,
        2.5714285714285716,
        3.0,
        3.0,
        2.0,
        2.0,
        2.875,
        2.857142857142857,
        2.5,
        3.0,
        2.5,
        2.0,
        1.8571428571428572,
        2.2,
        2.0,
        2.2857142857142856,
        2.375,
        2.125,
        2.375,
        2.0,
        2.375,
        1.3333333333333333,
        2.75,
        1.75,
        2.9166666666666665,
        2.5714285714285716,
        2.4444444444444446,
        1.8333333333333333,
        2.4285714285714284,
        2.8,
        3.0,
        2.0,
        1.7142857142857142,
        2.1666666666666665,
        2.2857142857142856,
        2.857142857142857,
        1.3333333333333333,
        2.375,
        2.2857142857142856,
        3.3333333333333335,
        3.25,
        2.5714285714285716,
        2.2,
        2.5,
        3.0,
        2.5,
        2.5714285714285716,
        2.6666666666666665,
        2.2,
        2.142857142857143,
        2.0,
        2.2,
        1.2,
        2.6666666666666665,
        2.111111111111111,
        2.5714285714285716,
        3.0,
        2.6666666666666665,
        2.1666666666666665,
        1.8,
        2.5714285714285716,
        1.9090909090909092,
        2.5,
        2.3333333333333335,
        1.9090909090909092,
        2.6666666666666665,
        3.142857142857143,
        3.0,
        2.8181818181818183,
        2.0,
        2.875,
        2.125,
        2.0,
        2.8,
        1.5,
        2.7142857142857144,
        4.0,
        2.6666666666666665,
        2.5,
        2.25,
        2.375,
        2.0,
        2.1666666666666665,
        3.0,
        2.4444444444444446,
        4.0,
        1.8333333333333333,
        2.5,
        2.142857142857143,
        2.8,
        2.4545454545454546,
        2.625,
        2.6666666666666665,
        2.2,
        2.3,
        3.4285714285714284,
        2.6666666666666665,
        2.7777777777777777,
        2.543859649122807,
        1.6666666666666667,
        2.6666666666666665,
        2.111111111111111,
        2.25,
        2.3333333333333335,
        2.2,
        2.3333333333333335,
        2.3333333333333335,
        1.9,
        3.2,
        3.1666666666666665,
        2.5,
        2.5714285714285716,
        2.5833333333333335,
        2.125,
        2.2222222222222223,
        2.5555555555555554,
        2.7,
        2.1875,
        2.0,
        2.769230769230769,
        2.3333333333333335,
        2.5454545454545454,
        2.9,
        2.8181818181818183,
        2.923076923076923,
        2.4166666666666665,
        3.125,
        3.0,
        2.1,
        2.909090909090909,
        2.111111111111111,
        2.0,
        2.125,
        1.5714285714285714,
        2.0833333333333335,
        1.9,
        2.5,
        2.4285714285714284,
        2.2,
        2.6923076923076925,
        2.2857142857142856,
        2.25,
        2.1666666666666665,
        2.888888888888889,
        2.7857142857142856,
        2.5,
        2.5555555555555554,
        2.8333333333333335,
        2.3,
        2.4,
        2.4545454545454546,
        2.6923076923076925,
        3.8,
        2.4,
        2.6666666666666665,
        2.111111111111111,
        3.0,
        2.3333333333333335,
        2.375,
        1.8571428571428572,
        2.9,
        2.2,
        2.7777777777777777,
        2.5,
        2.6,
        2.9
    ],
    "disconnected_workers": [
        0,
        0,
        0,
        0,
        0,
        0,
        0,
        0,
        0,
        0,
        0,
        0,
        0,
        0,
        0,
        0,
        0,
        0,
        0,
        0,
        0,
        0,
        0,
        0,
        0,
        0,
        0,
        0,
        0,
        0,
        0,
        0,
        0,
        0,
        0,
        0,
        0,
        0,
        0,
        0,
        0,
        0,
        0,
        0,
        0,
        0,
        0,
        0,
        0,
        0,
        0,
        0,
        0,
        0,
        0,
        0,
        0,
        0,
        0,
        0,
        0,
        0,
        0,
        0,
        0,
        0,
        0,
        0,
        0,
        0,
        0,
        0,
        0,
        0,
        0,
        0,
        0,
        0,
        0,
        0,
        0,
        0,
        0,
        0,
        0,
        0,
        0,
        0,
        0,
        0,
        0,
        0,
        0,
        0,
        0,
        0,
        0,
        0,
        0,
        0,
        0,
        0,
        0,
        0,
        0,
        0,
        0,
        0,
        0,
        0,
        0,
        0,
        0,
        0,
        0,
        0,
        0,
        0,
        0,
        0,
        0,
        0,
        0,
        0,
        0,
        0,
        0,
        0,
        0,
        0,
        0,
        0,
        0,
        0,
        0,
        0,
        0,
        0,
        0,
        0,
        1,
        0,
        0,
        0,
        0,
        0,
        0,
        0,
        0,
        0,
        0,
        0,
        0,
        0,
        0,
        0,
        0,
        0,
        0,
        0,
        0,
        0,
        0,
        0,
        0,
        0,
        0,
        0,
        0,
        0,
        0,
        0,
        0,
        0,
        0,
        0,
        0,
        0,
        0,
        0,
        0,
        0,
        0,
        0,
        0,
        0,
        0,
        0,
        0,
        0,
        0,
        0,
        0,
        0,
        0,
        0,
        0,
        0,
        0,
        0,
        0,
        0,
        0,
        0,
        0,
        0,
        0,
        0,
        0,
        0,
        0,
        0,
        0,
        0,
        0,
        0,
        0,
        0,
        0,
        0,
        0,
        0,
        0,
        0,
        0,
        0,
        0,
        0,
        0,
        0,
        0,
        0,
        0,
        0,
        0,
        0,
        0,
        0,
        0,
        0,
        0,
        0,
        0,
        0,
        0,
        0,
        0,
        0,
        0,
        0,
        0,
        0,
        0,
        0,
        0,
        0,
        0,
        0,
        0,
        0,
        0,
        0,
        0,
        0,
        0,
        0,
        0,
        0,
        0,
        0,
        0,
        0,
        0,
        0,
        0,
        0,
        0,
        0,
        0,
        0,
        0,
        0,
        0,
        0,
        1,
        0,
        0,
        0,
        0,
        0,
        0,
        0,
        0,
        0,
        0,
        0,
        0,
        0,
        0,
        0,
        0,
        0,
        0,
        0,
        0,
        0,
        0,
        0,
        0,
        0,
        0,
        0,
        0,
        0,
        0,
        0,
        0,
        0,
        0,
        0,
        0,
        0,
        0,
        0,
        0,
        0,
        0,
        0,
        0,
        0,
        0,
        0,
        0,
        0,
        0,
        0,
        0,
        0,
        0,
        0,
        0,
        0,
        0,
        0,
        0,
        0,
        0,
        0,
        0,
        0,
        0,
        0
    ],
    "file_name": "FBZ_0134.NEF",
    "hive_id": "b9d2bf13-0613-4e71-9769-c5ab71877a9e",
    "hive_size_after_maintenance": [
        8,
        8,
        8,
        8,
        8,
        8,
        8,
        8,
        8,
        8,
        8,
        8,
        8,
        8,
        8,
        8,
        8,
        8,
        8,
        8,
        8,
        8,
        8,
        8,
        8,
        8,
        8,
        8,
        8,
        8,
        8,
        8,
        8,
        8,
        8,
        8,
        8,
        8,
        8,
        8,
        8,
        8,
        8,
        8,
        8,
        8,
        8,
        8,
        8,
        8,
        8,
        8,
        8,
        8,
        8,
        8,
        8,
        8,
        8,
        8,
        8,
        8,
        8,
        8,
        8,
        8,
        8,
        8,
        8,
        8,
        8,
        8,
        8,
        8,
        8,
        8,
        8,
        8,
        8,
        8,
        8,
        8,
        8,
        8,
        8,
        8,
        8,
        8,
        8,
        8,
        8,
        8,
        8,
        8,
        8,
        8,
        8,
        8,
        8,
        8,
        8,
        8,
        8,
        8,
        8,
        8,
        8,
        8,
        8,
        8,
        8,
        8,
        8,
        8,
        8,
        8,
        8,
        8,
        8,
        8,
        8,
        8,
        8,
        8,
        8,
        8,
        8,
        8,
        8,
        8,
        8,
        8,
        8,
        8,
        8,
        8,
        8,
        8,
        8,
        8,
        8,
        8,
        8,
        8,
        8,
        8,
        8,
        8,
        8,
        8,
        8,
        8,
        8,
        8,
        8,
        8,
        8,
        8,
        8,
        8,
        8,
        8,
        8,
        8,
        8,
        8,
        8,
        8,
        8,
        8,
        8,
        8,
        8,
        8,
        8,
        8,
        8,
        8,
        8,
        8,
        8,
        8,
        8,
        8,
        8,
        8,
        8,
        8,
        8,
        8,
        8,
        8,
        8,
        8,
        8,
        8,
        8,
        8,
        8,
        8,
        8,
        8,
        8,
        8,
        8,
        8,
        8,
        8,
        8,
        8,
        8,
        8,
        8,
        8,
        8,
        8,
        8,
        8,
        8,
        8,
        8,
        8,
        8,
        8,
        8,
        8,
        8,
        8,
        8,
        8,
        8,
        8,
        8,
        8,
        8,
        8,
        8,
        8,
        8,
        8,
        8,
        8,
        8,
        8,
        8,
        8,
        8,
        8,
        8,
        8,
        8,
        8,
        8,
        8,
        8,
        8,
        8,
        8,
        8,
        8,
        8,
        8,
        8,
        8,
        8,
        8,
        8,
        8,
        8,
        8,
        8,
        8,
        8,
        8,
        8,
        8,
        8,
        8,
        8,
        8,
        8,
        8,
        8,
        8,
        8,
        8,
        8,
        8,
        8,
        8,
        8,
        8,
        8,
        8,
        8,
        8,
        8,
        8,
        8,
        8,
        8,
        8,
        8,
        8,
        8,
        8,
        8,
        8,
        8,
        8,
        8,
        8,
        8,
        8,
        8,
        8,
        8,
        8,
        8,
        8,
        8,
        8,
        8,
        8,
        8,
        8,
        8,
        8,
        8,
        8,
        8,
        8,
        8,
        8,
        8,
        8,
        8,
        8,
        8,
        8,
        8,
        8,
        8,
        8,
        8,
        8,
        8,
        8,
        8,
        8,
        8,
        8
    ],
    "hive_size_before_maintenance": [
        8,
        8,
        8,
        8,
        8,
        8,
        8,
        8,
        8,
        8,
        8,
        8,
        8,
        8,
        8,
        8,
        8,
        8,
        8,
        8,
        8,
        8,
        8,
        8,
        8,
        8,
        8,
        8,
        8,
        8,
        8,
        8,
        8,
        8,
        8,
        8,
        8,
        8,
        8,
        8,
        8,
        8,
        8,
        8,
        8,
        8,
        8,
        8,
        8,
        8,
        8,
        8,
        8,
        8,
        8,
        8,
        8,
        8,
        8,
        8,
        8,
        8,
        8,
        8,
        8,
        8,
        8,
        8,
        8,
        8,
        8,
        8,
        8,
        8,
        8,
        8,
        8,
        8,
        8,
        8,
        8,
        8,
        8,
        8,
        8,
        8,
        8,
        8,
        8,
        8,
        8,
        8,
        8,
        8,
        8,
        8,
        8,
        8,
        8,
        8,
        8,
        8,
        8,
        8,
        8,
        8,
        8,
        8,
        8,
        8,
        8,
        8,
        8,
        8,
        8,
        8,
        8,
        8,
        8,
        8,
        8,
        8,
        8,
        8,
        8,
        8,
        8,
        8,
        8,
        8,
        8,
        8,
        8,
        8,
        8,
        8,
        8,
        8,
        8,
        8,
        7,
        8,
        8,
        8,
        8,
        8,
        8,
        8,
        8,
        8,
        8,
        8,
        8,
        8,
        8,
        8,
        8,
        8,
        8,
        8,
        8,
        8,
        8,
        8,
        8,
        8,
        8,
        8,
        8,
        8,
        8,
        8,
        8,
        8,
        8,
        8,
        8,
        8,
        8,
        8,
        8,
        8,
        8,
        8,
        8,
        8,
        8,
        8,
        8,
        8,
        8,
        8,
        8,
        8,
        8,
        8,
        8,
        8,
        8,
        8,
        8,
        8,
        8,
        8,
        8,
        8,
        8,
        8,
        8,
        8,
        8,
        8,
        8,
        8,
        8,
        8,
        8,
        8,
        8,
        8,
        8,
        8,
        8,
        8,
        8,
        8,
        8,
        8,
        8,
        8,
        8,
        8,
        8,
        8,
        8,
        8,
        8,
        8,
        8,
        8,
        8,
        8,
        8,
        8,
        8,
        8,
        8,
        8,
        8,
        8,
        8,
        8,
        8,
        8,
        8,
        8,
        8,
        8,
        8,
        8,
        8,
        8,
        8,
        8,
        8,
        8,
        8,
        8,
        8,
        8,
        8,
        8,
        8,
        8,
        8,
        8,
        8,
        8,
        8,
        8,
        8,
        8,
        8,
        8,
        7,
        8,
        8,
        8,
        8,
        8,
        8,
        8,
        8,
        8,
        8,
        8,
        8,
        8,
        8,
        8,
        8,
        8,
        8,
        8,
        8,
        8,
        8,
        8,
        8,
        8,
        8,
        8,
        8,
        8,
        8,
        8,
        8,
        8,
        8,
        8,
        8,
        8,
        8,
        8,
        8,
        8,
        8,
        8,
        8,
        8,
        8,
        8,
        8,
        8,
        8,
        8,
        8,
        8,
        8,
        8,
        8,
        8,
        8,
        8,
        8,
        8,
        8,
        8,
        8,
        8,
        8,
        8
    ],
    "hive_status_before_maintenance": [
        "stable",
        "stable",
        "stable",
        "stable",
        "stable",
        "stable",
        "stable",
        "stable",
        "stable",
        "stable",
        "stable",
        "stable",
        "stable",
        "stable",
        "stable",
        "stable",
        "stable",
        "stable",
        "stable",
        "stable",
        "stable",
        "stable",
        "stable",
        "stable",
        "stable",
        "stable",
        "stable",
        "stable",
        "stable",
        "stable",
        "stable",
        "stable",
        "stable",
        "stable",
        "stable",
        "stable",
        "stable",
        "stable",
        "stable",
        "stable",
        "stable",
        "stable",
        "stable",
        "stable",
        "stable",
        "stable",
        "stable",
        "stable",
        "stable",
        "stable",
        "stable",
        "stable",
        "stable",
        "stable",
        "stable",
        "stable",
        "stable",
        "stable",
        "stable",
        "stable",
        "stable",
        "stable",
        "stable",
        "stable",
        "stable",
        "stable",
        "stable",
        "stable",
        "stable",
        "stable",
        "stable",
        "stable",
        "stable",
        "stable",
        "stable",
        "stable",
        "stable",
        "stable",
        "stable",
        "stable",
        "stable",
        "stable",
        "stable",
        "stable",
        "stable",
        "stable",
        "stable",
        "stable",
        "stable",
        "stable",
        "stable",
        "stable",
        "stable",
        "stable",
        "stable",
        "stable",
        "stable",
        "stable",
        "stable",
        "stable",
        "stable",
        "stable",
        "stable",
        "stable",
        "stable",
        "stable",
        "stable",
        "stable",
        "stable",
        "stable",
        "stable",
        "stable",
        "stable",
        "stable",
        "stable",
        "stable",
        "stable",
        "stable",
        "stable",
        "stable",
        "stable",
        "stable",
        "stable",
        "stable",
        "stable",
        "stable",
        "stable",
        "stable",
        "stable",
        "stable",
        "stable",
        "stable",
        "stable",
        "stable",
        "stable",
        "stable",
        "stable",
        "stable",
        "stable",
        "stable",
        "sufficient",
        "stable",
        "stable",
        "stable",
        "stable",
        "stable",
        "stable",
        "stable",
        "stable",
        "stable",
        "stable",
        "stable",
        "stable",
        "stable",
        "stable",
        "stable",
        "stable",
        "stable",
        "stable",
        "stable",
        "stable",
        "stable",
        "stable",
        "stable",
        "stable",
        "stable",
        "stable",
        "stable",
        "stable",
        "stable",
        "stable",
        "stable",
        "stable",
        "stable",
        "stable",
        "stable",
        "stable",
        "stable",
        "stable",
        "stable",
        "stable",
        "stable",
        "stable",
        "stable",
        "stable",
        "stable",
        "stable",
        "stable",
        "stable",
        "stable",
        "stable",
        "stable",
        "stable",
        "stable",
        "stable",
        "stable",
        "stable",
        "stable",
        "stable",
        "stable",
        "stable",
        "stable",
        "stable",
        "stable",
        "stable",
        "stable",
        "stable",
        "stable",
        "stable",
        "stable",
        "stable",
        "stable",
        "stable",
        "stable",
        "stable",
        "stable",
        "stable",
        "stable",
        "stable",
        "stable",
        "stable",
        "stable",
        "stable",
        "stable",
        "stable",
        "stable",
        "stable",
        "stable",
        "stable",
        "stable",
        "stable",
        "stable",
        "stable",
        "stable",
        "stable",
        "stable",
        "stable",
        "stable",
        "stable",
        "stable",
        "stable",
        "stable",
        "stable",
        "stable",
        "stable",
        "stable",
        "stable",
        "stable",
        "stable",
        "stable",
        "stable",
        "stable",
        "stable",
        "stable",
        "stable",
        "stable",
        "stable",
        "stable",
        "stable",
        "stable",
        "stable",
        "stable",
        "stable",
        "stable",
        "stable",
        "stable",
        "stable",
        "stable",
        "stable",
        "stable",
        "stable",
        "stable",
        "stable",
        "stable",
        "stable",
        "stable",
        "stable",
        "stable",
        "stable",
        "stable",
        "stable",
        "stable",
        "stable",
        "stable",
        "sufficient",
        "stable",
        "stable",
        "stable",
        "stable",
        "stable",
        "stable",
        "stable",
        "stable",
        "stable",
        "stable",
        "stable",
        "stable",
        "stable",
        "stable",
        "stable",
        "stable",
        "stable",
        "stable",
        "stable",
        "stable",
        "stable",
        "stable",
        "stable",
        "stable",
        "stable",
        "stable",
        "stable",
        "stable",
        "stable",
        "stable",
        "stable",
        "stable",
        "stable",
        "stable",
        "stable",
        "stable",
        "stable",
        "stable",
        "stable",
        "stable",
        "stable",
        "stable",
        "stable",
        "stable",
        "stable",
        "stable",
        "stable",
        "stable",
        "stable",
        "stable",
        "stable",
        "stable",
        "stable",
        "stable",
        "stable",
        "stable",
        "stable",
        "stable",
        "stable",
        "stable",
        "stable",
        "stable",
        "stable",
        "stable",
        "stable",
        "stable",
        "stable"
    ],
    "initial_spread": "i",
    "largest_convergence_window": 40,
    "lost_messages": [
        46,
        25,
        39,
        28,
        38,
        30,
        34,
        19,
        27,
        29,
        29,
        29,
        25,
        28,
        32,
        37,
        23,
        27,
        24,
        29,
        31,
        29,
        34,
        25,
        22,
        29,
        32,
        37,
        34,
        34,
        25,
        28,
        25,
        34,
        32,
        25,
        36,
        31,
        27,
        33,
        28,
        34,
        36,
        32,
        25,
        28,
        37,
        44,
        38,
        26,
        25,
        28,
        33,
        38,
        36,
        39,
        36,
        28,
        28,
        31,
        38,
        32,
        24,
        21,
        37,
        40,
        25,
        16,
        34,
        27,
        18,
        26,
        32,
        32,
        27,
        26,
        38,
        28,
        31,
        36,
        43,
        30,
        34,
        34,
        42,
        33,
        30,
        28,
        25,
        39,
        22,
        29,
        33,
        30,
        28,
        32,
        31,
        30,
        33,
        20,
        39,
        33,
        22,
        38,
        36,
        26,
        37,
        30,
        34,
        32,
        25,
        41,
        32,
        24,
        26,
        32,
        33,
        25,
        25,
        25,
        28,
        31,
        31,
        30,
        38,
        32,
        36,
        29,
        28,
        29,
        29,
        28,
        31,
        33,
        27,
        30,
        30,
        31,
        27,
        38,
        30,
        41,
        35,
        45,
        38,
        33,
        43,
        33,
        38,
        35,
        37,
        38,
        43,
        19,
        32,
        35,
        31,
        25,
        38,
        41,
        25,
        30,
        33,
        27,
        45,
        46,
        35,
        38,
        45,
        32,
        34,
        40,
        38,
        42,
        28,
        28,
        31,
        22,
        34,
        26,
        27,
        32,
        34,
        32,
        26,
        30,
        29,
        39,
        29,
        46,
        40,
        35,
        35,
        36,
        37,
        31,
        25,
        34,
        36,
        44,
        38,
        40,
        45,
        38,
        32,
        30,
        36,
        29,
        44,
        37,
        39,
        27,
        32,
        34,
        27,
        35,
        27,
        40,
        27,
        28,
        33,
        33,
        35,
        26,
        39,
        41,
        37,
        38,
        37,
        36,
        22,
        25,
        46,
        32,
        35,
        30,
        41,
        36,
        26,
        35,
        49,
        37,
        35,
        31,
        33,
        30,
        27,
        44,
        36,
        38,
        37,
        43,
        44,
        38,
        47,
        32,
        35,
        36,
        33,
        34,
        28,
        42,
        26,
        35,
        28,
        26,
        36,
        40,
        37,
        33,
        29,
        36,
        28,
        36,
        31,
        33,
        41,
        41,
        44,
        34,
        39,
        41,
        47,
        34,
        28,
        48,
        40,
        53,
        62,
        55,
        44,
        46,
        37,
        43,
        47,
        50,
        51,
        45,
        45,
        50,
        46,
        48,
        58,
        57,
        44,
        49,
        52,
        57,
        40,
        54,
        47,
        52,
        47,
        55,
        52,
        56,
        48,
        47,
        50,
        42,
        61,
        44,
        51,
        44,
        47,
        49,
        53,
        46,
        44,
        49,
        42,
        44,
        54,
        52,
        46,
        41,
        53,
        48,
        50,
        52,
        54,
        50,
        57,
        49,
        46,
        53,
        59,
        34,
        54,
        46,
        57,
        56
    ],
    "lost_parts": [
        0,
        0,
        0,
        0,
        0,
        0,
        0,
        0,
        0,
        0,
        0,
        0,
        0,
        0,
        0,
        0,
        0,
        0,
        0,
        0,
        0,
        0,
        0,
        0,
        0,
        0,
        0,
        0,
        0,
        0,
        0,
        0,
        0,
        0,
        0,
        0,
        0,
        0,
        0,
        0,
        0,
        0,
        0,
        0,
        0,
        0,
        0,
        0,
        0,
        0,
        0,
        0,
        0,
        0,
        0,
        0,
        0,
        0,
        0,
        0,
        0,
        0,
        0,
        0,
        0,
        0,
        0,
        0,
        0,
        0,
        0,
        0,
        0,
        0,
        0,
        0,
        0,
        0,
        0,
        0,
        0,
        0,
        0,
        0,
        0,
        0,
        0,
        0,
        0,
        0,
        0,
        0,
        0,
        0,
        0,
        0,
        0,
        0,
        0,
        0,
        0,
        0,
        0,
        0,
        0,
        0,
        0,
        0,
        0,
        0,
        0,
        0,
        0,
        0,
        0,
        0,
        0,
        0,
        0,
        0,
        0,
        0,
        0,
        0,
        0,
        0,
        0,
        0,
        0,
        0,
        0,
        0,
        0,
        0,
        0,
        0,
        0,
        0,
        0,
        0,
        44,
        0,
        0,
        0,
        0,
        0,
        0,
        0,
        0,
        0,
        0,
        0,
        0,
        0,
        0,
        0,
        0,
        0,
        0,
        0,
        0,
        0,
        0,
        0,
        0,
        0,
        0,
        0,
        0,
        0,
        0,
        0,
        0,
        0,
        0,
        0,
        0,
        0,
        0,
        0,
        0,
        0,
        0,
        0,
        0,
        0,
        0,
        0,
        0,
        0,
        0,
        0,
        0,
        0,
        0,
        0,
        0,
        0,
        0,
        0,
        0,
        0,
        0,
        0,
        0,
        0,
        0,
        0,
        0,
        0,
        0,
        0,
        0,
        0,
        0,
        0,
        0,
        0,
        0,
        0,
        0,
        0,
        0,
        0,
        0,
        0,
        0,
        0,
        0,
        0,
        0,
        0,
        0,
        0,
        0,
        0,
        0,
        0,
        0,
        0,
        0,
        0,
        0,
        0,
        0,
        0,
        0,
        0,
        0,
        0,
        0,
        0,
        0,
        0,
        0,
        0,
        0,
        0,
        0,
        0,
        0,
        0,
        0,
        0,
        0,
        0,
        0,
        0,
        0,
        0,
        0,
        0,
        0,
        0,
        0,
        0,
        0,
        0,
        0,
        0,
        0,
        0,
        0,
        0,
        51,
        0,
        0,
        0,
        0,
        0,
        0,
        0,
        0,
        0,
        0,
        0,
        0,
        0,
        0,
        0,
        0,
        0,
        0,
        0,
        0,
        0,
        0,
        0,
        0,
        0,
        0,
        0,
        0,
        0,
        0,
        0,
        0,
        0,
        0,
        0,
        0,
        0,
        0,
        0,
        0,
        0,
        0,
        0,
        0,
        0,
        0,
        0,
        0,
        0,
        0,
        0,
        0,
        0,
        0,
        0,
        0,
        0,
        0,
        0,
        0,
        0,
        0,
        0,
        0,
        0,
        0,
        0
    ],
    "max_epochs": 720,
    "max_recovery_delay": 4,
    "min_recovery_delay": 1,
    "moved_parts": [
        773,
        781,
        796,
        778,
        803,
        771,
        770,
        769,
        762,
        764,
        790,
        799,
        783,
        795,
        787,
        782,
        826,
        791,
        772,
        779,
        809,
        787,
        791,
        827,
        794,
        781,
        815,
        797,
        813,
        785,
        802,
        777,
        808,
        785,
        770,
        773,
        765,
        821,
        800,
        804,
        843,
        785,
        762,
        766,
        779,
        762,
        782,
        807,
        785,
        801,
        782,
        807,
        760,
        793,
        799,
        799,
        798,
        752,
        770,
        811,
        805,
        806,
        785,
        774,
        757,
        818,
        807,
        759,
        751,
        762,
        770,
        805,
        811,
        765,
        782,
        783,
        770,
        754,
        796,
        815,
        796,
        770,
        789,
        839,
        821,
        793,
        815,
        824,
        764,
        801,
        777,
        775,
        788,
        818,
        787,
        764,
        789,
        742,
        771,
        753,
        748,
        836,
        751,
        777,
        759,
        799,
        758,
        772,
        763,
        794,
        797,
        766,
        791,
        787,
        807,
        790,
        769,
        801,
        781,
        829,
        798,
        753,
        757,
        801,
        768,
        790,
        773,
        774,
        784,
        744,
        771,
        773,
        772,
        793,
        770,
        779,
        810,
        760,
        796,
        790,
        745,
        897,
        855,
        898,
        882,
        907,
        882,
        858,
        918,
        860,
        879,
        840,
        892,
        836,
        872,
        887,
        838,
        878,
        849,
        898,
        846,
        885,
        854,
        863,
        901,
        884,
        832,
        885,
        894,
        856,
        893,
        865,
        882,
        886,
        863,
        876,
        848,
        867,
        851,
        822,
        834,
        845,
        900,
        851,
        844,
        891,
        828,
        878,
        888,
        885,
        871,
        861,
        891,
        877,
        875,
        887,
        837,
        885,
        835,
        867,
        887,
        913,
        867,
        855,
        890,
        861,
        874,
        873,
        865,
        887,
        875,
        870,
        916,
        869,
        850,
        879,
        869,
        867,
        867,
        833,
        872,
        953,
        835,
        913,
        879,
        898,
        843,
        838,
        879,
        874,
        837,
        897,
        896,
        862,
        866,
        894,
        911,
        865,
        843,
        879,
        872,
        870,
        841,
        876,
        882,
        927,
        943,
        897,
        909,
        864,
        891,
        851,
        891,
        918,
        867,
        853,
        887,
        839,
        836,
        857,
        918,
        875,
        848,
        838,
        891,
        840,
        903,
        871,
        880,
        866,
        851,
        838,
        869,
        872,
        882,
        921,
        895,
        929,
        838,
        869,
        846,
        880,
        907,
        882,
        791,
        1298,
        1311,
        1237,
        1220,
        1206,
        1237,
        1229,
        1236,
        1242,
        1231,
        1275,
        1202,
        1232,
        1214,
        1206,
        1183,
        1217,
        1230,
        1226,
        1217,
        1271,
        1228,
        1266,
        1245,
        1236,
        1242,
        1250,
        1209,
        1203,
        1208,
        1230,
        1195,
        1197,
        1198,
        1237,
        1231,
        1223,
        1250,
        1223,
        1199,
        1237,
        1233,
        1249,
        1238,
        1243,
        1210,
        1250,
        1217,
        1200,
        1219,
        1204,
        1199,
        1204,
        1225,
        1247,
        1239,
        1218,
        1251,
        1228,
        1204,
        1199,
        1248,
        1208,
        1234,
        1242,
        1251,
        1197
    ],
    "msg": [
        "lost all replicas of file part with id: FBZ_0134.NEF_#_146, and last loss was due to corruption"
    ],
    "original_hive_size": 8,
    "parts_in_hive": [
        1083,
        1082,
        1080,
        1076,
        1073,
        1074,
        1076,
        1075,
        1079,
        1078,
        1079,
        1078,
        1080,
        1076,
        1079,
        1075,
        1072,
        1071,
        1075,
        1077,
        1079,
        1073,
        1072,
        1072,
        1076,
        1078,
        1078,
        1079,
        1073,
        1070,
        1077,
        1079,
        1077,
        1072,
        1075,
        1070,
        1070,
        1071,
        1069,
        1073,
        1071,
        1069,
        1071,
        1073,
        1074,
        1073,
        1075,
        1075,
        1071,
        1072,
        1071,
        1068,
        1072,
        1074,
        1075,
        1072,
        1072,
        1076,
        1074,
        1076,
        1078,
        1074,
        1068,
        1073,
        1074,
        1073,
        1076,
        1059,
        1062,
        1066,
        1066,
        1074,
        1075,
        1075,
        1076,
        1069,
        1066,
        1076,
        1072,
        1070,
        1072,
        1077,
        1077,
        1073,
        1074,
        1072,
        1075,
        1070,
        1076,
        1078,
        1077,
        1075,
        1073,
        1071,
        1075,
        1077,
        1073,
        1068,
        1066,
        1066,
        1067,
        1071,
        1066,
        1067,
        1074,
        1070,
        1073,
        1069,
        1071,
        1067,
        1067,
        1072,
        1070,
        1068,
        1066,
        1065,
        1068,
        1064,
        1064,
        1063,
        1060,
        1073,
        1077,
        1075,
        1075,
        1070,
        1071,
        1069,
        1070,
        1073,
        1070,
        1074,
        1069,
        1071,
        1065,
        1065,
        1068,
        1070,
        1073,
        1068,
        1030,
        1041,
        1047,
        1064,
        1059,
        1064,
        1065,
        1069,
        1071,
        1067,
        1069,
        1066,
        1064,
        1065,
        1065,
        1064,
        1066,
        1066,
        1068,
        1069,
        1066,
        1067,
        1065,
        1071,
        1069,
        1069,
        1072,
        1070,
        1064,
        1062,
        1062,
        1068,
        1068,
        1063,
        1071,
        1068,
        1067,
        1067,
        1061,
        1059,
        1061,
        1056,
        1058,
        1061,
        1062,
        1066,
        1068,
        1068,
        1067,
        1061,
        1064,
        1068,
        1067,
        1067,
        1070,
        1064,
        1063,
        1064,
        1064,
        1071,
        1075,
        1073,
        1069,
        1065,
        1065,
        1070,
        1067,
        1071,
        1070,
        1070,
        1066,
        1061,
        1060,
        1063,
        1067,
        1069,
        1073,
        1070,
        1069,
        1073,
        1069,
        1069,
        1070,
        1068,
        1068,
        1066,
        1066,
        1064,
        1063,
        1065,
        1071,
        1067,
        1065,
        1070,
        1071,
        1070,
        1072,
        1071,
        1071,
        1070,
        1066,
        1065,
        1067,
        1068,
        1066,
        1068,
        1069,
        1064,
        1068,
        1067,
        1063,
        1065,
        1065,
        1062,
        1062,
        1061,
        1062,
        1065,
        1063,
        1069,
        1071,
        1070,
        1072,
        1069,
        1066,
        1062,
        1064,
        1069,
        1068,
        1068,
        1065,
        1067,
        1067,
        1069,
        1067,
        1065,
        1059,
        1060,
        1063,
        1068,
        1068,
        1066,
        1066,
        1062,
        1010,
        1019,
        1033,
        1037,
        1055,
        1059,
        1062,
        1059,
        1062,
        1064,
        1066,
        1068,
        1064,
        1063,
        1057,
        1062,
        1062,
        1061,
        1063,
        1053,
        1060,
        1058,
        1058,
        1059,
        1056,
        1056,
        1051,
        1048,
        1055,
        1053,
        1053,
        1053,
        1056,
        1057,
        1064,
        1068,
        1062,
        1060,
        1065,
        1059,
        1061,
        1059,
        1060,
        1061,
        1058,
        1062,
        1058,
        1048,
        1054,
        1051,
        1056,
        1062,
        1056,
        1058,
        1062,
        1053,
        1059,
        1061,
        1060,
        1060,
        1054,
        1057,
        1060,
        1064,
        1063,
        1058,
        1059,
        1054
    ],
    "read_size": 131072,
    "redundant_size": 14,
    "replication_level": 3,
    "simfile_name": "min4-mean78-std32-i.json",
    "successfull": false,
    "sufficient_size_threshold": 6,
    "terminated": 352
}
