{
    "channel_loss": 0.04,
    "convergence_set": [
        41,
        42,
        43,
        44,
        45,
        46,
        47,
        48,
        49,
        50,
        51,
        52,
        53,
        54,
        55,
        56,
        57,
        58,
        59,
        60,
        61,
        62,
        63,
        64,
        65,
        66,
        67,
        68,
        69,
        70,
        71,
        72,
        73,
        74,
        75,
        76,
        77,
        78,
        79,
        80,
        81,
        82,
        83,
        84,
        85,
        86,
        87,
        88,
        89,
        90
    ],
    "convergence_sets": [],
    "convergence_treshold": 2,
    "corrupted_parts": [
        0,
        2,
        1,
        2,
        1,
        0,
        1,
        2,
        6,
        2,
        4,
        0,
        4,
        5,
        2,
        3,
        3,
        1,
        4,
        6,
        3,
        4,
        5,
        1,
        1,
        6,
        5,
        8,
        5,
        1,
        3,
        3,
        4,
        1,
        6,
        3,
        3,
        6,
        3,
        3,
        5,
        6,
        3,
        5,
        7,
        6,
        4,
        5,
        3,
        3,
        4,
        7,
        6,
        6,
        6,
        3,
        3,
        3,
        8,
        6,
        8,
        6,
        6,
        6,
        3,
        0,
        3,
        7,
        6,
        1,
        3,
        5,
        7,
        7,
        5,
        5,
        6,
        5,
        5,
        8,
        2,
        3,
        11,
        4,
        2,
        5,
        4,
        8,
        3,
        9
    ],
    "corruption_chance_tod": 0.0065141416981310835,
    "critical_size_threshold": 3,
    "cswc": 51,
    "delay": [
        0,
        4.0,
        3.0,
        3.5,
        2.0,
        0,
        2.0,
        4.0,
        1.6666666666666667,
        3.5,
        1.75,
        0,
        2.75,
        2.4,
        2.0,
        3.3333333333333335,
        2.0,
        4.0,
        2.25,
        2.3333333333333335,
        1.3333333333333333,
        2.0,
        2.0,
        3.0,
        2.0,
        3.5,
        2.6,
        3.125,
        3.2,
        3.0,
        4.0,
        2.3333333333333335,
        2.75,
        3.0,
        2.8333333333333335,
        2.6666666666666665,
        2.6666666666666665,
        2.3333333333333335,
        2.35,
        3.6666666666666665,
        2.2,
        1.6666666666666667,
        2.0,
        2.2,
        2.0,
        3.0,
        2.75,
        2.4,
        1.6666666666666667,
        2.6666666666666665,
        1.75,
        2.7142857142857144,
        1.8333333333333333,
        2.1666666666666665,
        1.8333333333333333,
        1.6666666666666667,
        2.0,
        2.0,
        2.375,
        2.3333333333333335,
        1.875,
        2.0,
        2.0,
        2.0,
        2.3333333333333335,
        0,
        1.0,
        2.5714285714285716,
        2.8333333333333335,
        4.0,
        3.0,
        2.2,
        3.2857142857142856,
        2.142857142857143,
        2.2,
        3.4,
        2.1666666666666665,
        2.0,
        3.4,
        2.25,
        1.5,
        4.0,
        2.4545454545454546,
        2.25,
        1.0,
        2.2,
        2.25,
        2.875,
        3.0,
        2.0
    ],
    "disconnected_workers": [
        0,
        0,
        0,
        0,
        0,
        0,
        0,
        0,
        0,
        0,
        0,
        0,
        0,
        0,
        0,
        0,
        0,
        0,
        0,
        0,
        0,
        0,
        0,
        0,
        0,
        0,
        0,
        0,
        0,
        0,
        0,
        0,
        0,
        0,
        0,
        0,
        0,
        0,
        1,
        0,
        0,
        0,
        0,
        0,
        0,
        0,
        0,
        0,
        0,
        0,
        0,
        0,
        0,
        0,
        0,
        0,
        0,
        0,
        0,
        0,
        0,
        0,
        0,
        0,
        0,
        0,
        0,
        0,
        0,
        0,
        0,
        0,
        0,
        0,
        0,
        0,
        0,
        0,
        0,
        0,
        0,
        0,
        0,
        0,
        0,
        0,
        0,
        0,
        0,
        0
    ],
    "file_name": "FBZ_0134.NEF",
    "hive_id": "bdc1dccd-f337-4e84-91e6-461050dbac57",
    "hive_size_after_maintenance": [
        8,
        8,
        8,
        8,
        8,
        8,
        8,
        8,
        8,
        8,
        8,
        8,
        8,
        8,
        8,
        8,
        8,
        8,
        8,
        8,
        8,
        8,
        8,
        8,
        8,
        8,
        8,
        8,
        8,
        8,
        8,
        8,
        8,
        8,
        8,
        8,
        8,
        8,
        8,
        8,
        8,
        8,
        8,
        8,
        8,
        8,
        8,
        8,
        8,
        8,
        8,
        8,
        8,
        8,
        8,
        8,
        8,
        8,
        8,
        8,
        8,
        8,
        8,
        8,
        8,
        8,
        8,
        8,
        8,
        8,
        8,
        8,
        8,
        8,
        8,
        8,
        8,
        8,
        8,
        8,
        8,
        8,
        8,
        8,
        8,
        8,
        8,
        8,
        8,
        8
    ],
    "hive_size_before_maintenance": [
        8,
        8,
        8,
        8,
        8,
        8,
        8,
        8,
        8,
        8,
        8,
        8,
        8,
        8,
        8,
        8,
        8,
        8,
        8,
        8,
        8,
        8,
        8,
        8,
        8,
        8,
        8,
        8,
        8,
        8,
        8,
        8,
        8,
        8,
        8,
        8,
        8,
        8,
        7,
        8,
        8,
        8,
        8,
        8,
        8,
        8,
        8,
        8,
        8,
        8,
        8,
        8,
        8,
        8,
        8,
        8,
        8,
        8,
        8,
        8,
        8,
        8,
        8,
        8,
        8,
        8,
        8,
        8,
        8,
        8,
        8,
        8,
        8,
        8,
        8,
        8,
        8,
        8,
        8,
        8,
        8,
        8,
        8,
        8,
        8,
        8,
        8,
        8,
        8,
        8
    ],
    "hive_status_before_maintenance": [
        "stable",
        "stable",
        "stable",
        "stable",
        "stable",
        "stable",
        "stable",
        "stable",
        "stable",
        "stable",
        "stable",
        "stable",
        "stable",
        "stable",
        "stable",
        "stable",
        "stable",
        "stable",
        "stable",
        "stable",
        "stable",
        "stable",
        "stable",
        "stable",
        "stable",
        "stable",
        "stable",
        "stable",
        "stable",
        "stable",
        "stable",
        "stable",
        "stable",
        "stable",
        "stable",
        "stable",
        "stable",
        "stable",
        "sufficient",
        "stable",
        "stable",
        "stable",
        "stable",
        "stable",
        "stable",
        "stable",
        "stable",
        "stable",
        "stable",
        "stable",
        "stable",
        "stable",
        "stable",
        "stable",
        "stable",
        "stable",
        "stable",
        "stable",
        "stable",
        "stable",
        "stable",
        "stable",
        "stable",
        "stable",
        "stable",
        "stable",
        "stable",
        "stable",
        "stable",
        "stable",
        "stable",
        "stable",
        "stable",
        "stable",
        "stable",
        "stable",
        "stable",
        "stable",
        "stable",
        "stable",
        "stable",
        "stable",
        "stable",
        "stable",
        "stable",
        "stable",
        "stable",
        "stable",
        "stable",
        "stable"
    ],
    "initial_spread": "i",
    "largest_convergence_window": 0,
    "lost_messages": [
        20,
        24,
        27,
        19,
        25,
        17,
        35,
        34,
        19,
        24,
        35,
        35,
        31,
        19,
        24,
        18,
        31,
        25,
        22,
        23,
        20,
        23,
        29,
        32,
        28,
        27,
        26,
        22,
        22,
        30,
        30,
        31,
        19,
        24,
        36,
        24,
        31,
        22,
        22,
        40,
        28,
        31,
        28,
        37,
        31,
        33,
        34,
        30,
        32,
        32,
        29,
        27,
        23,
        37,
        30,
        36,
        26,
        28,
        40,
        32,
        32,
        33,
        32,
        36,
        33,
        41,
        32,
        45,
        41,
        36,
        32,
        27,
        29,
        39,
        32,
        38,
        30,
        33,
        36,
        31,
        38,
        36,
        33,
        41,
        30,
        35,
        21,
        50,
        24,
        31
    ],
    "lost_parts": [
        0,
        0,
        0,
        0,
        0,
        0,
        0,
        0,
        0,
        0,
        0,
        0,
        0,
        0,
        0,
        0,
        0,
        0,
        0,
        0,
        0,
        0,
        0,
        0,
        0,
        0,
        0,
        0,
        0,
        0,
        0,
        0,
        0,
        0,
        0,
        0,
        0,
        0,
        17,
        0,
        0,
        0,
        0,
        0,
        0,
        0,
        0,
        0,
        0,
        0,
        0,
        0,
        0,
        0,
        0,
        0,
        0,
        0,
        0,
        0,
        0,
        0,
        0,
        0,
        0,
        0,
        0,
        0,
        0,
        0,
        0,
        0,
        0,
        0,
        0,
        0,
        0,
        0,
        0,
        0,
        0,
        0,
        0,
        0,
        0,
        0,
        0,
        0,
        0,
        0
    ],
    "max_epochs": 720,
    "max_recovery_delay": 4,
    "min_recovery_delay": 1,
    "moved_parts": [
        641,
        659,
        657,
        694,
        679,
        674,
        678,
        658,
        685,
        692,
        705,
        687,
        700,
        685,
        647,
        657,
        661,
        661,
        718,
        678,
        689,
        659,
        692,
        684,
        658,
        686,
        654,
        663,
        668,
        618,
        673,
        629,
        654,
        680,
        682,
        648,
        665,
        650,
        642,
        811,
        802,
        815,
        843,
        849,
        818,
        836,
        832,
        830,
        851,
        794,
        839,
        856,
        847,
        880,
        841,
        850,
        868,
        885,
        841,
        805,
        863,
        814,
        811,
        826,
        784,
        812,
        836,
        860,
        878,
        854,
        889,
        792,
        823,
        871,
        833,
        793,
        811,
        855,
        826,
        870,
        822,
        840,
        874,
        823,
        831,
        831,
        811,
        838,
        848,
        824
    ],
    "msg": [
        "lost all replicas of file part with id: FBZ_0134.NEF_#_165, and last loss was due to corruption"
    ],
    "original_hive_size": 8,
    "parts_in_hive": [
        1083,
        1081,
        1080,
        1078,
        1077,
        1080,
        1081,
        1080,
        1075,
        1075,
        1075,
        1080,
        1077,
        1073,
        1076,
        1075,
        1075,
        1077,
        1076,
        1072,
        1073,
        1076,
        1075,
        1078,
        1079,
        1074,
        1072,
        1065,
        1065,
        1069,
        1072,
        1074,
        1074,
        1074,
        1073,
        1073,
        1073,
        1072,
        1056,
        1061,
        1066,
        1067,
        1073,
        1075,
        1073,
        1069,
        1070,
        1071,
        1072,
        1075,
        1073,
        1072,
        1071,
        1071,
        1067,
        1074,
        1077,
        1077,
        1072,
        1070,
        1068,
        1067,
        1071,
        1071,
        1075,
        1078,
        1077,
        1076,
        1072,
        1073,
        1073,
        1073,
        1070,
        1065,
        1066,
        1069,
        1070,
        1070,
        1068,
        1068,
        1072,
        1072,
        1068,
        1066,
        1072,
        1074,
        1074,
        1071,
        1071,
        1065
    ],
    "read_size": 131072,
    "redundant_size": 14,
    "replication_level": 3,
    "simfile_name": "min4-mean56-std32-i.json",
    "successfull": false,
    "sufficient_size_threshold": 6,
    "terminated": 90
}
