{
    "channel_loss": 0.04,
    "convergence_set": [
        31
    ],
    "convergence_sets": [
        [
            2,
            3,
            4,
            5,
            6,
            7,
            8,
            9
        ],
        [
            13,
            14,
            15,
            16,
            17,
            18,
            19,
            20,
            21,
            22,
            23,
            24,
            25,
            26,
            27,
            28
        ]
    ],
    "convergence_treshold": 2,
    "corrupted_parts": [
        0,
        0,
        1,
        1,
        3,
        4,
        2,
        4,
        5,
        5,
        7,
        2,
        6,
        5,
        2,
        7,
        0,
        4,
        3,
        12,
        5,
        5,
        8,
        7,
        4,
        4,
        13,
        3,
        4,
        10,
        6
    ],
    "corruption_chance_tod": 0.004971205646114242,
    "critical_size_threshold": 3,
    "cswc": 2,
    "delay": [
        0,
        0,
        4.0,
        1.0,
        1.6666666666666667,
        1.75,
        2.5,
        2.75,
        2.4,
        2.4,
        1.7142857142857142,
        2.0,
        2.0,
        3.4,
        1.5,
        2.7142857142857144,
        0,
        2.25,
        3.0,
        2.5,
        1.8,
        1.4,
        2.75,
        2.4285714285714284,
        3.0,
        1.25,
        2.6153846153846154,
        2.6666666666666665,
        2.75,
        3.1,
        3.4
    ],
    "disconnected_workers": [
        0,
        0,
        0,
        0,
        0,
        0,
        0,
        0,
        0,
        0,
        0,
        0,
        0,
        0,
        0,
        0,
        0,
        0,
        0,
        0,
        0,
        0,
        0,
        0,
        0,
        0,
        0,
        0,
        0,
        0,
        0
    ],
    "file_name": "FBZ_0134.NEF",
    "hive_id": "820b84ce-efc4-425b-93e6-8e740b071d11",
    "hive_size_after_maintenance": [
        8,
        8,
        8,
        8,
        8,
        8,
        8,
        8,
        8,
        8,
        8,
        8,
        8,
        8,
        8,
        8,
        8,
        8,
        8,
        8,
        8,
        8,
        8,
        8,
        8,
        8,
        8,
        8,
        8,
        8,
        8
    ],
    "hive_size_before_maintenance": [
        8,
        8,
        8,
        8,
        8,
        8,
        8,
        8,
        8,
        8,
        8,
        8,
        8,
        8,
        8,
        8,
        8,
        8,
        8,
        8,
        8,
        8,
        8,
        8,
        8,
        8,
        8,
        8,
        8,
        8,
        8
    ],
    "hive_status_before_maintenance": [
        "stable",
        "stable",
        "stable",
        "stable",
        "stable",
        "stable",
        "stable",
        "stable",
        "stable",
        "stable",
        "stable",
        "stable",
        "stable",
        "stable",
        "stable",
        "stable",
        "stable",
        "stable",
        "stable",
        "stable",
        "stable",
        "stable",
        "stable",
        "stable",
        "stable",
        "stable",
        "stable",
        "stable",
        "stable",
        "stable",
        "stable"
    ],
    "initial_spread": "u",
    "largest_convergence_window": 16,
    "lost_messages": [
        50,
        69,
        54,
        74,
        61,
        54,
        61,
        54,
        58,
        47,
        60,
        60,
        49,
        63,
        59,
        57,
        62,
        64,
        58,
        48,
        55,
        59,
        49,
        45,
        53,
        51,
        75,
        37,
        66,
        53,
        67
    ],
    "lost_parts": [
        0,
        0,
        0,
        0,
        0,
        0,
        0,
        0,
        0,
        0,
        0,
        0,
        0,
        0,
        0,
        0,
        0,
        0,
        0,
        0,
        0,
        0,
        0,
        0,
        0,
        0,
        0,
        0,
        0,
        0,
        0
    ],
    "max_epochs": 720,
    "max_recovery_delay": 4,
    "min_recovery_delay": 1,
    "moved_parts": [
        1315,
        1365,
        1393,
        1432,
        1370,
        1403,
        1416,
        1401,
        1437,
        1425,
        1366,
        1424,
        1450,
        1401,
        1404,
        1393,
        1375,
        1404,
        1406,
        1406,
        1436,
        1391,
        1406,
        1408,
        1411,
        1410,
        1443,
        1386,
        1398,
        1415,
        1394
    ],
    "msg": [
        "lost all replicas of file part with id: FBZ_0134.NEF_#_157, and last loss was due to corruption"
    ],
    "original_hive_size": 8,
    "parts_in_hive": [
        1083,
        1083,
        1082,
        1081,
        1079,
        1076,
        1079,
        1076,
        1074,
        1071,
        1069,
        1076,
        1073,
        1073,
        1073,
        1071,
        1073,
        1075,
        1075,
        1068,
        1067,
        1067,
        1072,
        1069,
        1069,
        1068,
        1065,
        1069,
        1070,
        1062,
        1066
    ],
    "read_size": 131072,
    "redundant_size": 14,
    "replication_level": 3,
    "simfile_name": "min4-mean56-std32-u.json",
    "successfull": false,
    "sufficient_size_threshold": 6,
    "terminated": 31
}
