{
    "channel_loss": 0.04,
    "convergence_set": [],
    "convergence_sets": [],
    "convergence_treshold": 2,
    "corrupted_parts": [
        0,
        3,
        1,
        3,
        4,
        3,
        2,
        1,
        7,
        4,
        4,
        7,
        6,
        6,
        13,
        7,
        6,
        7,
        7,
        8,
        8,
        3,
        3,
        7,
        6,
        9,
        4,
        5,
        5,
        3,
        4,
        3,
        4,
        9,
        4,
        8,
        7,
        3,
        5,
        6,
        3,
        11,
        7,
        7,
        4,
        8,
        7,
        5,
        6,
        9,
        13,
        7,
        7,
        4,
        10,
        8,
        3,
        7,
        4,
        8,
        9,
        9,
        10,
        10,
        9,
        8,
        7,
        4,
        6,
        6,
        9,
        8,
        7,
        7,
        4,
        11,
        8,
        7,
        6,
        9,
        12,
        9,
        6,
        13,
        5,
        3,
        8,
        5,
        6,
        10,
        8,
        7,
        8,
        14,
        8,
        12,
        7,
        10,
        9,
        6,
        6,
        4,
        11,
        5,
        8,
        5,
        6,
        10,
        11,
        8,
        9,
        6,
        7,
        6,
        11,
        8,
        4,
        9,
        11,
        7,
        4,
        6,
        12,
        11,
        12,
        7,
        12,
        6,
        9,
        10,
        3,
        9,
        11,
        11,
        9,
        11,
        6,
        8,
        15,
        5,
        6,
        9,
        11,
        10,
        14,
        10,
        6,
        4,
        18,
        4,
        7,
        8,
        9,
        7,
        15,
        7,
        11,
        11,
        8,
        12,
        8,
        15,
        6,
        11,
        13,
        9,
        8,
        10,
        11,
        12,
        11,
        10,
        3,
        10,
        7,
        13,
        10,
        4,
        12,
        10,
        12,
        10,
        13,
        8,
        8,
        6,
        5,
        9,
        11,
        10,
        10,
        13,
        16,
        7,
        12,
        9,
        11,
        6,
        11,
        9,
        7,
        9,
        11,
        4,
        13,
        8,
        13,
        9,
        12,
        8,
        9,
        12,
        8,
        5,
        11,
        14,
        14,
        11,
        5,
        6,
        11,
        11,
        14,
        16,
        8,
        7,
        10,
        14,
        7,
        10,
        11,
        11,
        8,
        11,
        15,
        13,
        15,
        9,
        12,
        12,
        9,
        12,
        10,
        12,
        7,
        11,
        10,
        6,
        8,
        7,
        5,
        11,
        7,
        7,
        10,
        10,
        10,
        8,
        6,
        11,
        6,
        21,
        15
    ],
    "corruption_chance_tod": 0.008066519161632526,
    "critical_size_threshold": 3,
    "cswc": 0,
    "delay": [
        0,
        2.6666666666666665,
        4.0,
        3.0,
        3.0,
        2.6666666666666665,
        2.5,
        4.0,
        3.0,
        3.25,
        2.0,
        2.5714285714285716,
        2.1666666666666665,
        1.8333333333333333,
        2.4615384615384617,
        3.142857142857143,
        2.6666666666666665,
        2.5714285714285716,
        2.7142857142857144,
        2.0,
        2.375,
        1.3333333333333333,
        2.0,
        3.4285714285714284,
        2.6666666666666665,
        3.0,
        2.5,
        2.4,
        2.2,
        3.3333333333333335,
        3.5,
        3.3333333333333335,
        2.5,
        2.7777777777777777,
        3.25,
        2.5,
        2.2857142857142856,
        2.6666666666666665,
        3.0,
        2.1666666666666665,
        1.3333333333333333,
        2.0,
        2.857142857142857,
        2.857142857142857,
        3.25,
        2.5,
        3.0,
        1.8,
        3.0,
        2.7777777777777777,
        2.3076923076923075,
        2.142857142857143,
        2.857142857142857,
        2.75,
        2.7,
        2.5,
        2.3333333333333335,
        2.2857142857142856,
        1.25,
        2.875,
        2.3333333333333335,
        1.8888888888888888,
        2.4,
        2.1,
        3.111111111111111,
        2.875,
        2.5714285714285716,
        2.5,
        2.0,
        2.8333333333333335,
        2.5555555555555554,
        1.625,
        3.142857142857143,
        2.142857142857143,
        2.5,
        2.8181818181818183,
        2.375,
        2.142857142857143,
        2.0,
        2.4444444444444446,
        2.25,
        2.3333333333333335,
        2.6666666666666665,
        2.3846153846153846,
        2.8,
        3.0,
        2.0,
        2.0,
        2.6666666666666665,
        2.1,
        2.625,
        2.142857142857143,
        2.375,
        1.9285714285714286,
        2.25,
        2.5833333333333335,
        3.0,
        3.0,
        2.111111111111111,
        2.0,
        2.8333333333333335,
        2.25,
        2.3636363636363638,
        3.0,
        1.875,
        3.2,
        1.0,
        2.6,
        2.5454545454545454,
        2.0,
        3.111111111111111,
        2.5,
        1.7142857142857142,
        3.1666666666666665,
        2.1818181818181817,
        2.125,
        3.25,
        2.4444444444444446,
        2.3636363636363638,
        2.857142857142857,
        2.25,
        2.6666666666666665,
        2.5,
        2.5454545454545454,
        2.4166666666666665,
        2.4285714285714284,
        1.9166666666666667,
        2.5,
        2.5555555555555554,
        2.8,
        3.0,
        2.7777777777777777,
        2.4545454545454546,
        2.909090909090909,
        2.3333333333333335,
        2.8181818181818183,
        2.5,
        2.625,
        2.6,
        2.2,
        2.3333333333333335,
        2.4444444444444446,
        1.3636363636363635,
        3.1,
        1.9285714285714286,
        2.5,
        2.3333333333333335,
        3.5,
        2.388888888888889,
        2.75,
        2.7142857142857144,
        1.75,
        2.111111111111111,
        2.4285714285714284,
        2.8,
        2.5714285714285716,
        2.272727272727273,
        2.5454545454545454,
        2.375,
        2.1666666666666665,
        1.875,
        2.4,
        3.5,
        2.272727272727273,
        1.5384615384615385,
        2.2222222222222223,
        2.25,
        2.5,
        1.6363636363636365,
        2.8333333333333335,
        2.6363636363636362,
        2.4,
        2.0,
        2.6,
        3.0,
        2.3846153846153846,
        2.2,
        3.0,
        2.0,
        2.4,
        2.4166666666666665,
        2.1,
        3.5384615384615383,
        2.5,
        2.75,
        1.8333333333333333,
        2.0,
        2.3333333333333335,
        3.0,
        2.2,
        2.3,
        2.230769230769231,
        2.1875,
        2.5714285714285716,
        2.6666666666666665,
        2.2222222222222223,
        2.090909090909091,
        2.3333333333333335,
        2.5454545454545454,
        2.3333333333333335,
        2.4285714285714284,
        2.111111111111111,
        2.272727272727273,
        3.75,
        2.923076923076923,
        2.125,
        2.5384615384615383,
        2.4444444444444446,
        2.6666666666666665,
        2.125,
        2.5555555555555554,
        2.75,
        2.75,
        2.0,
        2.4545454545454546,
        2.0714285714285716,
        3.0714285714285716,
        2.8181818181818183,
        2.2,
        1.6666666666666667,
        2.3636363636363638,
        2.3636363636363638,
        2.7142857142857144,
        3.0625,
        1.625,
        2.857142857142857,
        2.3,
        2.7857142857142856,
        2.857142857142857,
        3.0,
        2.4545454545454546,
        2.6363636363636362,
        3.0,
        2.1818181818181817,
        1.6,
        2.3846153846153846,
        2.8,
        2.5555555555555554,
        2.5833333333333335,
        2.3333333333333335,
        2.4444444444444446,
        2.1666666666666665,
        2.7,
        2.9166666666666665,
        2.7142857142857144,
        2.4545454545454546,
        2.2,
        2.5,
        2.75,
        2.4285714285714284,
        2.0,
        2.4545454545454546,
        2.4285714285714284,
        1.7142857142857142,
        1.7,
        2.3,
        2.4,
        2.875,
        2.6666666666666665,
        3.272727272727273,
        2.3333333333333335,
        2.0476190476190474,
        2.4285714285714284
    ],
    "disconnected_workers": [
        0,
        0,
        0,
        0,
        0,
        0,
        0,
        0,
        0,
        0,
        0,
        0,
        0,
        0,
        0,
        0,
        0,
        0,
        0,
        0,
        0,
        0,
        0,
        0,
        0,
        0,
        0,
        0,
        0,
        0,
        0,
        0,
        0,
        0,
        0,
        0,
        0,
        0,
        0,
        0,
        0,
        0,
        0,
        0,
        0,
        0,
        0,
        0,
        0,
        0,
        0,
        0,
        0,
        0,
        0,
        0,
        0,
        0,
        0,
        0,
        0,
        0,
        0,
        0,
        0,
        0,
        0,
        0,
        0,
        0,
        0,
        0,
        0,
        0,
        0,
        0,
        0,
        0,
        0,
        0,
        0,
        0,
        0,
        0,
        0,
        0,
        0,
        0,
        0,
        0,
        0,
        0,
        0,
        0,
        0,
        0,
        0,
        0,
        0,
        0,
        0,
        0,
        0,
        0,
        0,
        0,
        0,
        0,
        0,
        0,
        0,
        0,
        0,
        0,
        0,
        0,
        0,
        0,
        0,
        0,
        0,
        0,
        0,
        0,
        0,
        0,
        0,
        0,
        0,
        0,
        0,
        0,
        0,
        0,
        0,
        0,
        0,
        0,
        0,
        0,
        0,
        0,
        0,
        0,
        0,
        0,
        0,
        0,
        0,
        0,
        0,
        0,
        0,
        0,
        0,
        0,
        0,
        0,
        0,
        0,
        0,
        0,
        0,
        0,
        0,
        0,
        0,
        0,
        0,
        0,
        0,
        0,
        0,
        0,
        0,
        0,
        0,
        0,
        0,
        0,
        0,
        0,
        0,
        0,
        0,
        0,
        0,
        0,
        0,
        0,
        0,
        0,
        0,
        0,
        0,
        0,
        0,
        0,
        0,
        0,
        0,
        0,
        0,
        0,
        0,
        0,
        0,
        0,
        0,
        0,
        0,
        0,
        0,
        0,
        0,
        0,
        0,
        0,
        0,
        0,
        0,
        0,
        0,
        0,
        0,
        0,
        0,
        0,
        0,
        0,
        0,
        0,
        0,
        0,
        0,
        0,
        0,
        0,
        0,
        0,
        0,
        0,
        0,
        0,
        0,
        0,
        0,
        0,
        0,
        0,
        0,
        0,
        0,
        0,
        0,
        0,
        0,
        0,
        0,
        0,
        0,
        0,
        0
    ],
    "file_name": "FBZ_0134.NEF",
    "hive_id": "63de093f-c35c-4b42-8f82-8ca294d4f937",
    "hive_size_after_maintenance": [
        8,
        8,
        8,
        8,
        8,
        8,
        8,
        8,
        8,
        8,
        8,
        8,
        8,
        8,
        8,
        8,
        8,
        8,
        8,
        8,
        8,
        8,
        8,
        8,
        8,
        8,
        8,
        8,
        8,
        8,
        8,
        8,
        8,
        8,
        8,
        8,
        8,
        8,
        8,
        8,
        8,
        8,
        8,
        8,
        8,
        8,
        8,
        8,
        8,
        8,
        8,
        8,
        8,
        8,
        8,
        8,
        8,
        8,
        8,
        8,
        8,
        8,
        8,
        8,
        8,
        8,
        8,
        8,
        8,
        8,
        8,
        8,
        8,
        8,
        8,
        8,
        8,
        8,
        8,
        8,
        8,
        8,
        8,
        8,
        8,
        8,
        8,
        8,
        8,
        8,
        8,
        8,
        8,
        8,
        8,
        8,
        8,
        8,
        8,
        8,
        8,
        8,
        8,
        8,
        8,
        8,
        8,
        8,
        8,
        8,
        8,
        8,
        8,
        8,
        8,
        8,
        8,
        8,
        8,
        8,
        8,
        8,
        8,
        8,
        8,
        8,
        8,
        8,
        8,
        8,
        8,
        8,
        8,
        8,
        8,
        8,
        8,
        8,
        8,
        8,
        8,
        8,
        8,
        8,
        8,
        8,
        8,
        8,
        8,
        8,
        8,
        8,
        8,
        8,
        8,
        8,
        8,
        8,
        8,
        8,
        8,
        8,
        8,
        8,
        8,
        8,
        8,
        8,
        8,
        8,
        8,
        8,
        8,
        8,
        8,
        8,
        8,
        8,
        8,
        8,
        8,
        8,
        8,
        8,
        8,
        8,
        8,
        8,
        8,
        8,
        8,
        8,
        8,
        8,
        8,
        8,
        8,
        8,
        8,
        8,
        8,
        8,
        8,
        8,
        8,
        8,
        8,
        8,
        8,
        8,
        8,
        8,
        8,
        8,
        8,
        8,
        8,
        8,
        8,
        8,
        8,
        8,
        8,
        8,
        8,
        8,
        8,
        8,
        8,
        8,
        8,
        8,
        8,
        8,
        8,
        8,
        8,
        8,
        8,
        8,
        8,
        8,
        8,
        8,
        8,
        8,
        8,
        8,
        8,
        8,
        8,
        8,
        8,
        8,
        8,
        8,
        8,
        8,
        8,
        8,
        8,
        8,
        8
    ],
    "hive_size_before_maintenance": [
        8,
        8,
        8,
        8,
        8,
        8,
        8,
        8,
        8,
        8,
        8,
        8,
        8,
        8,
        8,
        8,
        8,
        8,
        8,
        8,
        8,
        8,
        8,
        8,
        8,
        8,
        8,
        8,
        8,
        8,
        8,
        8,
        8,
        8,
        8,
        8,
        8,
        8,
        8,
        8,
        8,
        8,
        8,
        8,
        8,
        8,
        8,
        8,
        8,
        8,
        8,
        8,
        8,
        8,
        8,
        8,
        8,
        8,
        8,
        8,
        8,
        8,
        8,
        8,
        8,
        8,
        8,
        8,
        8,
        8,
        8,
        8,
        8,
        8,
        8,
        8,
        8,
        8,
        8,
        8,
        8,
        8,
        8,
        8,
        8,
        8,
        8,
        8,
        8,
        8,
        8,
        8,
        8,
        8,
        8,
        8,
        8,
        8,
        8,
        8,
        8,
        8,
        8,
        8,
        8,
        8,
        8,
        8,
        8,
        8,
        8,
        8,
        8,
        8,
        8,
        8,
        8,
        8,
        8,
        8,
        8,
        8,
        8,
        8,
        8,
        8,
        8,
        8,
        8,
        8,
        8,
        8,
        8,
        8,
        8,
        8,
        8,
        8,
        8,
        8,
        8,
        8,
        8,
        8,
        8,
        8,
        8,
        8,
        8,
        8,
        8,
        8,
        8,
        8,
        8,
        8,
        8,
        8,
        8,
        8,
        8,
        8,
        8,
        8,
        8,
        8,
        8,
        8,
        8,
        8,
        8,
        8,
        8,
        8,
        8,
        8,
        8,
        8,
        8,
        8,
        8,
        8,
        8,
        8,
        8,
        8,
        8,
        8,
        8,
        8,
        8,
        8,
        8,
        8,
        8,
        8,
        8,
        8,
        8,
        8,
        8,
        8,
        8,
        8,
        8,
        8,
        8,
        8,
        8,
        8,
        8,
        8,
        8,
        8,
        8,
        8,
        8,
        8,
        8,
        8,
        8,
        8,
        8,
        8,
        8,
        8,
        8,
        8,
        8,
        8,
        8,
        8,
        8,
        8,
        8,
        8,
        8,
        8,
        8,
        8,
        8,
        8,
        8,
        8,
        8,
        8,
        8,
        8,
        8,
        8,
        8,
        8,
        8,
        8,
        8,
        8,
        8,
        8,
        8,
        8,
        8,
        8,
        8
    ],
    "hive_status_before_maintenance": [
        "stable",
        "stable",
        "stable",
        "stable",
        "stable",
        "stable",
        "stable",
        "stable",
        "stable",
        "stable",
        "stable",
        "stable",
        "stable",
        "stable",
        "stable",
        "stable",
        "stable",
        "stable",
        "stable",
        "stable",
        "stable",
        "stable",
        "stable",
        "stable",
        "stable",
        "stable",
        "stable",
        "stable",
        "stable",
        "stable",
        "stable",
        "stable",
        "stable",
        "stable",
        "stable",
        "stable",
        "stable",
        "stable",
        "stable",
        "stable",
        "stable",
        "stable",
        "stable",
        "stable",
        "stable",
        "stable",
        "stable",
        "stable",
        "stable",
        "stable",
        "stable",
        "stable",
        "stable",
        "stable",
        "stable",
        "stable",
        "stable",
        "stable",
        "stable",
        "stable",
        "stable",
        "stable",
        "stable",
        "stable",
        "stable",
        "stable",
        "stable",
        "stable",
        "stable",
        "stable",
        "stable",
        "stable",
        "stable",
        "stable",
        "stable",
        "stable",
        "stable",
        "stable",
        "stable",
        "stable",
        "stable",
        "stable",
        "stable",
        "stable",
        "stable",
        "stable",
        "stable",
        "stable",
        "stable",
        "stable",
        "stable",
        "stable",
        "stable",
        "stable",
        "stable",
        "stable",
        "stable",
        "stable",
        "stable",
        "stable",
        "stable",
        "stable",
        "stable",
        "stable",
        "stable",
        "stable",
        "stable",
        "stable",
        "stable",
        "stable",
        "stable",
        "stable",
        "stable",
        "stable",
        "stable",
        "stable",
        "stable",
        "stable",
        "stable",
        "stable",
        "stable",
        "stable",
        "stable",
        "stable",
        "stable",
        "stable",
        "stable",
        "stable",
        "stable",
        "stable",
        "stable",
        "stable",
        "stable",
        "stable",
        "stable",
        "stable",
        "stable",
        "stable",
        "stable",
        "stable",
        "stable",
        "stable",
        "stable",
        "stable",
        "stable",
        "stable",
        "stable",
        "stable",
        "stable",
        "stable",
        "stable",
        "stable",
        "stable",
        "stable",
        "stable",
        "stable",
        "stable",
        "stable",
        "stable",
        "stable",
        "stable",
        "stable",
        "stable",
        "stable",
        "stable",
        "stable",
        "stable",
        "stable",
        "stable",
        "stable",
        "stable",
        "stable",
        "stable",
        "stable",
        "stable",
        "stable",
        "stable",
        "stable",
        "stable",
        "stable",
        "stable",
        "stable",
        "stable",
        "stable",
        "stable",
        "stable",
        "stable",
        "stable",
        "stable",
        "stable",
        "stable",
        "stable",
        "stable",
        "stable",
        "stable",
        "stable",
        "stable",
        "stable",
        "stable",
        "stable",
        "stable",
        "stable",
        "stable",
        "stable",
        "stable",
        "stable",
        "stable",
        "stable",
        "stable",
        "stable",
        "stable",
        "stable",
        "stable",
        "stable",
        "stable",
        "stable",
        "stable",
        "stable",
        "stable",
        "stable",
        "stable",
        "stable",
        "stable",
        "stable",
        "stable",
        "stable",
        "stable",
        "stable",
        "stable",
        "stable",
        "stable",
        "stable",
        "stable",
        "stable",
        "stable",
        "stable",
        "stable",
        "stable",
        "stable",
        "stable",
        "stable",
        "stable",
        "stable",
        "stable",
        "stable",
        "stable",
        "stable",
        "stable",
        "stable",
        "stable",
        "stable",
        "stable",
        "stable",
        "stable",
        "stable",
        "stable",
        "stable",
        "stable",
        "stable",
        "stable",
        "stable",
        "stable",
        "stable"
    ],
    "initial_spread": "i",
    "largest_convergence_window": 0,
    "lost_messages": [
        55,
        52,
        60,
        52,
        50,
        43,
        50,
        44,
        43,
        51,
        64,
        61,
        47,
        57,
        63,
        66,
        61,
        61,
        46,
        54,
        69,
        51,
        56,
        43,
        56,
        59,
        61,
        55,
        50,
        65,
        53,
        62,
        67,
        33,
        51,
        47,
        48,
        54,
        65,
        57,
        54,
        51,
        52,
        57,
        59,
        51,
        67,
        52,
        50,
        46,
        48,
        49,
        44,
        46,
        57,
        56,
        63,
        53,
        57,
        57,
        51,
        53,
        42,
        55,
        52,
        55,
        62,
        54,
        54,
        63,
        45,
        65,
        55,
        58,
        66,
        62,
        46,
        54,
        48,
        54,
        57,
        56,
        44,
        63,
        55,
        57,
        60,
        65,
        56,
        49,
        58,
        64,
        54,
        49,
        52,
        54,
        52,
        51,
        61,
        57,
        59,
        56,
        54,
        68,
        58,
        55,
        66,
        60,
        64,
        53,
        47,
        45,
        65,
        57,
        61,
        46,
        54,
        56,
        58,
        55,
        45,
        48,
        55,
        46,
        70,
        55,
        69,
        57,
        58,
        55,
        66,
        46,
        55,
        53,
        55,
        60,
        59,
        55,
        56,
        45,
        58,
        57,
        58,
        61,
        57,
        50,
        42,
        47,
        58,
        63,
        65,
        60,
        47,
        46,
        52,
        60,
        48,
        52,
        56,
        62,
        57,
        42,
        53,
        50,
        51,
        50,
        48,
        55,
        60,
        55,
        67,
        49,
        50,
        56,
        44,
        54,
        59,
        68,
        61,
        72,
        59,
        50,
        44,
        49,
        59,
        55,
        65,
        50,
        51,
        57,
        57,
        42,
        50,
        61,
        69,
        67,
        64,
        63,
        57,
        48,
        56,
        52,
        45,
        55,
        52,
        56,
        55,
        57,
        43,
        56,
        57,
        55,
        53,
        62,
        51,
        55,
        58,
        52,
        57,
        54,
        48,
        59,
        48,
        47,
        49,
        54,
        48,
        62,
        52,
        55,
        52,
        59,
        52,
        46,
        55,
        49,
        54,
        46,
        46,
        62,
        55,
        52,
        46,
        51,
        51,
        52,
        62,
        59,
        62,
        57,
        48,
        52,
        60,
        48,
        61,
        64,
        45,
        58,
        56,
        58,
        60,
        55,
        39
    ],
    "lost_parts": [
        0,
        0,
        0,
        0,
        0,
        0,
        0,
        0,
        0,
        0,
        0,
        0,
        0,
        0,
        0,
        0,
        0,
        0,
        0,
        0,
        0,
        0,
        0,
        0,
        0,
        0,
        0,
        0,
        0,
        0,
        0,
        0,
        0,
        0,
        0,
        0,
        0,
        0,
        0,
        0,
        0,
        0,
        0,
        0,
        0,
        0,
        0,
        0,
        0,
        0,
        0,
        0,
        0,
        0,
        0,
        0,
        0,
        0,
        0,
        0,
        0,
        0,
        0,
        0,
        0,
        0,
        0,
        0,
        0,
        0,
        0,
        0,
        0,
        0,
        0,
        0,
        0,
        0,
        0,
        0,
        0,
        0,
        0,
        0,
        0,
        0,
        0,
        0,
        0,
        0,
        0,
        0,
        0,
        0,
        0,
        0,
        0,
        0,
        0,
        0,
        0,
        0,
        0,
        0,
        0,
        0,
        0,
        0,
        0,
        0,
        0,
        0,
        0,
        0,
        0,
        0,
        0,
        0,
        0,
        0,
        0,
        0,
        0,
        0,
        0,
        0,
        0,
        0,
        0,
        0,
        0,
        0,
        0,
        0,
        0,
        0,
        0,
        0,
        0,
        0,
        0,
        0,
        0,
        0,
        0,
        0,
        0,
        0,
        0,
        0,
        0,
        0,
        0,
        0,
        0,
        0,
        0,
        0,
        0,
        0,
        0,
        0,
        0,
        0,
        0,
        0,
        0,
        0,
        0,
        0,
        0,
        0,
        0,
        0,
        0,
        0,
        0,
        0,
        0,
        0,
        0,
        0,
        0,
        0,
        0,
        0,
        0,
        0,
        0,
        0,
        0,
        0,
        0,
        0,
        0,
        0,
        0,
        0,
        0,
        0,
        0,
        0,
        0,
        0,
        0,
        0,
        0,
        0,
        0,
        0,
        0,
        0,
        0,
        0,
        0,
        0,
        0,
        0,
        0,
        0,
        0,
        0,
        0,
        0,
        0,
        0,
        0,
        0,
        0,
        0,
        0,
        0,
        0,
        0,
        0,
        0,
        0,
        0,
        0,
        0,
        0,
        0,
        0,
        0,
        0,
        0,
        0,
        0,
        0,
        0,
        0,
        0,
        0,
        0,
        0,
        0,
        0,
        0,
        0,
        0,
        0,
        0,
        0
    ],
    "max_epochs": 720,
    "max_recovery_delay": 4,
    "min_recovery_delay": 1,
    "moved_parts": [
        1281,
        1360,
        1346,
        1356,
        1330,
        1358,
        1359,
        1363,
        1386,
        1331,
        1358,
        1350,
        1362,
        1377,
        1366,
        1346,
        1335,
        1353,
        1337,
        1375,
        1395,
        1383,
        1383,
        1352,
        1383,
        1317,
        1323,
        1395,
        1377,
        1344,
        1357,
        1366,
        1319,
        1382,
        1350,
        1352,
        1323,
        1361,
        1343,
        1374,
        1344,
        1382,
        1354,
        1341,
        1383,
        1329,
        1368,
        1326,
        1388,
        1349,
        1354,
        1389,
        1371,
        1350,
        1377,
        1346,
        1368,
        1350,
        1317,
        1367,
        1349,
        1321,
        1346,
        1370,
        1331,
        1356,
        1326,
        1355,
        1334,
        1382,
        1337,
        1400,
        1336,
        1368,
        1348,
        1355,
        1353,
        1326,
        1374,
        1385,
        1396,
        1351,
        1346,
        1385,
        1349,
        1354,
        1353,
        1358,
        1372,
        1362,
        1413,
        1346,
        1386,
        1338,
        1379,
        1353,
        1362,
        1378,
        1307,
        1352,
        1364,
        1344,
        1356,
        1340,
        1365,
        1370,
        1341,
        1393,
        1353,
        1321,
        1319,
        1354,
        1332,
        1338,
        1390,
        1406,
        1392,
        1333,
        1355,
        1338,
        1334,
        1382,
        1382,
        1360,
        1355,
        1386,
        1374,
        1341,
        1352,
        1352,
        1365,
        1363,
        1301,
        1360,
        1340,
        1333,
        1343,
        1378,
        1331,
        1354,
        1374,
        1342,
        1361,
        1347,
        1370,
        1394,
        1354,
        1362,
        1345,
        1368,
        1340,
        1384,
        1365,
        1349,
        1350,
        1327,
        1328,
        1378,
        1347,
        1344,
        1353,
        1356,
        1381,
        1354,
        1367,
        1382,
        1370,
        1397,
        1356,
        1328,
        1330,
        1378,
        1383,
        1355,
        1358,
        1340,
        1330,
        1337,
        1361,
        1360,
        1350,
        1350,
        1350,
        1379,
        1350,
        1316,
        1360,
        1333,
        1354,
        1371,
        1349,
        1395,
        1370,
        1332,
        1373,
        1338,
        1354,
        1303,
        1356,
        1368,
        1385,
        1330,
        1342,
        1348,
        1365,
        1354,
        1349,
        1380,
        1410,
        1346,
        1357,
        1363,
        1368,
        1337,
        1355,
        1388,
        1319,
        1310,
        1346,
        1347,
        1419,
        1354,
        1356,
        1327,
        1350,
        1365,
        1368,
        1387,
        1344,
        1369,
        1342,
        1347,
        1358,
        1349,
        1356,
        1330,
        1351,
        1353,
        1358,
        1349,
        1363,
        1342,
        1353,
        1364,
        1343,
        1327,
        1345,
        1338,
        1354,
        1334,
        1348,
        1357,
        1339,
        1373,
        1340,
        1353,
        1341,
        1373,
        1389,
        1348,
        1377,
        1342,
        1330
    ],
    "msg": [
        "lost all replicas of file part with id: FBZ_0134.NEF_#_101, and last loss was due to corruption"
    ],
    "original_hive_size": 8,
    "parts_in_hive": [
        1083,
        1080,
        1079,
        1077,
        1076,
        1073,
        1075,
        1076,
        1073,
        1071,
        1069,
        1069,
        1069,
        1067,
        1064,
        1063,
        1062,
        1064,
        1065,
        1065,
        1066,
        1069,
        1075,
        1071,
        1070,
        1063,
        1064,
        1068,
        1069,
        1072,
        1074,
        1073,
        1071,
        1065,
        1068,
        1067,
        1063,
        1066,
        1072,
        1071,
        1072,
        1067,
        1069,
        1067,
        1067,
        1064,
        1064,
        1064,
        1070,
        1064,
        1057,
        1061,
        1063,
        1066,
        1066,
        1062,
        1067,
        1066,
        1071,
        1071,
        1067,
        1063,
        1058,
        1061,
        1066,
        1062,
        1057,
        1066,
        1069,
        1069,
        1067,
        1063,
        1068,
        1065,
        1069,
        1064,
        1063,
        1060,
        1065,
        1068,
        1062,
        1061,
        1061,
        1060,
        1062,
        1069,
        1068,
        1069,
        1072,
        1065,
        1066,
        1065,
        1064,
        1056,
        1062,
        1060,
        1064,
        1059,
        1056,
        1063,
        1065,
        1071,
        1067,
        1066,
        1065,
        1067,
        1069,
        1068,
        1062,
        1059,
        1063,
        1064,
        1061,
        1069,
        1063,
        1064,
        1067,
        1066,
        1059,
        1063,
        1067,
        1069,
        1060,
        1060,
        1056,
        1056,
        1057,
        1066,
        1065,
        1062,
        1067,
        1062,
        1057,
        1060,
        1057,
        1056,
        1059,
        1060,
        1054,
        1062,
        1066,
        1064,
        1062,
        1065,
        1053,
        1058,
        1064,
        1069,
        1054,
        1061,
        1061,
        1064,
        1065,
        1067,
        1061,
        1059,
        1056,
        1055,
        1060,
        1056,
        1063,
        1058,
        1063,
        1058,
        1053,
        1061,
        1065,
        1064,
        1058,
        1061,
        1057,
        1056,
        1064,
        1063,
        1063,
        1059,
        1057,
        1062,
        1061,
        1064,
        1058,
        1056,
        1058,
        1056,
        1054,
        1058,
        1070,
        1067,
        1063,
        1058,
        1057,
        1055,
        1053,
        1059,
        1059,
        1056,
        1055,
        1066,
        1063,
        1062,
        1062,
        1063,
        1063,
        1064,
        1061,
        1059,
        1052,
        1057,
        1057,
        1058,
        1060,
        1055,
        1061,
        1064,
        1060,
        1057,
        1053,
        1050,
        1058,
        1061,
        1065,
        1063,
        1054,
        1049,
        1051,
        1057,
        1059,
        1055,
        1056,
        1058,
        1057,
        1056,
        1057,
        1055,
        1054,
        1056,
        1057,
        1052,
        1053,
        1051,
        1058,
        1056,
        1059,
        1056,
        1061,
        1056,
        1057,
        1062,
        1064,
        1063,
        1065,
        1065,
        1063,
        1067,
        1063,
        1067,
        1065,
        1063,
        1064,
        1060,
        1059,
        1045,
        1047
    ],
    "read_size": 131072,
    "redundant_size": 14,
    "replication_level": 3,
    "simfile_name": "min4-mean90-std32-i.json",
    "successfull": false,
    "sufficient_size_threshold": 6,
    "terminated": 263
}
