{
    "blocks_corrupted": [
        0,
        0,
        0,
        0,
        0,
        0,
        0,
        0,
        0,
        0,
        0,
        0,
        0,
        0,
        0
    ],
    "blocks_existing": [
        46,
        46,
        46,
        46,
        46,
        46,
        46,
        46,
        46,
        46,
        46,
        46,
        46,
        46,
        44
    ],
    "blocks_lost": [
        0,
        0,
        0,
        0,
        0,
        0,
        0,
        0,
        0,
        0,
        0,
        0,
        0,
        0,
        2
    ],
    "blocks_moved": [
        0,
        0,
        0,
        0,
        0,
        0,
        0,
        0,
        0,
        0,
        0,
        0,
        0,
        0,
        0
    ],
    "channel_loss": 0.04,
    "cluster_size_am": [
        8,
        8,
        8,
        8,
        8,
        8,
        8,
        8,
        8,
        8,
        8,
        8,
        8,
        8,
        8
    ],
    "cluster_size_bm": [
        8,
        8,
        8,
        8,
        8,
        7,
        8,
        8,
        8,
        8,
        8,
        8,
        8,
        8,
        8
    ],
    "cluster_status_am": [
        "stable",
        "stable",
        "stable",
        "stable",
        "stable",
        "stable",
        "stable",
        "stable",
        "stable",
        "stable",
        "stable",
        "stable",
        "stable",
        "stable",
        "stable"
    ],
    "cluster_status_bm": [
        "stable",
        "stable",
        "stable",
        "stable",
        "stable",
        "sufficient",
        "stable",
        "stable",
        "stable",
        "stable",
        "stable",
        "stable",
        "stable",
        "stable",
        "stable"
    ],
    "cluster_type": "HDFSCluster",
    "convergence_set": [],
    "convergence_sets": [],
    "convergence_treshold": 0,
    "corruption_chance_tod": 0.000191,
    "critical_size_threshold": 1,
    "cswc": 0,
    "delay_replication": [
        0,
        0,
        0,
        0,
        0,
        0,
        0,
        0,
        0,
        0,
        0,
        0,
        0,
        0,
        0
    ],
    "delay_suspects_detection": {
        "wl": 5
    },
    "file_name": "FBZ_0134.NEF",
    "hive_id": "41deb9c0-c956-4868-bc16-ce15d0cc0191",
    "initial_spread": "i",
    "largest_convergence_window": 0,
    "matrices_nodes_degrees": [],
    "max_epochs": 480,
    "max_replication_delay": 3,
    "min_replication_delay": 1,
    "off_node_count": [
        0,
        0,
        0,
        0,
        0,
        1,
        0,
        0,
        0,
        0,
        0,
        0,
        0,
        0,
        0
    ],
    "original_hive_size": 8,
    "read_size": 121026,
    "redundant_size": 12,
    "replication_level": 1,
    "simfile_name": "8-tier1.json",
    "successfull": false,
    "sufficient_size_threshold": 4,
    "terminated": 15,
    "terminated_messages": [
        "Lost all replicas of file replica with id: FBZ_0134.NEF_#_3",
        "Lost all replicas of file replica with id: FBZ_0134.NEF_#_12"
    ],
    "topologies_goal_achieved": [],
    "topologies_goal_distance": [],
    "transmissions_failed": [
        0,
        0,
        0,
        0,
        0,
        0,
        0,
        0,
        0,
        0,
        0,
        0,
        0,
        0,
        0
    ]
}
