{
    "nodes_uptime": {
        "a": 0.119232,
        "b": 0.066033,
        "c": 0.262593,
        "d": 0.120483,
        "e": 0.222655,
        "f": 0.213818,
        "g": 0.24595,
        "h": 0.159128,
        "i": 0.083341,
        "j": 0.255882,
        "k": 0.234228,
        "l": 0.32,
        "m": 0.178947,
        "n": 0.081159,
        "o": 0.259921,
        "p": 0.179752,
        "q": 0.107794,
        "r": 0.169317,
        "s": 0.298345,
        "t": 0.233831,
        "u": 0.204929,
        "v": 0.32,
        "w": 0.226522,
        "x": 0.114272,
        "y": 0.179773,
        "z": 0.029209,
        "aa": 0.054593,
        "ab": 0.169509,
        "ac": 0.267111,
        "ad": 0.162364,
        "ae": 0.13832,
        "af": 0.265129,
        "ag": 0.082581,
        "ah": 0.076313,
        "ai": 0.132396,
        "aj": 0.268252,
        "ak": 0.050852,
        "al": 0.166753,
        "am": 0.161589,
        "an": 0.14814,
        "ao": 0.319805,
        "ap": 0.222584,
        "aq": 0.094044,
        "ar": 0.230848,
        "as": 0.145943,
        "at": 0.273242,
        "au": 0.164141,
        "av": 0.294519,
        "aw": 0.223486,
        "ax": 0.07545,
        "ay": 0.060331,
        "az": 0.097706,
        "ba": 0.112312,
        "bb": 0.106452,
        "bc": 0.235935,
        "bd": 0.096626,
        "be": 0.078247,
        "bf": 0.154693,
        "bg": 0.136416,
        "bh": 0.153152,
        "bi": 0.028314,
        "bj": 0.14797,
        "bk": 0.113928,
        "bl": 0.017802,
        "bm": 0.03394,
        "bn": 0.217822,
        "bo": 0.193781,
        "bp": 0.114506,
        "bq": 0.190999,
        "br": 0.118555,
        "bs": 0.151278,
        "bt": 0.32,
        "bu": 0.32,
        "bv": 0.128525,
        "bw": 0.152483,
        "bx": 0.230906,
        "by": 0.215135,
        "bz": 0.165219,
        "ca": 0.136632,
        "cb": 0.302808,
        "cc": 0.136177,
        "cd": 0.076291,
        "ce": 0.276875,
        "cf": 0.216806,
        "cg": 0.208247,
        "ch": 0.048029,
        "ci": 0.166865,
        "cj": 0.177397,
        "ck": 0.086818,
        "cl": 0.103004,
        "cm": 0.264259,
        "cn": 0.223188,
        "co": 0.074923,
        "cp": 0.10358,
        "cq": 0.2028,
        "cr": 0.137453,
        "cs": 0.031461,
        "ct": 0.12289,
        "cu": 0.195396,
        "cv": 0.107579,
        "cw": 0.106085,
        "cx": 0.145217,
        "cy": 0.118292,
        "cz": 0.045369,
        "da": 0.223993,
        "db": 0.277666,
        "dc": 0.08978,
        "dd": 0.154817,
        "de": 0.13792,
        "df": 0.235478,
        "dg": 0.222289,
        "dh": 0.233746,
        "di": 0.191249,
        "dj": 0.267164,
        "dk": 0.107664,
        "dl": 0.02439,
        "dm": 0.003283,
        "dn": 0.202349,
        "do": 0.100731,
        "dp": 0.150931,
        "dq": 0.002369,
        "dr": 0.016618,
        "ds": 0.226576,
        "dt": 0.114378,
        "du": 0.218022,
        "dv": 0.238915,
        "dw": 0.164034,
        "dx": 0.32,
        "dy": 0.094036,
        "dz": 0.107478,
        "ea": 0.174582,
        "eb": 0.068193,
        "ec": 0.171657,
        "ed": 0.103144,
        "ee": 0.057377,
        "ef": 0.267624,
        "eg": 0.199112,
        "eh": 0.204846,
        "ei": 0.271156,
        "ej": 0.088385,
        "ek": 0.012698,
        "el": 0.047569,
        "em": 0.226401,
        "en": 0.319382,
        "eo": 0.241178,
        "ep": 0.246552,
        "eq": 0.017726,
        "er": 0.168695,
        "es": 0.024767,
        "et": 0.187204,
        "eu": 0.235684,
        "ev": 0.148944,
        "ew": 0.077605,
        "ex": 0.141499,
        "ey": 0.204007,
        "ez": 0.164064,
        "fa": 0.098311,
        "fb": 0.228535,
        "fc": 0.043263,
        "fd": 0.104799,
        "fe": 0.269868,
        "ff": 0.188663,
        "fg": 0.027538,
        "fh": 0.16529,
        "fi": 0.236122,
        "fj": 0.208549,
        "fk": 0.243699,
        "fl": 0.075035,
        "fm": 0.241215,
        "fn": 0.154826,
        "fo": 0.151694,
        "fp": 0.269004,
        "fq": 0.186285,
        "fr": 0.18621,
        "fs": 0.054312,
        "ft": 0.291984,
        "fu": 0.25689,
        "fv": 0.029638,
        "fw": 0.074911,
        "fx": 0.144275,
        "fy": 0.089291,
        "fz": 0.248369,
        "ga": 0.229828,
        "gb": 0.243777,
        "gc": 0.141516,
        "gd": 0.174128,
        "ge": 0.171041,
        "gf": 0.031286,
        "gg": 0.168758,
        "gh": 0.208673,
        "gi": 0.170432,
        "gj": 0.086348,
        "gk": 0.112894,
        "gl": 0.181477,
        "gm": 0.064644,
        "gn": 0.128052,
        "go": 0.07379,
        "gp": 0.08778,
        "gq": 0.074705,
        "gr": 0.17772,
        "gs": 0.000279,
        "gt": 0.198813,
        "gu": 0.192089,
        "gv": 0.229314,
        "gw": 0.18707,
        "gx": 0.216629,
        "gy": 0.317998,
        "gz": 0.110791,
        "ha": 0.175334,
        "hb": 0.120004,
        "hc": 0.145168,
        "hd": 0.192476,
        "he": 0.264448,
        "hf": 0.148916,
        "hg": 0.084385,
        "hh": 0.210105,
        "hi": 0.162796,
        "hj": 0.206394,
        "hk": 0.100318,
        "hl": 0.128313,
        "hm": 0.22096,
        "hn": 0.198092,
        "ho": 0.32,
        "hp": 0.32,
        "hq": 0.122509,
        "hr": 0.209702,
        "hs": 0.060349,
        "ht": 0.112873,
        "hu": 0.153229,
        "hv": 0.025257,
        "hw": 0.171943,
        "hx": 0.150352,
        "hy": 0.137903,
        "hz": 0.194629,
        "ia": 0.201002,
        "ib": 0.181279,
        "ic": 0.164344,
        "id": 0.130023,
        "ie": 0.057028,
        "if": 0.218688,
        "ig": 0.13752,
        "ih": 0.124772,
        "ii": 0.059013,
        "ij": 0.096504,
        "ik": 0.161781,
        "il": 0.105815,
        "im": 0.196803,
        "in": 0.153665,
        "io": 0.103273,
        "ip": 0.101026,
        "iq": 0.099701,
        "ir": 0.234061,
        "is": 0.110045,
        "it": 0.223171,
        "iu": 0.05274,
        "iv": 0.098029,
        "iw": 0.32,
        "ix": 0.098657,
        "iy": 0.314863,
        "iz": 0.272858,
        "ja": 0.146382,
        "jb": 0.120099,
        "jc": 0.075865,
        "jd": 0.165984,
        "je": 0.162148,
        "jf": 0.13987,
        "jg": 0.151352,
        "jh": 0.139317,
        "ji": 0.077228,
        "jj": 0.143409,
        "jk": 0.072568,
        "jl": 0.18848,
        "jm": 0.213368,
        "jn": 0.119222,
        "jo": 0.077812,
        "jp": 0.174583,
        "jq": 0.033605,
        "jr": 0.116454,
        "js": 0.32,
        "jt": 0.224497,
        "ju": 0.259617,
        "jv": 0.247383,
        "jw": 0.32,
        "jx": 0.150974,
        "jy": 0.067487,
        "jz": 0.091224,
        "ka": 0.079772,
        "kb": 0.173335,
        "kc": 0.173576,
        "kd": 0.113934,
        "ke": 0.065286,
        "kf": 0.20597,
        "kg": 0.108619,
        "kh": 0.240388,
        "ki": 0.125085,
        "kj": 0.32,
        "kk": 0.243409,
        "kl": 0.309814,
        "km": 0.126778,
        "kn": 0.003287,
        "ko": 0.229638,
        "kp": 0.128693,
        "kq": 0.195227,
        "kr": 0.256406,
        "ks": 0.189949,
        "kt": 0.114724,
        "ku": 0.129275,
        "kv": 0.076165,
        "kw": 0.189496,
        "kx": 0.239858,
        "ky": 0.285196,
        "kz": 0.12973,
        "la": 0.121222,
        "lb": 0.141238,
        "lc": 0.100985,
        "ld": 0.27334,
        "le": 0.130163,
        "lf": 0.221947,
        "lg": 0.170008,
        "lh": 0.202005,
        "li": 0.15977,
        "lj": 0.312351,
        "lk": 0.200934,
        "ll": 0.237593,
        "lm": 0.270695,
        "ln": 0.241298,
        "lo": 0.092576,
        "lp": 0.137488,
        "lq": 0.192934,
        "lr": 0.236885,
        "ls": 0.202967,
        "lt": 0.199269,
        "lu": 0.235904,
        "lv": 0.215852,
        "lw": 0.124705,
        "lx": 0.031704,
        "ly": 0.188338,
        "lz": 0.232101,
        "ma": 0.158264,
        "mb": 0.108222,
        "mc": 0.22404,
        "md": 0.166123,
        "me": 0.186425,
        "mf": 0.231824,
        "mg": 0.009089,
        "mh": 0.179606,
        "mi": 0.160943,
        "mj": 0.13796,
        "mk": 0.136772,
        "ml": 0.150769,
        "mm": 0.075473,
        "mn": 0.087722,
        "mo": 0.079256,
        "mp": 0.287752,
        "mq": 0.087457,
        "mr": 0.091714,
        "ms": 0.300056,
        "mt": 0.033123,
        "mu": 0.199173,
        "mv": 0.073198,
        "mw": 0.289036,
        "mx": 0.15206,
        "my": 0.182501,
        "mz": 0.158313,
        "na": 0.175207,
        "nb": 0.110548,
        "nc": 0.154624,
        "nd": 0.138541,
        "ne": 0.124322,
        "nf": 0.13387,
        "ng": 0.153787,
        "nh": 0.250306,
        "ni": 0.100106,
        "nj": 0.268438,
        "nk": 0.070952,
        "nl": 0.148177,
        "nm": 0.073171,
        "nn": 0.13764,
        "no": 0.140183,
        "np": 0.196972,
        "nq": 0.192594,
        "nr": 0.32,
        "ns": 0.054799,
        "nt": 0.287717,
        "nu": 0.193012,
        "nv": 0.171177,
        "nw": 0.13166,
        "nx": 0.196335,
        "ny": 0.175701,
        "nz": 0.229445,
        "oa": 0.185386,
        "ob": 0.140234,
        "oc": 0.236827,
        "od": 0.081291,
        "oe": 0.229123,
        "of": 0.247272,
        "og": 0.117482,
        "oh": 0.054274,
        "oi": 0.170356,
        "oj": 0.274316,
        "ok": 0.189074,
        "ol": 0.176944,
        "om": 0.174412,
        "on": 0.184836,
        "oo": 0.189626,
        "op": 0.18924,
        "oq": 0.272919,
        "or": 0.097466,
        "os": 0.182475,
        "ot": 0.076619,
        "ou": 0.294555,
        "ov": 0.230567,
        "ow": 0.286008,
        "ox": 0.101235,
        "oy": 0.253355,
        "oz": 0.289065,
        "pa": 0.225503,
        "pb": 0.229837,
        "pc": 0.189119,
        "pd": 0.101233,
        "pe": 0.29495,
        "pf": 0.129259,
        "pg": 0.119902,
        "ph": 0.141153,
        "pi": 0.110137,
        "pj": 0.149193,
        "pk": 0.121389,
        "pl": 0.154842,
        "pm": 0.32,
        "pn": 0.28825,
        "po": 0.201386,
        "pp": 0.216576,
        "pq": 0.11838,
        "pr": 0.129305,
        "ps": 0.184347,
        "pt": 0.273828,
        "pu": 0.098407,
        "pv": 0.03928,
        "pw": 0.199423,
        "px": 0.156782,
        "py": 0.16924,
        "pz": 0.038043,
        "qa": 0.07605,
        "qb": 0.213994,
        "qc": 0.098276,
        "qd": 0.171521,
        "qe": 0.100112,
        "qf": 0.128188,
        "qg": 0.168703,
        "qh": 0.143267,
        "qi": 0.268028,
        "qj": 0.077522,
        "qk": 0.090963,
        "ql": 0.184416,
        "qm": 0.208607,
        "qn": 0.014313,
        "qo": 0.178797,
        "qp": 0.120001,
        "qq": 0.104045,
        "qr": 0.057056,
        "qs": 0.152852,
        "qt": 0.190291,
        "qu": 0.103827,
        "qv": 0.042244,
        "qw": 0.18674,
        "qx": 0.091169,
        "qy": 0.239626,
        "qz": 0.087305,
        "ra": 0.224485,
        "rb": 0.111395,
        "rc": 0.20478,
        "rd": 0.204163,
        "re": 0.063546,
        "rf": 0.031791,
        "rg": 0.216036,
        "rh": 0.267262,
        "ri": 0.172715,
        "rj": 0.32,
        "rk": 0.136154,
        "rl": 0.102268,
        "rm": 0.189921,
        "rn": 0.114465,
        "ro": 0.22298,
        "rp": 0.277483,
        "rq": 0.156228,
        "rr": 0.166069,
        "rs": 0.290567,
        "rt": 0.078646,
        "ru": 0.199559,
        "rv": 0.122994,
        "rw": 0.091098,
        "rx": 0.199283,
        "ry": 0.263165,
        "rz": 0.172686,
        "sa": 0.203022,
        "sb": 0.183062,
        "sc": 0.25084,
        "sd": 0.119262,
        "se": 0.210605,
        "sf": 0.145898,
        "sg": 0.170985,
        "sh": 0.101941,
        "si": 0.049044,
        "sj": 0.007534,
        "sk": 0.034324,
        "sl": 0.153656,
        "sm": 0.14553,
        "sn": 0.307664,
        "so": 0.151301,
        "sp": 0.202891,
        "sq": 0.125332,
        "sr": 0.109365,
        "ss": 0.157193,
        "st": 0.176001,
        "su": 0.113,
        "sv": 0.005614,
        "sw": 0.162387,
        "sx": 0.213454,
        "sy": 0.096103,
        "sz": 0.188046,
        "ta": 0.171915,
        "tb": 0.258973,
        "tc": 0.135516,
        "td": 0.107049,
        "te": 0.046677,
        "tf": 0.083428,
        "tg": 0.252556,
        "th": 0.099992,
        "ti": 0.133571,
        "tj": 0.14601,
        "tk": 0.051967,
        "tl": 0.178456,
        "tm": 0.135482,
        "tn": 0.151521,
        "to": 0.070832,
        "tp": 0.049243,
        "tq": 0.32,
        "tr": 0.263984,
        "ts": 0.198597,
        "tt": 0.212457,
        "tu": 0.256041,
        "tv": 0.205806,
        "tw": 0.152297,
        "tx": 0.080702,
        "ty": 0.204224,
        "tz": 0.130506,
        "ua": 0.104241,
        "ub": 0.155045,
        "uc": 0.119956,
        "ud": 0.220253,
        "ue": 0.253026,
        "uf": 0.225056,
        "ug": 0.162877,
        "uh": 0.067519,
        "ui": 0.176667,
        "uj": 0.114302,
        "uk": 0.108831,
        "ul": 0.174388,
        "um": 0.164692,
        "un": 0.1239,
        "uo": 0.187546,
        "up": 0.190286,
        "uq": 0.248869,
        "ur": 0.138489,
        "us": 0.055883,
        "ut": 0.189643,
        "uu": 0.076733,
        "uv": 0.176095,
        "uw": 0.200017,
        "ux": 0.171991,
        "uy": 0.215139,
        "uz": 0.11927,
        "va": 0.256323,
        "vb": 0.064054,
        "vc": 0.217928,
        "vd": 0.136905,
        "ve": 0.199597,
        "vf": 0.32,
        "vg": 0.046781,
        "vh": 0.141698,
        "vi": 0.069776,
        "vj": 0.004341,
        "vk": 0.235961,
        "vl": 0.10787,
        "vm": 0.126137,
        "vn": 0.190648,
        "vo": 0.257838,
        "vp": 0.091134,
        "vq": 0.162974,
        "vr": 0.238744,
        "vs": 0.232642,
        "vt": 0.117961,
        "vu": 0.127654,
        "vv": 0.111375,
        "vw": 0.250515,
        "vx": 0.104906,
        "vy": 0.159584,
        "vz": 0.113217,
        "wa": 0.055349,
        "wb": 0.230331,
        "wc": 0.040795,
        "wd": 0.29448,
        "we": 0.196925,
        "wf": 0.129154,
        "wg": 0.274992,
        "wh": 0.239714,
        "wi": 0.216735,
        "wj": 0.194188,
        "wk": 0.198918,
        "wl": 0.004996,
        "wm": 0.199421,
        "wn": 0.23659,
        "wo": 0.233176,
        "wp": 0.101391,
        "wq": 0.186709,
        "wr": 0.149541,
        "ws": 0.187797,
        "wt": 0.187881,
        "wu": 0.246725,
        "wv": 0.030178,
        "ww": 0.278779,
        "wx": 0.116211,
        "wy": 0.175031,
        "wz": 0.192476,
        "xa": 0.215341,
        "xb": 0.152657,
        "xc": 0.175851,
        "xd": 0.204226,
        "xe": 0.068059,
        "xf": 0.224937,
        "xg": 0.284744,
        "xh": 0.236714,
        "xi": 0.177818,
        "xj": 0.20573,
        "xk": 0.051993,
        "xl": 0.203886,
        "xm": 0.163058,
        "xn": 0.239343,
        "xo": 0.218011,
        "xp": 0.266888,
        "xq": 0.106662,
        "xr": 0.112223,
        "xs": 0.267743,
        "xt": 0.107774,
        "xu": 0.168051,
        "xv": 0.272152,
        "xw": 0.310202,
        "xx": 0.212613,
        "xy": 0.262467,
        "xz": 0.253954,
        "ya": 0.01282,
        "yb": 0.221207,
        "yc": 0.259433,
        "yd": 0.246755,
        "ye": 0.0276,
        "yf": 0.204694,
        "yg": 0.184622,
        "yh": 0.151574,
        "yi": 0.286613,
        "yj": 0.130598,
        "yk": 0.109789,
        "yl": 0.241499,
        "ym": 0.102352,
        "yn": 0.097549,
        "yo": 0.289181,
        "yp": 0.074436,
        "yq": 0.15345,
        "yr": 0.078235,
        "ys": 0.14447,
        "yt": 0.1743,
        "yu": 0.167725,
        "yv": 0.253238,
        "yw": 0.171881,
        "yx": 0.076461,
        "yy": 0.17107,
        "yz": 0.130665,
        "za": 0.173166,
        "zb": 0.177473,
        "zc": 0.253751,
        "zd": 0.039883,
        "ze": 0.192902,
        "zf": 0.200806,
        "zg": 0.053245,
        "zh": 0.16189,
        "zi": 0.246347,
        "zj": 0.149678,
        "zk": 0.098226,
        "zl": 0.225979,
        "zm": 0.214571,
        "zn": 0.21945,
        "zo": 0.236812,
        "zp": 0.253447,
        "zq": 0.250661,
        "zr": 0.157317,
        "zs": 0.161159,
        "zt": 0.09935,
        "zu": 0.067875,
        "zv": 0.152095,
        "zw": 0.221329,
        "zx": 0.140204,
        "zy": 0.117255,
        "zz": 0.24154,
        "aaa": 0.32,
        "aab": 0.243431,
        "aac": 0.220521,
        "aad": 0.198118,
        "aae": 0.24819,
        "aaf": 0.150256,
        "aag": 0.145841,
        "aah": 0.121643,
        "aai": 0.133346,
        "aaj": 0.288949,
        "aak": 0.219695,
        "aal": 0.102777,
        "aam": 0.265952,
        "aan": 0.114487,
        "aao": 0.156544,
        "aap": 0.144339,
        "aaq": 0.20865,
        "aar": 0.252886,
        "aas": 0.059782,
        "aat": 0.107251,
        "aau": 0.289478,
        "aav": 0.017283,
        "aaw": 0.07143,
        "aax": 0.097737,
        "aay": 0.117,
        "aaz": 0.171278,
        "aba": 0.199677,
        "abb": 0.175599,
        "abc": 0.144703,
        "abd": 0.198041,
        "abe": 0.178228,
        "abf": 0.049727,
        "abg": 0.125271,
        "abh": 0.025447,
        "abi": 0.148687,
        "abj": 0.315383,
        "abk": 0.150458,
        "abl": 0.32,
        "abm": 0.160736,
        "abn": 0.261547,
        "abo": 0.17383,
        "abp": 0.167552,
        "abq": 0.038146,
        "abr": 0.187532,
        "abs": 0.154898,
        "abt": 0.194574,
        "abu": 0.290431,
        "abv": 0.036562,
        "abw": 0.104791,
        "abx": 0.014945,
        "aby": 0.159715,
        "abz": 0.238472,
        "aca": 0.291132,
        "acb": 0.207402,
        "acc": 0.164801,
        "acd": 0.18331,
        "ace": 0.075028,
        "acf": 0.218691,
        "acg": 0.275587,
        "ach": 0.173574,
        "aci": 0.32,
        "acj": 0.0284,
        "ack": 0.085774,
        "acl": 0.105207,
        "acm": 0.144871,
        "acn": 0.309342,
        "aco": 0.021461,
        "acp": 0.184565,
        "acq": 0.162152,
        "acr": 0.207525,
        "acs": 0.243292,
        "act": 0.136065,
        "acu": 0.075184,
        "acv": 0.206298,
        "acw": 0.211524,
        "acx": 0.165933,
        "acy": 0.153275,
        "acz": 0.120407,
        "ada": 0.18424,
        "adb": 0.122806,
        "adc": 0.11897,
        "add": 0.253041,
        "ade": 0.150644,
        "adf": 0.068855,
        "adg": 0.156243,
        "adh": 0.162704,
        "adi": 0.079163,
        "adj": 0.138183,
        "adk": 0.20251,
        "adl": 0.28607,
        "adm": 0.027815,
        "adn": 0.10847,
        "ado": 0.062375,
        "adp": 0.088221,
        "adq": 0.132282,
        "adr": 0.220369,
        "ads": 0.156638,
        "adt": 0.216022,
        "adu": 0.076918,
        "adv": 0.226261,
        "adw": 0.32,
        "adx": 0.105627,
        "ady": 0.102804,
        "adz": 0.117669,
        "aea": 0.116705,
        "aeb": 0.194123,
        "aec": 0.036898,
        "aed": 0.127556,
        "aee": 0.154002,
        "aef": 0.199276,
        "aeg": 0.115195,
        "aeh": 0.154316,
        "aei": 0.06223,
        "aej": 0.01079,
        "aek": 0.161108,
        "ael": 0.269056,
        "aem": 0.016934,
        "aen": 0.088721,
        "aeo": 0.14013,
        "aep": 0.209028,
        "aeq": 0.058983,
        "aer": 0.133397,
        "aes": 0.070262,
        "aet": 0.259646,
        "aeu": 0.100768,
        "aev": 0.120277,
        "aew": 0.249986,
        "aex": 0.172629,
        "aey": 0.138757,
        "aez": 0.11694,
        "afa": 0.043742,
        "afb": 0.283976,
        "afc": 0.197301,
        "afd": 0.121908,
        "afe": 0.137827,
        "aff": 0.265947,
        "afg": 0.209547,
        "afh": 0.043001,
        "afi": 0.070761,
        "afj": 0.18051,
        "afk": 0.192582,
        "afl": 0.184435,
        "afm": 0.01226,
        "afn": 0.165993,
        "afo": 0.153749,
        "afp": 0.150233,
        "afq": 0.140746,
        "afr": 0.06432,
        "afs": 0.06472,
        "aft": 0.125854,
        "afu": 0.187078,
        "afv": 0.060174,
        "afw": 0.013043,
        "afx": 0.306072,
        "afy": 0.270249,
        "afz": 0.3039,
        "aga": 0.209287,
        "agb": 0.177544,
        "agc": 0.190175,
        "agd": 0.117305,
        "age": 0.029934,
        "agf": 0.139356,
        "agg": 0.235923,
        "agh": 0.101544,
        "agi": 0.136857,
        "agj": 0.155906,
        "agk": 0.13989,
        "agl": 0.124809,
        "agm": 0.203925,
        "agn": 0.103018,
        "ago": 0.245449,
        "agp": 0.102644,
        "agq": 0.0854,
        "agr": 0.069572,
        "ags": 0.026809,
        "agt": 0.241666,
        "agu": 0.060959,
        "agv": 0.180248,
        "agw": 0.132813,
        "agx": 0.154981,
        "agy": 0.11702,
        "agz": 0.259336,
        "aha": 0.172945,
        "ahb": 0.220342,
        "ahc": 0.065355,
        "ahd": 0.140372,
        "ahe": 0.209436,
        "ahf": 0.110828,
        "ahg": 0.21316,
        "ahh": 0.059812,
        "ahi": 0.149277,
        "ahj": 0.00334,
        "ahk": 0.209801,
        "ahl": 0.122475,
        "ahm": 0.19467,
        "ahn": 0.267418,
        "aho": 0.115219,
        "ahp": 0.094124,
        "ahq": 0.155786,
        "ahr": 0.258911,
        "ahs": 0.171024,
        "aht": 0.20525,
        "ahu": 0.159919,
        "ahv": 0.132727,
        "ahw": 0.203631,
        "ahx": 0.119052,
        "ahy": 0.100049,
        "ahz": 0.25568,
        "aia": 0.32,
        "aib": 0.22284,
        "aic": 0.285092,
        "aid": 0.129137,
        "aie": 0.185812,
        "aif": 0.160413,
        "aig": 0.195621,
        "aih": 0.208325,
        "aii": 0.250693,
        "aij": 0.24604,
        "aik": 0.143579,
        "ail": 0.107751,
        "aim": 0.071225,
        "ain": 0.145894,
        "aio": 0.186785,
        "aip": 0.114419,
        "aiq": 0.189111,
        "air": 0.041922,
        "ais": 0.18517,
        "ait": 0.290838,
        "aiu": 0.141334,
        "aiv": 0.289429,
        "aiw": 0.169833,
        "aix": 0.303454,
        "aiy": 0.246635,
        "aiz": 0.152843,
        "aja": 0.222775,
        "ajb": 0.026793,
        "ajc": 0.211197,
        "ajd": 0.083177,
        "aje": 0.19549,
        "ajf": 0.09062,
        "ajg": 0.004257,
        "ajh": 0.079511,
        "aji": 0.126242,
        "ajj": 0.32,
        "ajk": 0.144405,
        "ajl": 0.215309,
        "ajm": 0.32,
        "ajn": 0.199623,
        "ajo": 0.136282,
        "ajp": 0.105181,
        "ajq": 0.32,
        "ajr": 0.045349,
        "ajs": 0.185669,
        "ajt": 0.187339,
        "aju": 0.005469,
        "ajv": 0.04447,
        "ajw": 0.145107,
        "ajx": 0.143349,
        "ajy": 0.241315,
        "ajz": 0.128518,
        "aka": 0.307302,
        "akb": 0.169026,
        "akc": 0.121803,
        "akd": 0.233901,
        "ake": 0.253697,
        "akf": 0.097716,
        "akg": 0.255634,
        "akh": 0.11915,
        "aki": 0.186476,
        "akj": 0.155867,
        "akk": 0.245228,
        "akl": 0.136699,
        "akm": 0.050944,
        "akn": 0.172369,
        "ako": 0.074418,
        "akp": 0.173674,
        "akq": 0.148282,
        "akr": 0.102123,
        "aks": 0.143567,
        "akt": 0.078168,
        "aku": 0.213505,
        "akv": 0.165975,
        "akw": 0.26317,
        "akx": 0.261929,
        "aky": 0.197948,
        "akz": 0.08977,
        "ala": 0.200848,
        "alb": 0.089767,
        "alc": 0.127328,
        "ald": 0.138578,
        "ale": 0.163163,
        "alf": 0.00247,
        "alg": 0.225513,
        "alh": 0.150195,
        "ali": 0.082472,
        "alj": 0.216026,
        "alk": 0.089613,
        "all": 0.193265
    },
    "persisting": {
        "FBZ_0134.NEF": {
            "spread": "i",
            "cluster_size": 32
        }
    }
}
