{
    "nodes_uptime": {
        "a": 0.776982,
        "b": 0.801459,
        "c": 0.812315,
        "d": 0.821073,
        "e": 0.751526,
        "f": 0.788931,
        "g": 0.854844,
        "h": 0.90734,
        "i": 0.821218,
        "j": 0.778565,
        "k": 0.673936,
        "l": 0.767611,
        "m": 0.761159,
        "n": 0.811358,
        "o": 0.70257,
        "p": 0.916516,
        "q": 0.726393,
        "r": 0.918689,
        "s": 0.823902,
        "t": 0.719545,
        "u": 0.676022,
        "v": 0.837201,
        "w": 0.709573,
        "x": 0.804681,
        "y": 0.642861,
        "z": 0.746667,
        "aa": 0.871891,
        "ab": 0.831678,
        "ac": 0.87958,
        "ad": 0.691757,
        "ae": 0.760776,
        "af": 0.805993,
        "ag": 0.897492,
        "ah": 0.734158,
        "ai": 0.839919,
        "aj": 0.772593,
        "ak": 0.708637,
        "al": 0.802629,
        "am": 0.839115,
        "an": 0.816526,
        "ao": 0.949476,
        "ap": 0.757753,
        "aq": 0.746802,
        "ar": 0.813901,
        "as": 0.844635,
        "at": 0.729351,
        "au": 0.78088,
        "av": 0.865361,
        "aw": 0.670317,
        "ax": 0.836002,
        "ay": 0.85577,
        "az": 0.657444,
        "ba": 0.953854,
        "bb": 0.850994,
        "bc": 0.794927,
        "bd": 0.844286,
        "be": 0.861181,
        "bf": 0.886134,
        "bg": 0.868068,
        "bh": 0.800846,
        "bi": 0.830196,
        "bj": 0.755112,
        "bk": 0.880548,
        "bl": 0.745306,
        "bm": 0.835675,
        "bn": 0.794457,
        "bo": 0.783396,
        "bp": 0.830614,
        "bq": 0.792568,
        "br": 0.857124,
        "bs": 0.81682,
        "bt": 0.797941,
        "bu": 0.727685,
        "bv": 0.808065,
        "bw": 0.730359,
        "bx": 0.64,
        "by": 0.774576,
        "bz": 0.673456,
        "ca": 0.761253,
        "cb": 0.814956,
        "cc": 0.919098,
        "cd": 0.848423,
        "ce": 0.939699,
        "cf": 0.719754,
        "cg": 0.831829,
        "ch": 0.777134,
        "ci": 0.668254,
        "cj": 0.794913,
        "ck": 0.64,
        "cl": 0.770014,
        "cm": 0.778618,
        "cn": 0.793281,
        "co": 0.863472,
        "cp": 0.900835,
        "cq": 0.803294,
        "cr": 0.867111,
        "cs": 0.771655,
        "ct": 0.83381,
        "cu": 0.717042,
        "cv": 0.700173,
        "cw": 0.903665,
        "cx": 0.764134,
        "cy": 0.897635,
        "cz": 0.776721,
        "da": 0.819043,
        "db": 0.832926,
        "dc": 0.775739,
        "dd": 0.832915,
        "de": 0.936245,
        "df": 0.760759,
        "dg": 0.917928,
        "dh": 0.936793,
        "di": 0.755614,
        "dj": 0.911316,
        "dk": 0.810655,
        "dl": 0.682178,
        "dm": 0.848935,
        "dn": 0.788553,
        "do": 0.77264,
        "dp": 0.794983,
        "dq": 0.822244,
        "dr": 1.0,
        "ds": 0.757327,
        "dt": 0.711533,
        "du": 0.793004,
        "dv": 0.85645,
        "dw": 0.907071,
        "dx": 0.780442,
        "dy": 0.827192,
        "dz": 0.789448,
        "ea": 0.825651,
        "eb": 0.798588,
        "ec": 0.764435,
        "ed": 0.782341,
        "ee": 0.769209,
        "ef": 0.771192,
        "eg": 0.667491,
        "eh": 0.76307,
        "ei": 0.794612,
        "ej": 0.832428,
        "ek": 0.795965,
        "el": 0.684586,
        "em": 0.78686,
        "en": 0.765805,
        "eo": 0.915287,
        "ep": 0.791321,
        "eq": 0.784116,
        "er": 0.755207,
        "es": 0.855728,
        "et": 0.904409,
        "eu": 0.751303,
        "ev": 0.957254,
        "ew": 0.809026,
        "ex": 0.672831,
        "ey": 0.810065,
        "ez": 0.834413,
        "fa": 0.940416,
        "fb": 0.732232,
        "fc": 0.793955,
        "fd": 0.896497,
        "fe": 0.711221,
        "ff": 0.759625,
        "fg": 0.942013,
        "fh": 0.905119,
        "fi": 0.893526,
        "fj": 0.789711,
        "fk": 0.783578,
        "fl": 0.760577,
        "fm": 0.883379,
        "fn": 0.788516,
        "fo": 0.853413,
        "fp": 0.822352,
        "fq": 0.753804,
        "fr": 0.848885,
        "fs": 0.885983,
        "ft": 0.790092,
        "fu": 0.808613,
        "fv": 0.862775,
        "fw": 0.801754,
        "fx": 0.832956,
        "fy": 0.764478,
        "fz": 0.698185,
        "ga": 0.715951,
        "gb": 0.70141,
        "gc": 0.912264,
        "gd": 0.762841,
        "ge": 0.814723,
        "gf": 0.78044,
        "gg": 0.714239,
        "gh": 0.883298,
        "gi": 0.747804,
        "gj": 0.766218,
        "gk": 0.82296,
        "gl": 0.823303,
        "gm": 0.777644,
        "gn": 0.772539,
        "go": 0.912574,
        "gp": 0.869083,
        "gq": 0.909693,
        "gr": 0.803082,
        "gs": 0.818099,
        "gt": 0.859934,
        "gu": 0.795552,
        "gv": 0.64,
        "gw": 0.868038,
        "gx": 0.711962,
        "gy": 0.64,
        "gz": 0.754263,
        "ha": 0.664091,
        "hb": 0.949043,
        "hc": 0.775867,
        "hd": 0.888977,
        "he": 0.842529,
        "hf": 0.915716,
        "hg": 0.795948,
        "hh": 0.753465,
        "hi": 0.690634,
        "hj": 0.816306,
        "hk": 0.824907,
        "hl": 0.81197,
        "hm": 0.805167,
        "hn": 0.896592,
        "ho": 0.834776,
        "hp": 0.64,
        "hq": 0.824544,
        "hr": 0.68246,
        "hs": 0.869225,
        "ht": 0.844834,
        "hu": 0.764939,
        "hv": 0.796984,
        "hw": 0.895372,
        "hx": 0.823658,
        "hy": 0.688424,
        "hz": 0.726408,
        "ia": 0.808956,
        "ib": 0.848055,
        "ic": 0.846915,
        "id": 0.871204,
        "ie": 0.788128,
        "if": 0.814679,
        "ig": 0.837547,
        "ih": 0.901936,
        "ii": 0.894881,
        "ij": 0.737588,
        "ik": 0.861149,
        "il": 0.825277,
        "im": 0.849341,
        "in": 0.803009,
        "io": 0.656689,
        "ip": 0.763185,
        "iq": 0.870912,
        "ir": 0.744606,
        "is": 0.845773,
        "it": 0.833294,
        "iu": 0.753117,
        "iv": 0.84667,
        "iw": 0.880681,
        "ix": 0.83958,
        "iy": 0.893928,
        "iz": 0.863981,
        "ja": 0.807196,
        "jb": 0.773845,
        "jc": 0.799872,
        "jd": 0.736252,
        "je": 0.738325,
        "jf": 0.803835,
        "jg": 0.881148,
        "jh": 0.667382,
        "ji": 0.790254,
        "jj": 0.827353,
        "jk": 0.759597,
        "jl": 0.904053,
        "jm": 0.778444,
        "jn": 0.658676,
        "jo": 0.754667,
        "jp": 0.849813,
        "jq": 0.751155,
        "jr": 0.826547,
        "js": 0.659555,
        "jt": 0.700809,
        "ju": 0.760562,
        "jv": 0.759486,
        "jw": 0.648184,
        "jx": 0.902609,
        "jy": 0.826318,
        "jz": 0.728105,
        "ka": 0.906015,
        "kb": 0.747765,
        "kc": 0.897171,
        "kd": 0.847032,
        "ke": 0.706533,
        "kf": 0.919398,
        "kg": 0.813755,
        "kh": 0.662133,
        "ki": 0.755221,
        "kj": 0.836632,
        "kk": 0.830218,
        "kl": 0.827485,
        "km": 0.838839,
        "kn": 0.772017,
        "ko": 0.784162,
        "kp": 0.772663,
        "kq": 0.708461,
        "kr": 0.845023,
        "ks": 0.733422,
        "kt": 0.770839,
        "ku": 0.763404,
        "kv": 0.850515,
        "kw": 0.864135,
        "kx": 0.833653,
        "ky": 0.75293,
        "kz": 0.766913,
        "la": 0.752384,
        "lb": 0.809892,
        "lc": 0.840495,
        "ld": 0.733228,
        "le": 0.826167,
        "lf": 0.656672,
        "lg": 0.844567,
        "lh": 0.883963,
        "li": 0.789131,
        "lj": 0.744599,
        "lk": 0.884678,
        "ll": 0.771479,
        "lm": 0.841745,
        "ln": 0.858312,
        "lo": 0.719291,
        "lp": 0.807297,
        "lq": 0.889501,
        "lr": 0.928297,
        "ls": 0.878777,
        "lt": 0.851517,
        "lu": 0.734835,
        "lv": 0.880042,
        "lw": 0.797758,
        "lx": 0.897474,
        "ly": 0.692874,
        "lz": 0.777808,
        "ma": 0.736987,
        "mb": 0.764948,
        "mc": 0.763556,
        "md": 0.836596,
        "me": 0.943322,
        "mf": 0.743978,
        "mg": 0.673089,
        "mh": 0.929198,
        "mi": 0.752784,
        "mj": 0.762299,
        "mk": 0.838392,
        "ml": 0.867114,
        "mm": 0.819021,
        "mn": 0.754062,
        "mo": 0.655454,
        "mp": 0.859067,
        "mq": 0.928172,
        "mr": 0.859635,
        "ms": 0.997723,
        "mt": 0.694306,
        "mu": 0.822263,
        "mv": 0.705525,
        "mw": 0.723845,
        "mx": 0.73009,
        "my": 0.765657,
        "mz": 0.910428,
        "na": 0.826093,
        "nb": 0.799352,
        "nc": 0.732944,
        "nd": 0.919852,
        "ne": 0.793442,
        "nf": 0.872421,
        "ng": 0.724269,
        "nh": 0.691806,
        "ni": 0.755758,
        "nj": 0.888192,
        "nk": 0.759507,
        "nl": 0.751813,
        "nm": 0.982201,
        "nn": 0.818416,
        "no": 0.766254,
        "np": 0.883507,
        "nq": 0.84973,
        "nr": 0.775675,
        "ns": 0.784525,
        "nt": 0.810487,
        "nu": 0.806119,
        "nv": 0.736322,
        "nw": 0.747727,
        "nx": 0.746818,
        "ny": 0.893679,
        "nz": 0.809263,
        "oa": 0.758204,
        "ob": 0.891677,
        "oc": 0.886097,
        "od": 0.768937,
        "oe": 0.64,
        "of": 0.88475,
        "og": 0.649459,
        "oh": 0.729584,
        "oi": 0.718313,
        "oj": 0.818694,
        "ok": 0.87479,
        "ol": 0.754457,
        "om": 0.840779,
        "on": 0.753506,
        "oo": 0.869131,
        "op": 0.731062,
        "oq": 0.859873,
        "or": 0.797769,
        "os": 0.784749,
        "ot": 0.776201,
        "ou": 0.663342,
        "ov": 0.899641,
        "ow": 0.77514,
        "ox": 0.659096,
        "oy": 0.84853,
        "oz": 0.95039,
        "pa": 0.709293,
        "pb": 0.950986,
        "pc": 0.767128,
        "pd": 0.79755,
        "pe": 0.838994,
        "pf": 0.876406,
        "pg": 0.831003,
        "ph": 0.827323,
        "pi": 0.851151,
        "pj": 0.67232,
        "pk": 0.842039,
        "pl": 0.868474,
        "pm": 0.760819,
        "pn": 0.797301,
        "po": 0.796917,
        "pp": 0.644984,
        "pq": 0.647281,
        "pr": 0.826682,
        "ps": 0.757902,
        "pt": 0.790318,
        "pu": 0.668339,
        "pv": 0.904469,
        "pw": 0.710835,
        "px": 0.748292,
        "py": 0.741018,
        "pz": 0.741061,
        "qa": 0.714243,
        "qb": 0.757821,
        "qc": 0.712537,
        "qd": 0.882803,
        "qe": 0.770202,
        "qf": 0.758844,
        "qg": 0.716491,
        "qh": 0.69441,
        "qi": 0.808623,
        "qj": 0.936395,
        "qk": 0.867285,
        "ql": 0.805422,
        "qm": 0.735344,
        "qn": 0.848936,
        "qo": 0.761495,
        "qp": 0.653859,
        "qq": 0.686091,
        "qr": 0.901872,
        "qs": 0.64,
        "qt": 0.743071,
        "qu": 0.903358,
        "qv": 0.91132,
        "qw": 0.863797,
        "qx": 0.811146,
        "qy": 0.881029,
        "qz": 0.690922,
        "ra": 0.655575,
        "rb": 0.74834,
        "rc": 0.767649,
        "rd": 0.798415,
        "re": 0.724942,
        "rf": 0.67764,
        "rg": 0.785481,
        "rh": 0.82206,
        "ri": 0.644514,
        "rj": 0.838517,
        "rk": 0.898188,
        "rl": 0.704268,
        "rm": 0.744415,
        "rn": 0.867753,
        "ro": 0.761529,
        "rp": 0.833107,
        "rq": 0.833822,
        "rr": 0.845299,
        "rs": 0.778143,
        "rt": 0.8383,
        "ru": 0.731555,
        "rv": 0.699629,
        "rw": 0.861543,
        "rx": 0.740958,
        "ry": 0.64,
        "rz": 0.89643,
        "sa": 0.811886,
        "sb": 0.777744,
        "sc": 0.695583,
        "sd": 0.869293,
        "se": 0.907003,
        "sf": 0.847921,
        "sg": 0.809222,
        "sh": 0.873211,
        "si": 0.76747,
        "sj": 0.715177,
        "sk": 1.0,
        "sl": 0.754967,
        "sm": 0.820119,
        "sn": 0.941555,
        "so": 0.929916,
        "sp": 0.803788,
        "sq": 0.851481,
        "sr": 0.810133,
        "ss": 0.857935,
        "st": 0.766124,
        "su": 0.875447,
        "sv": 0.779674,
        "sw": 0.842309,
        "sx": 0.668261,
        "sy": 0.846667,
        "sz": 0.8865,
        "ta": 0.773708,
        "tb": 0.901169,
        "tc": 0.689849,
        "td": 0.76656,
        "te": 0.662061,
        "tf": 0.767541,
        "tg": 0.797643,
        "th": 0.831883,
        "ti": 0.922079,
        "tj": 0.876496,
        "tk": 0.816957,
        "tl": 0.805727,
        "tm": 0.867388,
        "tn": 0.80181,
        "to": 0.881099,
        "tp": 0.896717,
        "tq": 0.828391,
        "tr": 0.773005,
        "ts": 0.884627,
        "tt": 0.852091,
        "tu": 0.678839,
        "tv": 0.870399,
        "tw": 0.859549,
        "tx": 0.768362,
        "ty": 0.828018,
        "tz": 0.829003,
        "ua": 0.903725,
        "ub": 0.857013,
        "uc": 0.792057,
        "ud": 0.921151,
        "ue": 0.787263,
        "uf": 0.715498,
        "ug": 0.815894,
        "uh": 0.827241,
        "ui": 0.782276,
        "uj": 0.676674,
        "uk": 0.833706,
        "ul": 0.820444,
        "um": 0.738664,
        "un": 0.8382,
        "uo": 0.64,
        "up": 0.860171,
        "uq": 0.954946,
        "ur": 0.687725,
        "us": 0.864,
        "ut": 0.804365,
        "uu": 0.702058,
        "uv": 0.858425,
        "uw": 0.768731,
        "ux": 0.783111,
        "uy": 0.922783,
        "uz": 0.859334,
        "va": 0.753818,
        "vb": 0.836366,
        "vc": 0.735975,
        "vd": 0.756052,
        "ve": 0.911544,
        "vf": 0.724843,
        "vg": 0.84969,
        "vh": 0.763634,
        "vi": 0.684964,
        "vj": 0.82484,
        "vk": 0.968239,
        "vl": 0.797373,
        "vm": 0.854959,
        "vn": 0.850899,
        "vo": 0.929601,
        "vp": 0.734821,
        "vq": 0.843457,
        "vr": 0.820549,
        "vs": 0.871071,
        "vt": 0.785451,
        "vu": 1.0,
        "vv": 0.811791,
        "vw": 0.681368,
        "vx": 0.770795,
        "vy": 0.987385,
        "vz": 0.730589,
        "wa": 0.860231,
        "wb": 0.774547,
        "wc": 0.717222,
        "wd": 0.804696,
        "we": 0.814871,
        "wf": 0.803303,
        "wg": 0.772895,
        "wh": 0.835933,
        "wi": 0.754641,
        "wj": 0.64,
        "wk": 0.756818,
        "wl": 0.713001,
        "wm": 0.841094,
        "wn": 0.886527,
        "wo": 0.798483,
        "wp": 0.876098,
        "wq": 0.668714,
        "wr": 0.64,
        "ws": 0.74143,
        "wt": 0.75124,
        "wu": 0.792169,
        "wv": 0.839556,
        "ww": 0.749815,
        "wx": 0.75521,
        "wy": 0.673567,
        "wz": 0.725776,
        "xa": 0.714165,
        "xb": 0.737272,
        "xc": 0.777292,
        "xd": 0.840971,
        "xe": 0.774797,
        "xf": 0.752925,
        "xg": 0.67316,
        "xh": 0.726214,
        "xi": 0.726319,
        "xj": 0.976475,
        "xk": 0.73278,
        "xl": 0.854107,
        "xm": 0.814055,
        "xn": 0.673018,
        "xo": 0.837636,
        "xp": 0.764777,
        "xq": 0.74603,
        "xr": 0.866923,
        "xs": 0.935353,
        "xt": 0.807552,
        "xu": 0.773387,
        "xv": 0.835057,
        "xw": 0.783181,
        "xx": 0.849951,
        "xy": 0.869855,
        "xz": 0.780822,
        "ya": 0.731224,
        "yb": 0.829093,
        "yc": 0.793173,
        "yd": 0.684379,
        "ye": 0.760335,
        "yf": 0.753435,
        "yg": 0.796113,
        "yh": 0.947978,
        "yi": 0.750983,
        "yj": 0.808679,
        "yk": 0.895979,
        "yl": 0.837594,
        "ym": 0.859889,
        "yn": 0.802714,
        "yo": 0.673736,
        "yp": 0.863408,
        "yq": 0.752544,
        "yr": 0.814558,
        "ys": 0.851034,
        "yt": 0.780145,
        "yu": 0.782268,
        "yv": 0.778347,
        "yw": 0.690314,
        "yx": 0.836102,
        "yy": 0.873734,
        "yz": 0.651198,
        "za": 0.790824,
        "zb": 0.704606,
        "zc": 0.714952,
        "zd": 0.658714,
        "ze": 0.778405,
        "zf": 0.744278,
        "zg": 0.797001,
        "zh": 0.821728,
        "zi": 0.920804,
        "zj": 0.829762,
        "zk": 0.777856,
        "zl": 0.768612,
        "zm": 0.773436,
        "zn": 0.693937,
        "zo": 0.772907,
        "zp": 0.848241,
        "zq": 0.808402,
        "zr": 0.777419,
        "zs": 0.723466,
        "zt": 0.83445,
        "zu": 0.943504,
        "zv": 0.738089,
        "zw": 0.913579,
        "zx": 0.757824,
        "zy": 0.700759,
        "zz": 0.87774,
        "aaa": 0.848375,
        "aab": 0.673726,
        "aac": 0.785527,
        "aad": 0.854001,
        "aae": 0.792761,
        "aaf": 0.959187,
        "aag": 0.830831,
        "aah": 0.785233,
        "aai": 0.80997,
        "aaj": 0.940014,
        "aak": 0.779882,
        "aal": 0.715029,
        "aam": 0.840648,
        "aan": 0.803249,
        "aao": 0.773024,
        "aap": 0.83634,
        "aaq": 0.684911,
        "aar": 0.722415,
        "aas": 0.699889,
        "aat": 0.764068,
        "aau": 0.753737,
        "aav": 0.794217,
        "aaw": 0.872135,
        "aax": 0.745487,
        "aay": 0.718624,
        "aaz": 0.82727,
        "aba": 0.869875,
        "abb": 0.863619,
        "abc": 0.80102,
        "abd": 0.811872,
        "abe": 0.737103,
        "abf": 0.69333,
        "abg": 0.775893,
        "abh": 0.703247,
        "abi": 0.840765,
        "abj": 0.72683,
        "abk": 0.794105,
        "abl": 0.699826,
        "abm": 0.806765,
        "abn": 0.824426,
        "abo": 0.808526,
        "abp": 0.880759,
        "abq": 0.906724,
        "abr": 0.763635,
        "abs": 0.768808,
        "abt": 0.847061,
        "abu": 0.83513,
        "abv": 0.805836,
        "abw": 0.753216,
        "abx": 0.956549,
        "aby": 0.858033,
        "abz": 0.878676,
        "aca": 0.754373,
        "acb": 0.815666,
        "acc": 0.781175,
        "acd": 0.855924,
        "ace": 0.781906,
        "acf": 0.864569,
        "acg": 0.845723,
        "ach": 0.926453,
        "aci": 0.899155,
        "acj": 0.89881,
        "ack": 0.965491,
        "acl": 0.73339,
        "acm": 0.749704,
        "acn": 0.702129,
        "aco": 0.739636,
        "acp": 0.915314,
        "acq": 0.780354,
        "acr": 0.785414,
        "acs": 0.895024,
        "act": 0.70302,
        "acu": 0.779523,
        "acv": 0.66651,
        "acw": 0.75231,
        "acx": 0.847429,
        "acy": 0.727112,
        "acz": 0.75954,
        "ada": 0.904319,
        "adb": 0.768607,
        "adc": 0.806125,
        "add": 0.872668,
        "ade": 0.832063,
        "adf": 0.719538,
        "adg": 0.799861,
        "adh": 0.759896,
        "adi": 0.791946,
        "adj": 0.784812,
        "adk": 0.831704,
        "adl": 0.857843,
        "adm": 0.863534,
        "adn": 0.856658,
        "ado": 0.767205,
        "adp": 0.857238,
        "adq": 0.71912,
        "adr": 0.836552,
        "ads": 0.823662,
        "adt": 0.762687,
        "adu": 0.806268,
        "adv": 0.86251,
        "adw": 0.844494,
        "adx": 0.860534,
        "ady": 0.855437,
        "adz": 0.684272,
        "aea": 0.757574,
        "aeb": 0.788711,
        "aec": 0.837412,
        "aed": 0.948142,
        "aee": 0.770677,
        "aef": 0.848986,
        "aeg": 0.926069,
        "aeh": 0.836506,
        "aei": 0.737767,
        "aej": 0.795277,
        "aek": 0.804465,
        "ael": 0.767847,
        "aem": 0.76048,
        "aen": 0.725792,
        "aeo": 0.722348,
        "aep": 0.642527,
        "aeq": 0.729654,
        "aer": 0.920065,
        "aes": 0.789057,
        "aet": 0.783802,
        "aeu": 0.641257,
        "aev": 0.778194,
        "aew": 0.825802,
        "aex": 0.808796,
        "aey": 0.706244,
        "aez": 0.735269,
        "afa": 0.729039,
        "afb": 0.757917,
        "afc": 0.761214,
        "afd": 0.720135,
        "afe": 0.729926,
        "aff": 0.777372,
        "afg": 0.710274,
        "afh": 0.660899,
        "afi": 0.875289,
        "afj": 0.678756,
        "afk": 0.892587,
        "afl": 0.783681,
        "afm": 0.841186,
        "afn": 0.775083,
        "afo": 0.892573,
        "afp": 0.802264,
        "afq": 0.772943,
        "afr": 0.77584,
        "afs": 0.897881,
        "aft": 0.760075,
        "afu": 0.769976,
        "afv": 0.718029,
        "afw": 0.866361,
        "afx": 0.800181,
        "afy": 0.720568,
        "afz": 0.75679,
        "aga": 0.874326,
        "agb": 0.665961,
        "agc": 0.844487,
        "agd": 0.720038,
        "age": 0.893957,
        "agf": 0.86762,
        "agg": 0.738358,
        "agh": 0.818909,
        "agi": 0.875226,
        "agj": 0.732091,
        "agk": 0.786531,
        "agl": 0.763682,
        "agm": 0.712399,
        "agn": 0.824921,
        "ago": 0.807199,
        "agp": 0.884541,
        "agq": 0.64,
        "agr": 0.866649,
        "ags": 0.949647,
        "agt": 0.889148,
        "agu": 0.711276,
        "agv": 0.881466,
        "agw": 0.730198,
        "agx": 0.722881,
        "agy": 0.841755,
        "agz": 0.861616,
        "aha": 0.750376,
        "ahb": 0.875381,
        "ahc": 0.750854,
        "ahd": 0.64,
        "ahe": 0.858171,
        "ahf": 0.64,
        "ahg": 0.919017,
        "ahh": 0.738622,
        "ahi": 0.719274,
        "ahj": 0.805867,
        "ahk": 0.76412,
        "ahl": 0.808968,
        "ahm": 0.860737,
        "ahn": 0.83513,
        "aho": 0.745354,
        "ahp": 0.809931,
        "ahq": 0.898891,
        "ahr": 0.713087,
        "ahs": 0.698856,
        "aht": 0.951354,
        "ahu": 0.889619,
        "ahv": 0.83833,
        "ahw": 0.781472,
        "ahx": 0.830795,
        "ahy": 0.696592,
        "ahz": 0.817348,
        "aia": 0.76825,
        "aib": 0.778018,
        "aic": 0.689075,
        "aid": 0.799382,
        "aie": 0.849525,
        "aif": 0.668619,
        "aig": 0.839713,
        "aih": 0.64,
        "aii": 0.711621,
        "aij": 0.695454,
        "aik": 0.65724,
        "ail": 0.743959,
        "aim": 0.805182,
        "ain": 0.64,
        "aio": 0.843104,
        "aip": 0.837272,
        "aiq": 0.820978,
        "air": 0.698442,
        "ais": 0.907755,
        "ait": 0.822716,
        "aiu": 0.775323,
        "aiv": 0.768953,
        "aiw": 0.791669,
        "aix": 0.771196,
        "aiy": 0.872784,
        "aiz": 0.702268,
        "aja": 0.788144,
        "ajb": 0.768496,
        "ajc": 0.879357,
        "ajd": 0.716929,
        "aje": 0.818677,
        "ajf": 0.64,
        "ajg": 0.642447,
        "ajh": 0.700418,
        "aji": 0.730352,
        "ajj": 0.734393,
        "ajk": 0.806136,
        "ajl": 0.774446,
        "ajm": 0.845046,
        "ajn": 0.740488,
        "ajo": 0.74962,
        "ajp": 0.689675,
        "ajq": 0.790417,
        "ajr": 0.763956,
        "ajs": 0.795063,
        "ajt": 0.729874,
        "aju": 0.922112,
        "ajv": 0.826206,
        "ajw": 0.79905,
        "ajx": 0.790939,
        "ajy": 1.0,
        "ajz": 0.85103,
        "aka": 0.753844,
        "akb": 0.747917,
        "akc": 0.842591,
        "akd": 0.650601,
        "ake": 0.864566,
        "akf": 0.894725,
        "akg": 0.813462,
        "akh": 0.942977,
        "aki": 0.704081,
        "akj": 0.868347,
        "akk": 0.885493,
        "akl": 0.773949,
        "akm": 0.806249,
        "akn": 0.855922,
        "ako": 0.82908,
        "akp": 0.857111,
        "akq": 0.87858,
        "akr": 0.883178,
        "aks": 0.846776,
        "akt": 0.793036,
        "aku": 0.849329,
        "akv": 0.704598,
        "akw": 0.826669,
        "akx": 0.708914,
        "aky": 0.74944,
        "akz": 0.914999,
        "ala": 0.686586,
        "alb": 0.813093,
        "alc": 0.823482,
        "ald": 0.683888,
        "ale": 0.818574,
        "alf": 0.798421,
        "alg": 0.73766,
        "alh": 0.803013,
        "ali": 0.807533,
        "alj": 0.766329,
        "alk": 0.780901,
        "all": 0.928272
    },
    "persisting": {
        "FBZ_0134.NEF": {
            "spread": "u",
            "cluster_size": 8
        }
    }
}
