{
    "blocks_corrupted": [
        0,
        0,
        0,
        0,
        1,
        0,
        0,
        0,
        1,
        0,
        0,
        0,
        0,
        0,
        0,
        0,
        0,
        1,
        0,
        0,
        0,
        0,
        0,
        0,
        3,
        0,
        0,
        0,
        0,
        1,
        0,
        0,
        0,
        1,
        0,
        0,
        0,
        0,
        0,
        0,
        0,
        0,
        0,
        0,
        0,
        1,
        0,
        0,
        1,
        0,
        1,
        0,
        0,
        0,
        0,
        1,
        0,
        0,
        0,
        0,
        0,
        0,
        3,
        0,
        0,
        1,
        0,
        0,
        1,
        0,
        1,
        0,
        0,
        0,
        0,
        0,
        0,
        1,
        0,
        0,
        0,
        1,
        1,
        0,
        0,
        0,
        0,
        0,
        0,
        1,
        0,
        0,
        0,
        1,
        0,
        0,
        0,
        0,
        0,
        0,
        0,
        0,
        1,
        0,
        0,
        0,
        0,
        0
    ],
    "blocks_existing": [
        1083,
        1083,
        1083,
        1083,
        1082,
        1082,
        1083,
        1083,
        1082,
        1082,
        1082,
        1082,
        1083,
        1083,
        1083,
        1083,
        1083,
        1082,
        1036,
        1037,
        1048,
        1060,
        1070,
        1083,
        1080,
        1080,
        1080,
        1081,
        1083,
        1082,
        1082,
        1082,
        1082,
        1082,
        1082,
        1082,
        1083,
        1083,
        1083,
        1083,
        1083,
        1083,
        1083,
        1083,
        1083,
        1082,
        1082,
        1083,
        1082,
        1082,
        1081,
        1082,
        1083,
        1083,
        1083,
        1082,
        1044,
        1044,
        1052,
        1061,
        1075,
        1083,
        1080,
        1081,
        1083,
        1082,
        1082,
        1083,
        1082,
        1082,
        1081,
        1082,
        1083,
        1083,
        1083,
        1083,
        1083,
        1082,
        1082,
        1082,
        1082,
        1082,
        1081,
        1081,
        1082,
        1083,
        1083,
        1083,
        1083,
        1082,
        1083,
        995,
        995,
        1008,
        1040,
        1060,
        1083,
        1083,
        1083,
        1083,
        1083,
        1083,
        1082,
        1082,
        1013,
        1013,
        1032,
        975
    ],
    "blocks_lost": [
        0,
        0,
        0,
        0,
        0,
        0,
        0,
        0,
        0,
        0,
        0,
        0,
        0,
        0,
        0,
        0,
        0,
        0,
        46,
        0,
        0,
        0,
        0,
        0,
        0,
        0,
        0,
        0,
        0,
        0,
        0,
        0,
        0,
        0,
        0,
        0,
        0,
        0,
        0,
        0,
        0,
        0,
        0,
        0,
        0,
        0,
        0,
        0,
        0,
        0,
        0,
        0,
        0,
        0,
        0,
        0,
        39,
        0,
        0,
        0,
        0,
        0,
        0,
        0,
        0,
        0,
        0,
        0,
        0,
        0,
        0,
        0,
        0,
        0,
        0,
        0,
        0,
        0,
        0,
        0,
        0,
        0,
        0,
        0,
        0,
        0,
        0,
        0,
        0,
        0,
        0,
        88,
        0,
        0,
        0,
        0,
        0,
        0,
        0,
        0,
        0,
        0,
        0,
        0,
        69,
        0,
        0,
        74
    ],
    "blocks_moved": [
        776,
        725,
        696,
        740,
        732,
        685,
        728,
        726,
        735,
        704,
        671,
        722,
        737,
        735,
        724,
        713,
        712,
        698,
        673,
        621,
        792,
        796,
        797,
        839,
        829,
        760,
        790,
        773,
        796,
        772,
        796,
        799,
        834,
        783,
        801,
        819,
        761,
        787,
        786,
        775,
        822,
        833,
        800,
        789,
        796,
        802,
        776,
        789,
        766,
        797,
        828,
        803,
        821,
        788,
        832,
        840,
        752,
        727,
        795,
        758,
        745,
        757,
        751,
        752,
        763,
        753,
        762,
        760,
        789,
        781,
        748,
        747,
        779,
        757,
        762,
        790,
        748,
        773,
        772,
        790,
        778,
        746,
        770,
        813,
        755,
        757,
        744,
        766,
        729,
        785,
        763,
        738,
        730,
        594,
        561,
        583,
        561,
        501,
        480,
        500,
        500,
        512,
        486,
        488,
        412,
        415,
        217,
        203
    ],
    "channel_loss": 0.04,
    "cluster_size_am": [
        8,
        8,
        8,
        8,
        8,
        8,
        8,
        8,
        8,
        8,
        8,
        8,
        8,
        8,
        8,
        8,
        8,
        8,
        8,
        8,
        8,
        8,
        8,
        8,
        8,
        8,
        8,
        8,
        8,
        8,
        8,
        8,
        8,
        8,
        8,
        8,
        8,
        8,
        8,
        8,
        8,
        8,
        8,
        8,
        8,
        8,
        8,
        8,
        8,
        8,
        8,
        8,
        8,
        8,
        8,
        8,
        8,
        8,
        8,
        8,
        8,
        8,
        8,
        8,
        8,
        8,
        8,
        8,
        8,
        8,
        8,
        8,
        8,
        8,
        8,
        8,
        8,
        8,
        8,
        8,
        8,
        8,
        8,
        8,
        8,
        8,
        8,
        8,
        8,
        8,
        8,
        8,
        8,
        8,
        8,
        8,
        8,
        8,
        8,
        8,
        8,
        8,
        8,
        8,
        8,
        8,
        8,
        8
    ],
    "cluster_size_bm": [
        8,
        8,
        8,
        8,
        8,
        8,
        8,
        8,
        8,
        8,
        8,
        8,
        8,
        8,
        8,
        8,
        8,
        8,
        8,
        7,
        8,
        8,
        8,
        8,
        8,
        8,
        8,
        8,
        8,
        8,
        8,
        8,
        8,
        8,
        8,
        8,
        8,
        8,
        8,
        8,
        8,
        8,
        8,
        8,
        8,
        8,
        8,
        8,
        8,
        8,
        8,
        8,
        8,
        8,
        8,
        8,
        8,
        7,
        8,
        8,
        8,
        8,
        8,
        8,
        8,
        8,
        8,
        8,
        8,
        8,
        8,
        8,
        8,
        8,
        8,
        8,
        8,
        8,
        8,
        8,
        8,
        8,
        8,
        8,
        8,
        8,
        8,
        8,
        8,
        8,
        8,
        8,
        7,
        8,
        8,
        8,
        8,
        8,
        8,
        8,
        8,
        8,
        8,
        8,
        8,
        6,
        8,
        8
    ],
    "cluster_status_am": [
        "stable",
        "stable",
        "stable",
        "stable",
        "stable",
        "stable",
        "stable",
        "stable",
        "stable",
        "stable",
        "stable",
        "stable",
        "stable",
        "stable",
        "stable",
        "stable",
        "stable",
        "stable",
        "stable",
        "stable",
        "stable",
        "stable",
        "stable",
        "stable",
        "stable",
        "stable",
        "stable",
        "stable",
        "stable",
        "stable",
        "stable",
        "stable",
        "stable",
        "stable",
        "stable",
        "stable",
        "stable",
        "stable",
        "stable",
        "stable",
        "stable",
        "stable",
        "stable",
        "stable",
        "stable",
        "stable",
        "stable",
        "stable",
        "stable",
        "stable",
        "stable",
        "stable",
        "stable",
        "stable",
        "stable",
        "stable",
        "stable",
        "stable",
        "stable",
        "stable",
        "stable",
        "stable",
        "stable",
        "stable",
        "stable",
        "stable",
        "stable",
        "stable",
        "stable",
        "stable",
        "stable",
        "stable",
        "stable",
        "stable",
        "stable",
        "stable",
        "stable",
        "stable",
        "stable",
        "stable",
        "stable",
        "stable",
        "stable",
        "stable",
        "stable",
        "stable",
        "stable",
        "stable",
        "stable",
        "stable",
        "stable",
        "stable",
        "stable",
        "stable",
        "stable",
        "stable",
        "stable",
        "stable",
        "stable",
        "stable",
        "stable",
        "stable",
        "stable",
        "stable",
        "stable",
        "stable",
        "stable",
        "stable"
    ],
    "cluster_status_bm": [
        "stable",
        "stable",
        "stable",
        "stable",
        "stable",
        "stable",
        "stable",
        "stable",
        "stable",
        "stable",
        "stable",
        "stable",
        "stable",
        "stable",
        "stable",
        "stable",
        "stable",
        "stable",
        "stable",
        "sufficient",
        "stable",
        "stable",
        "stable",
        "stable",
        "stable",
        "stable",
        "stable",
        "stable",
        "stable",
        "stable",
        "stable",
        "stable",
        "stable",
        "stable",
        "stable",
        "stable",
        "stable",
        "stable",
        "stable",
        "stable",
        "stable",
        "stable",
        "stable",
        "stable",
        "stable",
        "stable",
        "stable",
        "stable",
        "stable",
        "stable",
        "stable",
        "stable",
        "stable",
        "stable",
        "stable",
        "stable",
        "stable",
        "sufficient",
        "stable",
        "stable",
        "stable",
        "stable",
        "stable",
        "stable",
        "stable",
        "stable",
        "stable",
        "stable",
        "stable",
        "stable",
        "stable",
        "stable",
        "stable",
        "stable",
        "stable",
        "stable",
        "stable",
        "stable",
        "stable",
        "stable",
        "stable",
        "stable",
        "stable",
        "stable",
        "stable",
        "stable",
        "stable",
        "stable",
        "stable",
        "stable",
        "stable",
        "stable",
        "sufficient",
        "stable",
        "stable",
        "stable",
        "stable",
        "stable",
        "stable",
        "stable",
        "stable",
        "stable",
        "stable",
        "stable",
        "stable",
        "sufficient",
        "stable",
        "stable"
    ],
    "cluster_type": "HiveClusterExt",
    "convergence_set": [],
    "convergence_sets": [
        [
            3,
            4,
            5,
            6,
            7,
            8,
            9,
            10,
            11,
            12,
            13,
            14,
            15,
            16,
            17,
            18,
            19,
            20
        ],
        [
            22,
            23,
            24,
            25,
            26,
            27,
            28,
            29,
            30,
            31,
            32,
            33,
            34,
            35
        ],
        [
            37,
            38,
            39,
            40,
            41,
            42,
            43,
            44,
            45,
            46,
            47,
            48,
            49,
            50,
            51,
            52,
            53,
            54,
            55,
            56,
            57,
            58
        ],
        [
            60,
            61,
            62,
            63,
            64,
            65,
            66,
            67
        ],
        [
            69,
            70,
            71,
            72,
            73,
            74,
            75,
            76,
            77,
            78,
            79
        ],
        [
            82,
            83,
            84,
            85,
            86,
            87,
            88,
            89,
            90,
            91
        ]
    ],
    "convergence_treshold": 0,
    "corruption_chance_tod": 0.000286,
    "critical_size_threshold": 3,
    "cswc": 0,
    "delay_replication": [
        0,
        0,
        0,
        0,
        2.0,
        0,
        0,
        0,
        4.0,
        0,
        0,
        0,
        0,
        0,
        0,
        0,
        0,
        2.0,
        0,
        2.5434782608695654,
        0,
        0,
        0,
        0,
        3.6666666666666665,
        0,
        0,
        0,
        0,
        4.0,
        0,
        0,
        0,
        3.0,
        0,
        0,
        0,
        0,
        0,
        0,
        0,
        0,
        0,
        0,
        0,
        2.0,
        0,
        0,
        4.0,
        0,
        1.0,
        0,
        0,
        0,
        0,
        1.0,
        0,
        2.5641025641025643,
        0,
        0,
        0,
        0,
        1.6666666666666667,
        0,
        0,
        2.0,
        0,
        0,
        3.0,
        0,
        2.0,
        0,
        0,
        0,
        0,
        0,
        0,
        4.0,
        0,
        0,
        0,
        3.0,
        3.0,
        0,
        0,
        0,
        0,
        0,
        0,
        1.0,
        0,
        0,
        2.5795454545454546,
        2.0,
        0,
        0,
        0,
        0,
        0,
        0,
        0,
        0,
        4.0,
        0,
        0,
        2.550724637681159,
        0,
        0
    ],
    "delay_suspects_detection": {
        "a": 2,
        "aid": 2,
        "ajb": 2,
        "b": 2,
        "mo": 2
    },
    "file_name": "FBZ_0134.NEF",
    "hive_id": "6f7ec01c-f7b0-46ca-8e17-5ba9026bab20",
    "initial_spread": "u",
    "largest_convergence_window": 22,
    "matrices_nodes_degrees": [
        {
            "abz": 5.5,
            "afp": 4.4,
            "aid": 6.6,
            "ajb": 6.6,
            "hm": 4.4,
            "mo": 3.3,
            "rr": 4.4,
            "wt": 6.6
        },
        {
            "abz": 5.5,
            "afp": 4.4,
            "aid": 6.6,
            "ajb": 6.6,
            "hm": 4.4,
            "mo": 3.3,
            "rr": 4.4,
            "wt": 6.6
        },
        {
            "a": 5.5,
            "abz": 2.2,
            "afp": 5.5,
            "aid": 6.6,
            "hm": 5.5,
            "mo": 4.4,
            "rr": 6.6,
            "wt": 5.5
        },
        {
            "a": 5.5,
            "abz": 2.2,
            "afp": 5.5,
            "aid": 6.6,
            "hm": 5.5,
            "mo": 4.4,
            "rr": 6.6,
            "wt": 5.5
        },
        {
            "a": 6.6,
            "abz": 2.2,
            "afp": 4.4,
            "aid": 4.4,
            "b": 6.6,
            "hm": 3.3,
            "rr": 5.5,
            "wt": 6.6
        },
        {
            "a": 6.6,
            "abz": 2.2,
            "afp": 4.4,
            "aid": 4.4,
            "b": 6.6,
            "hm": 3.3,
            "rr": 5.5,
            "wt": 6.6
        },
        {
            "a": 4.4,
            "abz": 7.7,
            "afp": 3.3,
            "b": 6.6,
            "c": 5.5,
            "hm": 4.4,
            "rr": 5.5,
            "wt": 6.6
        },
        {
            "a": 4.4,
            "abz": 7.7,
            "afp": 3.3,
            "b": 6.6,
            "c": 5.5,
            "hm": 4.4,
            "rr": 5.5,
            "wt": 6.6
        },
        {
            "a": 1.3,
            "abz": 2.2,
            "afp": 3.2,
            "b": 1.4,
            "c": 7.6,
            "hm": 4.3,
            "rr": 3.3,
            "wt": 4.2
        },
        {
            "a": 1.3,
            "abz": 2.2,
            "afp": 3.2,
            "b": 1.4,
            "c": 7.6,
            "hm": 4.3,
            "rr": 3.3,
            "wt": 4.2
        }
    ],
    "max_epochs": 720,
    "max_replication_delay": 4,
    "min_replication_delay": 1,
    "off_node_count": [
        0,
        0,
        0,
        0,
        0,
        0,
        0,
        0,
        0,
        0,
        0,
        0,
        0,
        0,
        0,
        0,
        0,
        0,
        0,
        1,
        0,
        0,
        0,
        0,
        0,
        0,
        0,
        0,
        0,
        0,
        0,
        0,
        0,
        0,
        0,
        0,
        0,
        0,
        0,
        0,
        0,
        0,
        0,
        0,
        0,
        0,
        0,
        0,
        0,
        0,
        0,
        0,
        0,
        0,
        0,
        0,
        0,
        1,
        0,
        0,
        0,
        0,
        0,
        0,
        0,
        0,
        0,
        0,
        0,
        0,
        0,
        0,
        0,
        0,
        0,
        0,
        0,
        0,
        0,
        0,
        0,
        0,
        0,
        0,
        0,
        0,
        0,
        0,
        0,
        0,
        0,
        0,
        1,
        0,
        0,
        0,
        0,
        0,
        0,
        0,
        0,
        0,
        0,
        0,
        0,
        2,
        0,
        0
    ],
    "original_hive_size": 8,
    "read_size": 131072,
    "redundant_size": 14,
    "replication_level": 3,
    "simfile_name": "8-tier1-u-unoptimized.json",
    "successfull": false,
    "sufficient_size_threshold": 6,
    "terminated": 108,
    "terminated_messages": [
        "Lost all replicas of file replica with id: FBZ_0134.NEF_#_41"
    ],
    "transmissions_failed": [
        26,
        28,
        26,
        27,
        27,
        30,
        26,
        33,
        22,
        24,
        27,
        30,
        37,
        22,
        28,
        26,
        25,
        28,
        24,
        27,
        33,
        23,
        26,
        36,
        31,
        29,
        25,
        31,
        36,
        38,
        33,
        32,
        29,
        32,
        33,
        34,
        35,
        27,
        26,
        39,
        26,
        29,
        26,
        23,
        30,
        28,
        26,
        37,
        37,
        34,
        27,
        37,
        26,
        35,
        28,
        34,
        34,
        25,
        40,
        27,
        24,
        35,
        36,
        29,
        33,
        25,
        35,
        26,
        24,
        28,
        33,
        34,
        32,
        31,
        32,
        23,
        31,
        44,
        19,
        27,
        28,
        26,
        29,
        25,
        28,
        33,
        39,
        29,
        24,
        33,
        30,
        35,
        33,
        23,
        20,
        13,
        20,
        19,
        19,
        27,
        26,
        15,
        22,
        19,
        16,
        18,
        10,
        4
    ]
}
