{
    "nodes_uptime": {
        "a": 0.459282,
        "b": 0.488371,
        "c": 0.415671,
        "d": 0.32,
        "e": 0.46115,
        "f": 0.554844,
        "g": 0.562449,
        "h": 0.52563,
        "i": 0.53483,
        "j": 0.477669,
        "k": 0.425476,
        "l": 0.492415,
        "m": 0.358961,
        "n": 0.326375,
        "o": 0.442736,
        "p": 0.456035,
        "q": 0.475017,
        "r": 0.451067,
        "s": 0.399625,
        "t": 0.525872,
        "u": 0.565264,
        "v": 0.528767,
        "w": 0.430861,
        "x": 0.486012,
        "y": 0.392782,
        "z": 0.383256,
        "aa": 0.64,
        "ab": 0.519692,
        "ac": 0.473248,
        "ad": 0.628972,
        "ae": 0.361129,
        "af": 0.570652,
        "ag": 0.456276,
        "ah": 0.499031,
        "ai": 0.38673,
        "aj": 0.520077,
        "ak": 0.484183,
        "al": 0.464181,
        "am": 0.412505,
        "an": 0.455055,
        "ao": 0.441997,
        "ap": 0.550321,
        "aq": 0.514791,
        "ar": 0.535099,
        "as": 0.526931,
        "at": 0.435549,
        "au": 0.424846,
        "av": 0.420743,
        "aw": 0.32,
        "ax": 0.361212,
        "ay": 0.477958,
        "az": 0.463258,
        "ba": 0.522201,
        "bb": 0.547567,
        "bc": 0.435624,
        "bd": 0.446398,
        "be": 0.398742,
        "bf": 0.602676,
        "bg": 0.458382,
        "bh": 0.522498,
        "bi": 0.342371,
        "bj": 0.639097,
        "bk": 0.382858,
        "bl": 0.493169,
        "bm": 0.453689,
        "bn": 0.32,
        "bo": 0.464817,
        "bp": 0.32,
        "bq": 0.498128,
        "br": 0.405353,
        "bs": 0.481824,
        "bt": 0.555502,
        "bu": 0.64,
        "bv": 0.46141,
        "bw": 0.624879,
        "bx": 0.461372,
        "by": 0.534375,
        "bz": 0.64,
        "ca": 0.52238,
        "cb": 0.64,
        "cc": 0.436965,
        "cd": 0.627233,
        "ce": 0.545251,
        "cf": 0.466086,
        "cg": 0.62162,
        "ch": 0.440507,
        "ci": 0.485386,
        "cj": 0.49055,
        "ck": 0.611435,
        "cl": 0.579325,
        "cm": 0.52457,
        "cn": 0.64,
        "co": 0.463661,
        "cp": 0.549882,
        "cq": 0.507118,
        "cr": 0.517268,
        "cs": 0.419224,
        "ct": 0.475885,
        "cu": 0.613472,
        "cv": 0.448897,
        "cw": 0.351272,
        "cx": 0.448472,
        "cy": 0.474202,
        "cz": 0.380791,
        "da": 0.548197,
        "db": 0.474536,
        "dc": 0.523358,
        "dd": 0.498045,
        "de": 0.517165,
        "df": 0.490563,
        "dg": 0.469109,
        "dh": 0.476654,
        "di": 0.433019,
        "dj": 0.477642,
        "dk": 0.455032,
        "dl": 0.511039,
        "dm": 0.528733,
        "dn": 0.581342,
        "do": 0.417501,
        "dp": 0.458947,
        "dq": 0.64,
        "dr": 0.420433,
        "ds": 0.465187,
        "dt": 0.616883,
        "du": 0.427024,
        "dv": 0.534103,
        "dw": 0.64,
        "dx": 0.497924,
        "dy": 0.457049,
        "dz": 0.434138,
        "ea": 0.548708,
        "eb": 0.543918,
        "ec": 0.531041,
        "ed": 0.476631,
        "ee": 0.476607,
        "ef": 0.356799,
        "eg": 0.444392,
        "eh": 0.469215,
        "ei": 0.518074,
        "ej": 0.422347,
        "ek": 0.478482,
        "el": 0.517738,
        "em": 0.458473,
        "en": 0.400416,
        "eo": 0.64,
        "ep": 0.480576,
        "eq": 0.464009,
        "er": 0.32,
        "es": 0.446206,
        "et": 0.391833,
        "eu": 0.64,
        "ev": 0.617841,
        "ew": 0.585826,
        "ex": 0.399645,
        "ey": 0.596502,
        "ez": 0.49008,
        "fa": 0.43742,
        "fb": 0.520307,
        "fc": 0.539174,
        "fd": 0.537484,
        "fe": 0.451696,
        "ff": 0.62003,
        "fg": 0.573861,
        "fh": 0.404569,
        "fi": 0.53262,
        "fj": 0.514923,
        "fk": 0.496042,
        "fl": 0.506349,
        "fm": 0.522554,
        "fn": 0.369101,
        "fo": 0.50453,
        "fp": 0.513739,
        "fq": 0.423334,
        "fr": 0.439638,
        "fs": 0.462464,
        "ft": 0.506996,
        "fu": 0.32,
        "fv": 0.416748,
        "fw": 0.60294,
        "fx": 0.397918,
        "fy": 0.566492,
        "fz": 0.452859,
        "ga": 0.381403,
        "gb": 0.495541,
        "gc": 0.598567,
        "gd": 0.403134,
        "ge": 0.539226,
        "gf": 0.510407,
        "gg": 0.466978,
        "gh": 0.553835,
        "gi": 0.511787,
        "gj": 0.534073,
        "gk": 0.409455,
        "gl": 0.421892,
        "gm": 0.615214,
        "gn": 0.340883,
        "go": 0.476734,
        "gp": 0.61241,
        "gq": 0.463775,
        "gr": 0.356135,
        "gs": 0.415245,
        "gt": 0.429609,
        "gu": 0.472886,
        "gv": 0.556794,
        "gw": 0.54999,
        "gx": 0.64,
        "gy": 0.53587,
        "gz": 0.582265,
        "ha": 0.427838,
        "hb": 0.542261,
        "hc": 0.366585,
        "hd": 0.377492,
        "he": 0.382596,
        "hf": 0.434992,
        "hg": 0.549115,
        "hh": 0.438816,
        "hi": 0.573438,
        "hj": 0.38854,
        "hk": 0.485038,
        "hl": 0.500385,
        "hm": 0.455542,
        "hn": 0.523117,
        "ho": 0.64,
        "hp": 0.474716,
        "hq": 0.517415,
        "hr": 0.423506,
        "hs": 0.44752,
        "ht": 0.62471,
        "hu": 0.458142,
        "hv": 0.42062,
        "hw": 0.527569,
        "hx": 0.54297,
        "hy": 0.464939,
        "hz": 0.495804,
        "ia": 0.578946,
        "ib": 0.485592,
        "ic": 0.464639,
        "id": 0.467823,
        "ie": 0.379051,
        "if": 0.437465,
        "ig": 0.32,
        "ih": 0.542758,
        "ii": 0.579981,
        "ij": 0.631622,
        "ik": 0.461493,
        "il": 0.386158,
        "im": 0.426074,
        "in": 0.494709,
        "io": 0.409936,
        "ip": 0.545231,
        "iq": 0.548916,
        "ir": 0.393775,
        "is": 0.411919,
        "it": 0.445728,
        "iu": 0.507667,
        "iv": 0.435802,
        "iw": 0.432729,
        "ix": 0.396722,
        "iy": 0.434149,
        "iz": 0.631559,
        "ja": 0.351811,
        "jb": 0.434875,
        "jc": 0.327122,
        "jd": 0.64,
        "je": 0.370984,
        "jf": 0.474651,
        "jg": 0.470977,
        "jh": 0.32,
        "ji": 0.568253,
        "jj": 0.371977,
        "jk": 0.50036,
        "jl": 0.32,
        "jm": 0.553807,
        "jn": 0.64,
        "jo": 0.484255,
        "jp": 0.468629,
        "jq": 0.432896,
        "jr": 0.359102,
        "js": 0.440149,
        "jt": 0.425013,
        "ju": 0.396558,
        "jv": 0.520621,
        "jw": 0.370371,
        "jx": 0.587017,
        "jy": 0.422217,
        "jz": 0.438865,
        "ka": 0.419725,
        "kb": 0.458836,
        "kc": 0.598836,
        "kd": 0.416285,
        "ke": 0.414862,
        "kf": 0.39478,
        "kg": 0.438773,
        "kh": 0.399693,
        "ki": 0.64,
        "kj": 0.533042,
        "kk": 0.543953,
        "kl": 0.480096,
        "km": 0.377416,
        "kn": 0.593899,
        "ko": 0.407882,
        "kp": 0.635964,
        "kq": 0.497804,
        "kr": 0.536717,
        "ks": 0.589644,
        "kt": 0.417745,
        "ku": 0.48786,
        "kv": 0.378788,
        "kw": 0.417723,
        "kx": 0.475148,
        "ky": 0.503962,
        "kz": 0.32,
        "la": 0.623434,
        "lb": 0.509593,
        "lc": 0.495833,
        "ld": 0.518709,
        "le": 0.386103,
        "lf": 0.513856,
        "lg": 0.407914,
        "lh": 0.592243,
        "li": 0.43338,
        "lj": 0.46331,
        "lk": 0.473601,
        "ll": 0.545569,
        "lm": 0.436798,
        "ln": 0.433895,
        "lo": 0.601266,
        "lp": 0.433545,
        "lq": 0.521227,
        "lr": 0.32,
        "ls": 0.439218,
        "lt": 0.543321,
        "lu": 0.480621,
        "lv": 0.504534,
        "lw": 0.554913,
        "lx": 0.463288,
        "ly": 0.600345,
        "lz": 0.505006,
        "ma": 0.64,
        "mb": 0.476209,
        "mc": 0.632497,
        "md": 0.46202,
        "me": 0.62974,
        "mf": 0.537892,
        "mg": 0.64,
        "mh": 0.502196,
        "mi": 0.480796,
        "mj": 0.57699,
        "mk": 0.492792,
        "ml": 0.49232,
        "mm": 0.572817,
        "mn": 0.32,
        "mo": 0.528634,
        "mp": 0.384926,
        "mq": 0.49984,
        "mr": 0.64,
        "ms": 0.470429,
        "mt": 0.456292,
        "mu": 0.398804,
        "mv": 0.406978,
        "mw": 0.500615,
        "mx": 0.439506,
        "my": 0.382634,
        "mz": 0.509618,
        "na": 0.500428,
        "nb": 0.611028,
        "nc": 0.445374,
        "nd": 0.471,
        "ne": 0.549832,
        "nf": 0.451247,
        "ng": 0.436365,
        "nh": 0.512829,
        "ni": 0.497917,
        "nj": 0.372245,
        "nk": 0.64,
        "nl": 0.496015,
        "nm": 0.454993,
        "nn": 0.48718,
        "no": 0.444726,
        "np": 0.452208,
        "nq": 0.477338,
        "nr": 0.435735,
        "ns": 0.372417,
        "nt": 0.473614,
        "nu": 0.538417,
        "nv": 0.516349,
        "nw": 0.507726,
        "nx": 0.49951,
        "ny": 0.511049,
        "nz": 0.464819,
        "oa": 0.439971,
        "ob": 0.471511,
        "oc": 0.64,
        "od": 0.414469,
        "oe": 0.444603,
        "of": 0.503431,
        "og": 0.569793,
        "oh": 0.588861,
        "oi": 0.615041,
        "oj": 0.418936,
        "ok": 0.392257,
        "ol": 0.588258,
        "om": 0.446419,
        "on": 0.461419,
        "oo": 0.47009,
        "op": 0.511808,
        "oq": 0.6199,
        "or": 0.534959,
        "os": 0.577655,
        "ot": 0.37197,
        "ou": 0.461733,
        "ov": 0.47371,
        "ow": 0.39061,
        "ox": 0.54953,
        "oy": 0.469963,
        "oz": 0.488739,
        "pa": 0.428392,
        "pb": 0.460103,
        "pc": 0.470835,
        "pd": 0.558711,
        "pe": 0.576213,
        "pf": 0.437241,
        "pg": 0.619448,
        "ph": 0.469621,
        "pi": 0.477245,
        "pj": 0.458157,
        "pk": 0.32,
        "pl": 0.389685,
        "pm": 0.506363,
        "pn": 0.566712,
        "po": 0.580891,
        "pp": 0.430625,
        "pq": 0.433103,
        "pr": 0.493281,
        "ps": 0.546066,
        "pt": 0.546762,
        "pu": 0.592965,
        "pv": 0.448427,
        "pw": 0.44716,
        "px": 0.394866,
        "py": 0.546276,
        "pz": 0.511468,
        "qa": 0.480583,
        "qb": 0.53081,
        "qc": 0.56689,
        "qd": 0.544304,
        "qe": 0.428718,
        "qf": 0.467412,
        "qg": 0.492364,
        "qh": 0.41582,
        "qi": 0.378281,
        "qj": 0.471451,
        "qk": 0.468791,
        "ql": 0.53898,
        "qm": 0.392238,
        "qn": 0.506732,
        "qo": 0.482117,
        "qp": 0.514634,
        "qq": 0.504149,
        "qr": 0.448756,
        "qs": 0.540316,
        "qt": 0.575585,
        "qu": 0.32,
        "qv": 0.497956,
        "qw": 0.493786,
        "qx": 0.444669,
        "qy": 0.467911,
        "qz": 0.53619,
        "ra": 0.483242,
        "rb": 0.519265,
        "rc": 0.555678,
        "rd": 0.450434,
        "re": 0.61982,
        "rf": 0.452602,
        "rg": 0.52491,
        "rh": 0.525085,
        "ri": 0.420292,
        "rj": 0.427307,
        "rk": 0.423204,
        "rl": 0.467829,
        "rm": 0.564274,
        "rn": 0.378496,
        "ro": 0.569378,
        "rp": 0.435113,
        "rq": 0.631678,
        "rr": 0.504504,
        "rs": 0.626357,
        "rt": 0.595207,
        "ru": 0.482157,
        "rv": 0.517086,
        "rw": 0.482037,
        "rx": 0.398083,
        "ry": 0.450472,
        "rz": 0.440534,
        "sa": 0.471332,
        "sb": 0.47626,
        "sc": 0.525022,
        "sd": 0.541115,
        "se": 0.583919,
        "sf": 0.483705,
        "sg": 0.32,
        "sh": 0.53687,
        "si": 0.64,
        "sj": 0.42956,
        "sk": 0.37958,
        "sl": 0.478859,
        "sm": 0.433011,
        "sn": 0.492613,
        "so": 0.464209,
        "sp": 0.596694,
        "sq": 0.476153,
        "sr": 0.396091,
        "ss": 0.483537,
        "st": 0.424283,
        "su": 0.456864,
        "sv": 0.476778,
        "sw": 0.442999,
        "sx": 0.32,
        "sy": 0.595758,
        "sz": 0.499917,
        "ta": 0.373424,
        "tb": 0.49027,
        "tc": 0.428579,
        "td": 0.64,
        "te": 0.58162,
        "tf": 0.365202,
        "tg": 0.57385,
        "th": 0.425965,
        "ti": 0.501469,
        "tj": 0.551284,
        "tk": 0.489388,
        "tl": 0.410188,
        "tm": 0.472566,
        "tn": 0.32,
        "to": 0.446227,
        "tp": 0.372874,
        "tq": 0.502088,
        "tr": 0.498204,
        "ts": 0.406357,
        "tt": 0.335513,
        "tu": 0.569674,
        "tv": 0.471996,
        "tw": 0.456357,
        "tx": 0.514685,
        "ty": 0.630117,
        "tz": 0.495669,
        "ua": 0.498475,
        "ub": 0.501544,
        "uc": 0.452255,
        "ud": 0.507908,
        "ue": 0.571518,
        "uf": 0.428096,
        "ug": 0.526331,
        "uh": 0.533255,
        "ui": 0.345367,
        "uj": 0.395553,
        "uk": 0.637096,
        "ul": 0.458801,
        "um": 0.5531,
        "un": 0.459687,
        "uo": 0.433575,
        "up": 0.459353,
        "uq": 0.532939,
        "ur": 0.439941,
        "us": 0.448486,
        "ut": 0.505448,
        "uu": 0.508631,
        "uv": 0.562045,
        "uw": 0.468304,
        "ux": 0.419123,
        "uy": 0.439597,
        "uz": 0.467247,
        "va": 0.415927,
        "vb": 0.445925,
        "vc": 0.448099,
        "vd": 0.524616,
        "ve": 0.442053,
        "vf": 0.64,
        "vg": 0.341882,
        "vh": 0.424756,
        "vi": 0.613657,
        "vj": 0.549228,
        "vk": 0.443973,
        "vl": 0.586664,
        "vm": 0.58758,
        "vn": 0.515395,
        "vo": 0.525877,
        "vp": 0.469444,
        "vq": 0.369838,
        "vr": 0.480328,
        "vs": 0.396478,
        "vt": 0.342208,
        "vu": 0.532169,
        "vv": 0.417569,
        "vw": 0.601142,
        "vx": 0.514646,
        "vy": 0.64,
        "vz": 0.470192,
        "wa": 0.46175,
        "wb": 0.55962,
        "wc": 0.32,
        "wd": 0.632053,
        "we": 0.526913,
        "wf": 0.470262,
        "wg": 0.50278,
        "wh": 0.436718,
        "wi": 0.371249,
        "wj": 0.459689,
        "wk": 0.528938,
        "wl": 0.493012,
        "wm": 0.32,
        "wn": 0.435157,
        "wo": 0.495428,
        "wp": 0.428475,
        "wq": 0.327617,
        "wr": 0.480544,
        "ws": 0.518923,
        "wt": 0.50121,
        "wu": 0.443471,
        "wv": 0.634879,
        "ww": 0.475826,
        "wx": 0.494218,
        "wy": 0.411545,
        "wz": 0.32,
        "xa": 0.564078,
        "xb": 0.424805,
        "xc": 0.376933,
        "xd": 0.498327,
        "xe": 0.453828,
        "xf": 0.472045,
        "xg": 0.460072,
        "xh": 0.623025,
        "xi": 0.587039,
        "xj": 0.331438,
        "xk": 0.514086,
        "xl": 0.544571,
        "xm": 0.36986,
        "xn": 0.32,
        "xo": 0.510983,
        "xp": 0.505101,
        "xq": 0.61633,
        "xr": 0.385116,
        "xs": 0.464988,
        "xt": 0.376732,
        "xu": 0.567466,
        "xv": 0.578704,
        "xw": 0.414296,
        "xx": 0.512236,
        "xy": 0.472699,
        "xz": 0.53218,
        "ya": 0.488581,
        "yb": 0.568164,
        "yc": 0.417127,
        "yd": 0.492892,
        "ye": 0.371566,
        "yf": 0.447323,
        "yg": 0.478555,
        "yh": 0.527585,
        "yi": 0.422048,
        "yj": 0.326421,
        "yk": 0.468658,
        "yl": 0.493586,
        "ym": 0.414958,
        "yn": 0.446021,
        "yo": 0.475242,
        "yp": 0.539658,
        "yq": 0.406917,
        "yr": 0.396844,
        "ys": 0.464753,
        "yt": 0.41618,
        "yu": 0.489286,
        "yv": 0.507152,
        "yw": 0.485806,
        "yx": 0.468016,
        "yy": 0.64,
        "yz": 0.627322,
        "za": 0.589992,
        "zb": 0.371993,
        "zc": 0.47996,
        "zd": 0.521425,
        "ze": 0.448142,
        "zf": 0.500831,
        "zg": 0.371891,
        "zh": 0.452668,
        "zi": 0.583567,
        "zj": 0.636203,
        "zk": 0.569483,
        "zl": 0.579383,
        "zm": 0.498842,
        "zn": 0.411974,
        "zo": 0.427778,
        "zp": 0.458736,
        "zq": 0.523031,
        "zr": 0.472194,
        "zs": 0.421556,
        "zt": 0.459472,
        "zu": 0.342447,
        "zv": 0.509939,
        "zw": 0.3967,
        "zx": 0.465141,
        "zy": 0.533738,
        "zz": 0.64,
        "aaa": 0.32,
        "aab": 0.322221,
        "aac": 0.57052,
        "aad": 0.392187,
        "aae": 0.595036,
        "aaf": 0.418333,
        "aag": 0.451273,
        "aah": 0.483667,
        "aai": 0.498258,
        "aaj": 0.446094,
        "aak": 0.465805,
        "aal": 0.542487,
        "aam": 0.32,
        "aan": 0.520764,
        "aao": 0.567506,
        "aap": 0.484458,
        "aaq": 0.418091,
        "aar": 0.441917,
        "aas": 0.516618,
        "aat": 0.321529,
        "aau": 0.432438,
        "aav": 0.614984,
        "aaw": 0.480796,
        "aax": 0.458991,
        "aay": 0.587116,
        "aaz": 0.358019,
        "aba": 0.606461,
        "abb": 0.464342,
        "abc": 0.354656,
        "abd": 0.39292,
        "abe": 0.45027,
        "abf": 0.535757,
        "abg": 0.461924,
        "abh": 0.471329,
        "abi": 0.50991,
        "abj": 0.420525,
        "abk": 0.472491,
        "abl": 0.525764,
        "abm": 0.426829,
        "abn": 0.467224,
        "abo": 0.529782,
        "abp": 0.44076,
        "abq": 0.563577,
        "abr": 0.454852,
        "abs": 0.388702,
        "abt": 0.461746,
        "abu": 0.506237,
        "abv": 0.544582,
        "abw": 0.5912,
        "abx": 0.414915,
        "aby": 0.459657,
        "abz": 0.64,
        "aca": 0.525247,
        "acb": 0.47935,
        "acc": 0.520263,
        "acd": 0.382948,
        "ace": 0.567017,
        "acf": 0.514324,
        "acg": 0.537995,
        "ach": 0.529175,
        "aci": 0.541432,
        "acj": 0.594576,
        "ack": 0.469356,
        "acl": 0.506445,
        "acm": 0.394763,
        "acn": 0.615179,
        "aco": 0.379124,
        "acp": 0.381096,
        "acq": 0.624765,
        "acr": 0.587467,
        "acs": 0.363404,
        "act": 0.373329,
        "acu": 0.515393,
        "acv": 0.567025,
        "acw": 0.633982,
        "acx": 0.523716,
        "acy": 0.438511,
        "acz": 0.52658,
        "ada": 0.448284,
        "adb": 0.41094,
        "adc": 0.32,
        "add": 0.43007,
        "ade": 0.474519,
        "adf": 0.520876,
        "adg": 0.41284,
        "adh": 0.454598,
        "adi": 0.33297,
        "adj": 0.385019,
        "adk": 0.494447,
        "adl": 0.524873,
        "adm": 0.508225,
        "adn": 0.468592,
        "ado": 0.490656,
        "adp": 0.403799,
        "adq": 0.481275,
        "adr": 0.64,
        "ads": 0.523704,
        "adt": 0.49905,
        "adu": 0.505387,
        "adv": 0.351401,
        "adw": 0.584045,
        "adx": 0.534404,
        "ady": 0.589766,
        "adz": 0.467975,
        "aea": 0.401546,
        "aeb": 0.528095,
        "aec": 0.411762,
        "aed": 0.385507,
        "aee": 0.5518,
        "aef": 0.421965,
        "aeg": 0.421885,
        "aeh": 0.550996,
        "aei": 0.554965,
        "aej": 0.625643,
        "aek": 0.491023,
        "ael": 0.387037,
        "aem": 0.424156,
        "aen": 0.41115,
        "aeo": 0.459996,
        "aep": 0.44125,
        "aeq": 0.502213,
        "aer": 0.546663,
        "aes": 0.442728,
        "aet": 0.409006,
        "aeu": 0.390096,
        "aev": 0.469334,
        "aew": 0.543581,
        "aex": 0.551282,
        "aey": 0.595943,
        "aez": 0.598531,
        "afa": 0.561503,
        "afb": 0.490744,
        "afc": 0.394016,
        "afd": 0.493435,
        "afe": 0.532837,
        "aff": 0.446689,
        "afg": 0.537836,
        "afh": 0.554826,
        "afi": 0.499128,
        "afj": 0.32,
        "afk": 0.430521,
        "afl": 0.475703,
        "afm": 0.435499,
        "afn": 0.603022,
        "afo": 0.477828,
        "afp": 0.617535,
        "afq": 0.355325,
        "afr": 0.511011,
        "afs": 0.503466,
        "aft": 0.603615,
        "afu": 0.446399,
        "afv": 0.530755,
        "afw": 0.64,
        "afx": 0.545937,
        "afy": 0.422277,
        "afz": 0.456991,
        "aga": 0.396558,
        "agb": 0.423104,
        "agc": 0.475316,
        "agd": 0.53745,
        "age": 0.517781,
        "agf": 0.559407,
        "agg": 0.436323,
        "agh": 0.516682,
        "agi": 0.520571,
        "agj": 0.495746,
        "agk": 0.541403,
        "agl": 0.345635,
        "agm": 0.480155,
        "agn": 0.64,
        "ago": 0.372286,
        "agp": 0.633824,
        "agq": 0.532206,
        "agr": 0.561055,
        "ags": 0.592867,
        "agt": 0.453437,
        "agu": 0.631188,
        "agv": 0.371022,
        "agw": 0.510963,
        "agx": 0.400443,
        "agy": 0.406293,
        "agz": 0.50902,
        "aha": 0.490863,
        "ahb": 0.32,
        "ahc": 0.61722,
        "ahd": 0.444643,
        "ahe": 0.429769,
        "ahf": 0.518385,
        "ahg": 0.430892,
        "ahh": 0.493562,
        "ahi": 0.602737,
        "ahj": 0.572759,
        "ahk": 0.407632,
        "ahl": 0.419086,
        "ahm": 0.434286,
        "ahn": 0.479202,
        "aho": 0.43299,
        "ahp": 0.559805,
        "ahq": 0.532258,
        "ahr": 0.434114,
        "ahs": 0.371193,
        "aht": 0.475455,
        "ahu": 0.440468,
        "ahv": 0.561291,
        "ahw": 0.64,
        "ahx": 0.616539,
        "ahy": 0.336407,
        "ahz": 0.34271,
        "aia": 0.612264,
        "aib": 0.462506,
        "aic": 0.505638,
        "aid": 0.46558,
        "aie": 0.470029,
        "aif": 0.456632,
        "aig": 0.561218,
        "aih": 0.467254,
        "aii": 0.452601,
        "aij": 0.398378,
        "aik": 0.462475,
        "ail": 0.32,
        "aim": 0.495751,
        "ain": 0.378707,
        "aio": 0.538915,
        "aip": 0.407079,
        "aiq": 0.400871,
        "air": 0.5401,
        "ais": 0.438456,
        "ait": 0.471531,
        "aiu": 0.545543,
        "aiv": 0.506307,
        "aiw": 0.516671,
        "aix": 0.422472,
        "aiy": 0.454303,
        "aiz": 0.385262,
        "aja": 0.64,
        "ajb": 0.507891,
        "ajc": 0.548859,
        "ajd": 0.32,
        "aje": 0.445768,
        "ajf": 0.445106,
        "ajg": 0.472834,
        "ajh": 0.447622,
        "aji": 0.32,
        "ajj": 0.482966,
        "ajk": 0.542011,
        "ajl": 0.487643,
        "ajm": 0.625476,
        "ajn": 0.32,
        "ajo": 0.555626,
        "ajp": 0.419395,
        "ajq": 0.443833,
        "ajr": 0.561332,
        "ajs": 0.544709,
        "ajt": 0.45253,
        "aju": 0.493758,
        "ajv": 0.491351,
        "ajw": 0.492448,
        "ajx": 0.477641,
        "ajy": 0.561596,
        "ajz": 0.478996,
        "aka": 0.414232,
        "akb": 0.510118,
        "akc": 0.584648,
        "akd": 0.32,
        "ake": 0.558701,
        "akf": 0.527886,
        "akg": 0.32,
        "akh": 0.603971,
        "aki": 0.417205,
        "akj": 0.400447,
        "akk": 0.32,
        "akl": 0.507547,
        "akm": 0.378743,
        "akn": 0.36466,
        "ako": 0.514723,
        "akp": 0.521793,
        "akq": 0.499566,
        "akr": 0.370694,
        "aks": 0.474259,
        "akt": 0.478837,
        "aku": 0.434589,
        "akv": 0.406279,
        "akw": 0.515047,
        "akx": 0.46788,
        "aky": 0.32,
        "akz": 0.414933,
        "ala": 0.562609,
        "alb": 0.529196,
        "alc": 0.32,
        "ald": 0.529872,
        "ale": 0.497246,
        "alf": 0.464566,
        "alg": 0.444388,
        "alh": 0.520037,
        "ali": 0.49911,
        "alj": 0.371143,
        "alk": 0.563043,
        "all": 0.51069
    },
    "persisting": {
        "FBZ_0134.NEF": {
            "spread": "a",
            "cluster_size": 16
        }
    }
}