{
    "blocks_corrupted": [
        0,
        0,
        0,
        0,
        0,
        0,
        0,
        0,
        0,
        0,
        0,
        0,
        0,
        0,
        0,
        0,
        0,
        0,
        0,
        0,
        0,
        0,
        0,
        0,
        0,
        0,
        0,
        0,
        0,
        0,
        0,
        0,
        0,
        0,
        0,
        0,
        0,
        0,
        0,
        0,
        0,
        0,
        0,
        0,
        0,
        0,
        0,
        0,
        0,
        0,
        0,
        0,
        0,
        0,
        0,
        0,
        0,
        0,
        0,
        0,
        0,
        0,
        0,
        0,
        0,
        0,
        0,
        0,
        0,
        0,
        0,
        0,
        0,
        0,
        0,
        0,
        0,
        1,
        0,
        0,
        0,
        0,
        0,
        0,
        0,
        0,
        0,
        0,
        0,
        0,
        0,
        0,
        0,
        0,
        0,
        0,
        0,
        0,
        0,
        0,
        0,
        0,
        0,
        0,
        0,
        0,
        0,
        0
    ],
    "blocks_count": 46,
    "blocks_existing": [
        141,
        141,
        141,
        141,
        141,
        141,
        141,
        141,
        141,
        141,
        141,
        141,
        137,
        137,
        137,
        139,
        141,
        141,
        141,
        141,
        141,
        141,
        141,
        141,
        141,
        141,
        141,
        141,
        141,
        141,
        141,
        141,
        141,
        141,
        141,
        141,
        141,
        141,
        141,
        141,
        141,
        141,
        141,
        141,
        141,
        141,
        141,
        141,
        141,
        141,
        141,
        141,
        141,
        121,
        121,
        121,
        123,
        126,
        126,
        126,
        126,
        126,
        126,
        126,
        126,
        126,
        126,
        126,
        116,
        116,
        116,
        115,
        119,
        122,
        122,
        122,
        122,
        121,
        121,
        122,
        122,
        122,
        122,
        122,
        122,
        122,
        111,
        111,
        111,
        117,
        119,
        125,
        115,
        115,
        101,
        101,
        101,
        101,
        101,
        105,
        112,
        118,
        118,
        112,
        112,
        112,
        112,
        95
    ],
    "blocks_lost": [
        0,
        0,
        0,
        0,
        0,
        0,
        0,
        0,
        0,
        0,
        0,
        0,
        4,
        0,
        0,
        0,
        0,
        0,
        0,
        0,
        0,
        0,
        0,
        0,
        0,
        0,
        0,
        0,
        0,
        0,
        0,
        0,
        0,
        0,
        0,
        0,
        0,
        0,
        0,
        0,
        0,
        0,
        0,
        0,
        0,
        0,
        0,
        0,
        0,
        0,
        0,
        0,
        0,
        20,
        0,
        0,
        0,
        0,
        0,
        0,
        0,
        0,
        0,
        0,
        0,
        0,
        0,
        0,
        10,
        0,
        0,
        7,
        0,
        0,
        0,
        0,
        0,
        0,
        0,
        0,
        0,
        0,
        0,
        0,
        0,
        0,
        11,
        0,
        0,
        0,
        0,
        0,
        10,
        0,
        14,
        0,
        0,
        0,
        0,
        0,
        0,
        0,
        0,
        6,
        0,
        0,
        0,
        17
    ],
    "blocks_moved": [
        86,
        117,
        103,
        108,
        127,
        114,
        114,
        110,
        122,
        117,
        114,
        116,
        119,
        126,
        114,
        151,
        143,
        143,
        147,
        136,
        151,
        145,
        146,
        160,
        150,
        150,
        143,
        139,
        159,
        134,
        135,
        140,
        145,
        152,
        146,
        154,
        144,
        150,
        156,
        144,
        128,
        146,
        143,
        159,
        152,
        149,
        129,
        135,
        153,
        163,
        131,
        129,
        138,
        114,
        123,
        111,
        155,
        151,
        137,
        142,
        137,
        145,
        146,
        146,
        145,
        151,
        157,
        150,
        129,
        131,
        129,
        64,
        66,
        65,
        40,
        57,
        65,
        61,
        51,
        61,
        46,
        58,
        48,
        58,
        64,
        62,
        51,
        44,
        49,
        49,
        44,
        63,
        36,
        36,
        32,
        24,
        30,
        27,
        26,
        29,
        24,
        34,
        20,
        18,
        7,
        11,
        11,
        7
    ],
    "blocks_size": 1026470,
    "channel_loss": 0.04,
    "cluster_id": "e7aac5db-0952-458d-af7f-1838b4022e2e",
    "cluster_size_am": [
        8,
        8,
        8,
        8,
        8,
        8,
        8,
        8,
        8,
        8,
        8,
        8,
        8,
        8,
        8,
        8,
        8,
        8,
        8,
        8,
        8,
        8,
        8,
        8,
        8,
        8,
        8,
        8,
        8,
        8,
        8,
        8,
        8,
        8,
        8,
        8,
        8,
        8,
        8,
        8,
        8,
        8,
        8,
        8,
        8,
        8,
        8,
        8,
        8,
        8,
        8,
        8,
        8,
        8,
        8,
        8,
        8,
        8,
        8,
        8,
        8,
        8,
        8,
        8,
        8,
        8,
        8,
        8,
        8,
        8,
        8,
        8,
        8,
        8,
        8,
        8,
        8,
        8,
        8,
        8,
        8,
        8,
        8,
        8,
        8,
        8,
        8,
        8,
        8,
        8,
        8,
        8,
        8,
        8,
        8,
        8,
        8,
        8,
        8,
        8,
        8,
        8,
        8,
        8,
        8,
        8,
        8,
        8
    ],
    "cluster_size_bm": [
        8,
        8,
        8,
        8,
        8,
        8,
        8,
        8,
        8,
        8,
        8,
        8,
        8,
        8,
        7,
        8,
        8,
        8,
        8,
        8,
        8,
        8,
        8,
        8,
        8,
        8,
        8,
        8,
        8,
        8,
        8,
        8,
        8,
        8,
        8,
        8,
        8,
        8,
        8,
        8,
        8,
        8,
        8,
        8,
        8,
        8,
        8,
        8,
        8,
        8,
        8,
        8,
        8,
        8,
        8,
        7,
        8,
        8,
        8,
        8,
        8,
        8,
        8,
        8,
        8,
        8,
        8,
        8,
        8,
        8,
        7,
        8,
        8,
        8,
        8,
        8,
        8,
        8,
        8,
        8,
        8,
        8,
        8,
        8,
        8,
        8,
        8,
        8,
        7,
        8,
        8,
        8,
        8,
        8,
        8,
        8,
        8,
        8,
        7,
        8,
        8,
        8,
        8,
        8,
        8,
        8,
        8,
        7
    ],
    "cluster_status_am": [
        "stable",
        "stable",
        "stable",
        "stable",
        "stable",
        "stable",
        "stable",
        "stable",
        "stable",
        "stable",
        "stable",
        "stable",
        "stable",
        "stable",
        "stable",
        "stable",
        "stable",
        "stable",
        "stable",
        "stable",
        "stable",
        "stable",
        "stable",
        "stable",
        "stable",
        "stable",
        "stable",
        "stable",
        "stable",
        "stable",
        "stable",
        "stable",
        "stable",
        "stable",
        "stable",
        "stable",
        "stable",
        "stable",
        "stable",
        "stable",
        "stable",
        "stable",
        "stable",
        "stable",
        "stable",
        "stable",
        "stable",
        "stable",
        "stable",
        "stable",
        "stable",
        "stable",
        "stable",
        "stable",
        "stable",
        "stable",
        "stable",
        "stable",
        "stable",
        "stable",
        "stable",
        "stable",
        "stable",
        "stable",
        "stable",
        "stable",
        "stable",
        "stable",
        "stable",
        "stable",
        "stable",
        "stable",
        "stable",
        "stable",
        "stable",
        "stable",
        "stable",
        "stable",
        "stable",
        "stable",
        "stable",
        "stable",
        "stable",
        "stable",
        "stable",
        "stable",
        "stable",
        "stable",
        "stable",
        "stable",
        "stable",
        "stable",
        "stable",
        "stable",
        "stable",
        "stable",
        "stable",
        "stable",
        "stable",
        "stable",
        "stable",
        "stable",
        "stable",
        "stable",
        "stable",
        "stable",
        "stable",
        "stable"
    ],
    "cluster_status_bm": [
        "stable",
        "stable",
        "stable",
        "stable",
        "stable",
        "stable",
        "stable",
        "stable",
        "stable",
        "stable",
        "stable",
        "stable",
        "stable",
        "stable",
        "sufficient",
        "stable",
        "stable",
        "stable",
        "stable",
        "stable",
        "stable",
        "stable",
        "stable",
        "stable",
        "stable",
        "stable",
        "stable",
        "stable",
        "stable",
        "stable",
        "stable",
        "stable",
        "stable",
        "stable",
        "stable",
        "stable",
        "stable",
        "stable",
        "stable",
        "stable",
        "stable",
        "stable",
        "stable",
        "stable",
        "stable",
        "stable",
        "stable",
        "stable",
        "stable",
        "stable",
        "stable",
        "stable",
        "stable",
        "stable",
        "stable",
        "sufficient",
        "stable",
        "stable",
        "stable",
        "stable",
        "stable",
        "stable",
        "stable",
        "stable",
        "stable",
        "stable",
        "stable",
        "stable",
        "stable",
        "stable",
        "sufficient",
        "stable",
        "stable",
        "stable",
        "stable",
        "stable",
        "stable",
        "stable",
        "stable",
        "stable",
        "stable",
        "stable",
        "stable",
        "stable",
        "stable",
        "stable",
        "stable",
        "stable",
        "sufficient",
        "stable",
        "stable",
        "stable",
        "stable",
        "stable",
        "stable",
        "stable",
        "stable",
        "stable",
        "sufficient",
        "stable",
        "stable",
        "stable",
        "stable",
        "stable",
        "stable",
        "stable",
        "stable",
        "sufficient"
    ],
    "cluster_type": "SGClusterExt",
    "convergence_set": [],
    "convergence_sets": [
        [
            3,
            4
        ],
        [
            7,
            8,
            9
        ],
        [
            14
        ],
        [
            16
        ],
        [
            27
        ],
        [
            40
        ],
        [
            46
        ],
        [
            50,
            51
        ]
    ],
    "convergence_treshold": 0,
    "corruption_chance_tod": 0.000191,
    "critical_size_threshold": 3,
    "cswc": 0,
    "delay_replication": [
        0,
        0,
        0,
        0,
        0,
        0,
        0,
        0,
        0,
        0,
        0,
        0,
        0,
        0,
        1.5,
        0,
        0,
        0,
        0,
        0,
        0,
        0,
        0,
        0,
        0,
        0,
        0,
        0,
        0,
        0,
        0,
        0,
        0,
        0,
        0,
        0,
        0,
        0,
        0,
        0,
        0,
        0,
        0,
        0,
        0,
        0,
        0,
        0,
        0,
        0,
        0,
        0,
        0,
        0,
        0,
        1.6666666666666667,
        0,
        0,
        0,
        0,
        0,
        0,
        0,
        0,
        0,
        0,
        0,
        0,
        0,
        0,
        1.8,
        0,
        0,
        0,
        0,
        0,
        0,
        2.0,
        0,
        0,
        0,
        0,
        0,
        0,
        0,
        0,
        0,
        0,
        2.0,
        0,
        0,
        0,
        0,
        0,
        0,
        0,
        0,
        0,
        2.0714285714285716,
        0,
        0,
        0,
        0,
        0,
        0,
        0,
        0,
        2.1666666666666665
    ],
    "delay_suspects_detection": {
        "b": 2,
        "hn": 4,
        "sm": 2,
        "uj": 2,
        "wi": 4,
        "ye": 2
    },
    "file_name": "FBZ_0134.NEF",
    "initial_spread": "a",
    "largest_convergence_window": 3,
    "matrices_nodes_degrees": [
        {
            "abt": "5i#o5",
            "hn": "6i#o6",
            "sm": "6i#o6",
            "su": "4i#o4",
            "uj": "6i#o6",
            "w": "5i#o5",
            "wi": "3i#o3",
            "ye": "7i#o7"
        },
        {
            "a": "5i#o5",
            "abt": "3i#o3",
            "hn": "7i#o7",
            "sm": "4i#o4",
            "su": "3i#o3",
            "uj": "7i#o7",
            "w": "4i#o4",
            "wi": "5i#o5"
        },
        {
            "a": "3i#o3",
            "abt": "5i#o4",
            "b": "3i#o3",
            "hn": "6i#o6",
            "sm": "3i#o3",
            "su": "1i#o4",
            "w": "5i#o4",
            "wi": "5i#o4"
        },
        {
            "a": "4i#o3",
            "abt": "2i#o2",
            "b": "3i#o3",
            "c": "5i#o5",
            "hn": "2i#o2",
            "su": "1i#o3",
            "w": "4i#o3",
            "wi": "3i#o3"
        },
        {
            "a": "2i#o4",
            "abt": "4i#o3",
            "c": "6i#o6",
            "d": "6i#o4",
            "hn": "3i#o3",
            "su": "2i#o5",
            "w": "5i#o4",
            "wi": "3i#o2"
        },
        {
            "a": "2i#o3",
            "abt": "3i#o7",
            "c": "7i#o4",
            "d": "3i#o3",
            "e": "3i#o2",
            "su": "2i#o5",
            "w": "4i#o2",
            "wi": "6i#o4"
        },
        {
            "a": "3i#o5",
            "abt": "4i#o5",
            "c": "3i#o3",
            "d": "3i#o3",
            "e": "6i#o4",
            "f": "5i#o2",
            "su": "3i#o3",
            "w": "2i#o4"
        }
    ],
    "max_epochs": 480,
    "max_replication_delay": 3,
    "min_replication_delay": 1,
    "off_node_count": [
        0,
        0,
        0,
        0,
        0,
        0,
        0,
        0,
        0,
        0,
        0,
        0,
        0,
        0,
        1,
        0,
        0,
        0,
        0,
        0,
        0,
        0,
        0,
        0,
        0,
        0,
        0,
        0,
        0,
        0,
        0,
        0,
        0,
        0,
        0,
        0,
        0,
        0,
        0,
        0,
        0,
        0,
        0,
        0,
        0,
        0,
        0,
        0,
        0,
        0,
        0,
        0,
        0,
        0,
        0,
        1,
        0,
        0,
        0,
        0,
        0,
        0,
        0,
        0,
        0,
        0,
        0,
        0,
        0,
        0,
        1,
        0,
        0,
        0,
        0,
        0,
        0,
        0,
        0,
        0,
        0,
        0,
        0,
        0,
        0,
        0,
        0,
        0,
        1,
        0,
        0,
        0,
        0,
        0,
        0,
        0,
        0,
        0,
        1,
        0,
        0,
        0,
        0,
        0,
        0,
        0,
        0,
        1
    ],
    "original_size": 8,
    "redundant_size": 14,
    "replication_level": 3,
    "simfile_name": "SGDBS-T1.json",
    "successfull": false,
    "sufficient_size_threshold": 6,
    "terminated": 108,
    "terminated_messages": [
        "Lost all replicas of file replica with id: FBZ_0134.NEF_#_39"
    ],
    "topologies_goal_achieved": [
        true,
        true,
        false,
        false,
        false,
        false
    ],
    "topologies_goal_distance": [
        1.1923057298935698,
        1.490910346783389,
        1.6793261216549773,
        1.890130709208548,
        2.467638747652762,
        2.2766644303120724
    ],
    "transmissions_failed": [
        5,
        6,
        3,
        3,
        7,
        5,
        6,
        2,
        7,
        6,
        5,
        6,
        5,
        6,
        6,
        4,
        8,
        8,
        4,
        5,
        7,
        2,
        5,
        4,
        2,
        7,
        5,
        1,
        12,
        4,
        2,
        10,
        6,
        6,
        8,
        7,
        3,
        4,
        8,
        6,
        6,
        7,
        3,
        7,
        5,
        6,
        4,
        9,
        5,
        7,
        6,
        6,
        6,
        4,
        6,
        7,
        5,
        4,
        7,
        4,
        2,
        1,
        13,
        13,
        6,
        6,
        14,
        5,
        7,
        5,
        5,
        3,
        2,
        5,
        2,
        5,
        4,
        1,
        2,
        2,
        2,
        1,
        1,
        4,
        5,
        6,
        3,
        1,
        1,
        0,
        0,
        4,
        0,
        0,
        1,
        0,
        0,
        0,
        0,
        3,
        1,
        0,
        2,
        0,
        2,
        0,
        0,
        0
    ]
}
