{
    "blocks_corrupted": [
        0,
        0,
        0,
        0,
        0,
        0,
        1,
        0,
        0,
        0,
        0,
        0,
        0,
        0,
        0,
        0,
        0,
        0,
        0,
        0,
        0,
        0,
        0,
        0,
        0,
        0,
        1,
        0,
        0,
        0,
        0,
        0,
        0,
        0,
        0,
        0,
        0,
        0,
        0,
        0,
        0,
        0,
        0,
        0,
        0,
        0,
        0,
        0,
        0,
        0,
        0,
        0,
        0,
        0,
        0,
        0,
        0,
        0,
        0,
        0,
        0,
        0,
        0,
        0,
        0,
        0,
        0,
        0,
        0,
        0,
        0,
        0,
        0,
        0
    ],
    "blocks_count": 46,
    "blocks_existing": [
        141,
        141,
        141,
        141,
        141,
        141,
        140,
        141,
        141,
        141,
        141,
        141,
        141,
        135,
        135,
        135,
        135,
        135,
        136,
        138,
        141,
        141,
        141,
        141,
        141,
        141,
        140,
        140,
        141,
        141,
        141,
        141,
        141,
        141,
        141,
        141,
        141,
        141,
        141,
        141,
        141,
        141,
        141,
        141,
        141,
        141,
        141,
        141,
        141,
        141,
        128,
        128,
        136,
        131,
        123,
        123,
        123,
        106,
        107,
        108,
        104,
        98,
        98,
        98,
        99,
        101,
        107,
        107,
        107,
        107,
        107,
        107,
        107,
        97
    ],
    "blocks_lost": [
        0,
        0,
        0,
        0,
        0,
        0,
        0,
        0,
        0,
        0,
        0,
        0,
        0,
        6,
        0,
        0,
        0,
        0,
        0,
        0,
        0,
        0,
        0,
        0,
        0,
        0,
        0,
        0,
        0,
        0,
        0,
        0,
        0,
        0,
        0,
        0,
        0,
        0,
        0,
        0,
        0,
        0,
        0,
        0,
        0,
        0,
        0,
        0,
        0,
        0,
        13,
        0,
        0,
        5,
        14,
        0,
        0,
        19,
        0,
        0,
        4,
        6,
        0,
        0,
        0,
        0,
        0,
        0,
        0,
        0,
        0,
        0,
        0,
        11
    ],
    "blocks_moved": [
        103,
        112,
        122,
        125,
        126,
        105,
        120,
        112,
        121,
        113,
        139,
        122,
        139,
        120,
        113,
        103,
        120,
        110,
        151,
        161,
        162,
        157,
        147,
        142,
        147,
        152,
        145,
        154,
        145,
        159,
        146,
        144,
        154,
        166,
        152,
        151,
        152,
        149,
        143,
        162,
        143,
        145,
        163,
        154,
        157,
        151,
        132,
        145,
        150,
        155,
        129,
        124,
        81,
        49,
        62,
        53,
        59,
        60,
        47,
        38,
        38,
        21,
        30,
        26,
        54,
        42,
        33,
        31,
        30,
        29,
        34,
        34,
        26,
        25
    ],
    "blocks_size": 1026470,
    "channel_loss": 0.04,
    "cluster_id": "0b64fd0e-436d-4507-8779-67ce8f3e631c",
    "cluster_size_am": [
        8,
        8,
        8,
        8,
        8,
        8,
        8,
        8,
        8,
        8,
        8,
        8,
        8,
        8,
        8,
        8,
        8,
        8,
        8,
        8,
        8,
        8,
        8,
        8,
        8,
        8,
        8,
        8,
        8,
        8,
        8,
        8,
        8,
        8,
        8,
        8,
        8,
        8,
        8,
        8,
        8,
        8,
        8,
        8,
        8,
        8,
        8,
        8,
        8,
        8,
        8,
        8,
        8,
        8,
        8,
        8,
        8,
        8,
        8,
        8,
        8,
        8,
        8,
        8,
        8,
        8,
        8,
        8,
        8,
        8,
        8,
        8,
        8,
        8
    ],
    "cluster_size_bm": [
        8,
        8,
        8,
        8,
        8,
        8,
        8,
        8,
        8,
        8,
        8,
        8,
        8,
        8,
        8,
        8,
        8,
        7,
        8,
        8,
        8,
        8,
        8,
        8,
        8,
        8,
        8,
        8,
        8,
        8,
        8,
        8,
        8,
        8,
        8,
        8,
        8,
        8,
        8,
        8,
        8,
        8,
        8,
        8,
        8,
        8,
        8,
        8,
        8,
        8,
        8,
        7,
        8,
        8,
        8,
        8,
        7,
        8,
        8,
        8,
        8,
        8,
        8,
        7,
        8,
        8,
        8,
        8,
        8,
        8,
        8,
        8,
        8,
        8
    ],
    "cluster_status_am": [
        "stable",
        "stable",
        "stable",
        "stable",
        "stable",
        "stable",
        "stable",
        "stable",
        "stable",
        "stable",
        "stable",
        "stable",
        "stable",
        "stable",
        "stable",
        "stable",
        "stable",
        "stable",
        "stable",
        "stable",
        "stable",
        "stable",
        "stable",
        "stable",
        "stable",
        "stable",
        "stable",
        "stable",
        "stable",
        "stable",
        "stable",
        "stable",
        "stable",
        "stable",
        "stable",
        "stable",
        "stable",
        "stable",
        "stable",
        "stable",
        "stable",
        "stable",
        "stable",
        "stable",
        "stable",
        "stable",
        "stable",
        "stable",
        "stable",
        "stable",
        "stable",
        "stable",
        "stable",
        "stable",
        "stable",
        "stable",
        "stable",
        "stable",
        "stable",
        "stable",
        "stable",
        "stable",
        "stable",
        "stable",
        "stable",
        "stable",
        "stable",
        "stable",
        "stable",
        "stable",
        "stable",
        "stable",
        "stable",
        "stable"
    ],
    "cluster_status_bm": [
        "stable",
        "stable",
        "stable",
        "stable",
        "stable",
        "stable",
        "stable",
        "stable",
        "stable",
        "stable",
        "stable",
        "stable",
        "stable",
        "stable",
        "stable",
        "stable",
        "stable",
        "sufficient",
        "stable",
        "stable",
        "stable",
        "stable",
        "stable",
        "stable",
        "stable",
        "stable",
        "stable",
        "stable",
        "stable",
        "stable",
        "stable",
        "stable",
        "stable",
        "stable",
        "stable",
        "stable",
        "stable",
        "stable",
        "stable",
        "stable",
        "stable",
        "stable",
        "stable",
        "stable",
        "stable",
        "stable",
        "stable",
        "stable",
        "stable",
        "stable",
        "stable",
        "sufficient",
        "stable",
        "stable",
        "stable",
        "stable",
        "sufficient",
        "stable",
        "stable",
        "stable",
        "stable",
        "stable",
        "stable",
        "sufficient",
        "stable",
        "stable",
        "stable",
        "stable",
        "stable",
        "stable",
        "stable",
        "stable",
        "stable",
        "stable"
    ],
    "cluster_type": "SGClusterExt",
    "convergence_set": [],
    "convergence_sets": [
        [
            3
        ],
        [
            5,
            6
        ],
        [
            8
        ],
        [
            10
        ],
        [
            12,
            13,
            14
        ],
        [
            17,
            18
        ],
        [
            21
        ],
        [
            27
        ],
        [
            35
        ],
        [
            39,
            40
        ],
        [
            43
        ],
        [
            45
        ],
        [
            50,
            51,
            52
        ]
    ],
    "convergence_treshold": 0,
    "corruption_chance_tod": 0.000191,
    "critical_size_threshold": 3,
    "cswc": 0,
    "delay_replication": [
        0,
        0,
        0,
        0,
        0,
        0,
        1.0,
        0,
        0,
        0,
        0,
        0,
        0,
        0,
        0,
        0,
        0,
        2.3333333333333335,
        0,
        0,
        0,
        0,
        0,
        0,
        0,
        0,
        2.0,
        0,
        0,
        0,
        0,
        0,
        0,
        0,
        0,
        0,
        0,
        0,
        0,
        0,
        0,
        0,
        0,
        0,
        0,
        0,
        0,
        0,
        0,
        0,
        0,
        1.7692307692307692,
        0,
        0,
        0,
        0,
        2.0,
        0,
        0,
        0,
        0,
        0,
        0,
        2.5,
        0,
        0,
        0,
        0,
        0,
        0,
        0,
        0,
        0,
        0
    ],
    "delay_suspects_detection": {
        "pr": 2,
        "vz": 3,
        "xt": 1,
        "z": 4
    },
    "file_name": "FBZ_0134.NEF",
    "initial_spread": "a",
    "largest_convergence_window": 3,
    "matrices_nodes_degrees": [
        {
            "adb": "3i#o3",
            "aeg": "4i#o4",
            "aeh": "2i#o2",
            "aid": "4i#o4",
            "pr": "5i#o5",
            "vz": "3i#o3",
            "xt": "5i#o5",
            "z": "4i#o4"
        },
        {
            "a": "3i#o3",
            "adb": "8i#o8",
            "aeg": "3i#o3",
            "aeh": "5i#o5",
            "aid": "5i#o5",
            "pr": "5i#o5",
            "vz": "5i#o5",
            "xt": "6i#o6"
        },
        {
            "a": "5i#o5",
            "adb": "2i#o2",
            "aeg": "2i#o2",
            "aeh": "3i#o3",
            "aid": "2i#o2",
            "b": "4i#o4",
            "pr": "4i#o4",
            "vz": "4i#o4"
        },
        {
            "a": "5i#o5",
            "adb": "5i#o4",
            "aeg": "1i#o5",
            "aeh": "5i#o4",
            "aid": "4i#o3",
            "b": "4i#o4",
            "c": "3i#o2",
            "pr": "3i#o3"
        },
        {
            "a": "6i#o5",
            "adb": "3i#o6",
            "aeg": "2i#o3",
            "aeh": "6i#o4",
            "aid": "2i#o5",
            "b": "5i#o3",
            "c": "4i#o3",
            "d": "5i#o4"
        }
    ],
    "max_epochs": 480,
    "max_replication_delay": 3,
    "min_replication_delay": 1,
    "off_node_count": [
        0,
        0,
        0,
        0,
        0,
        0,
        0,
        0,
        0,
        0,
        0,
        0,
        0,
        0,
        0,
        0,
        0,
        1,
        0,
        0,
        0,
        0,
        0,
        0,
        0,
        0,
        0,
        0,
        0,
        0,
        0,
        0,
        0,
        0,
        0,
        0,
        0,
        0,
        0,
        0,
        0,
        0,
        0,
        0,
        0,
        0,
        0,
        0,
        0,
        0,
        0,
        1,
        0,
        0,
        0,
        0,
        1,
        0,
        0,
        0,
        0,
        0,
        0,
        1,
        0,
        0,
        0,
        0,
        0,
        0,
        0,
        0,
        0,
        0
    ],
    "original_size": 8,
    "redundant_size": 14,
    "replication_level": 3,
    "simfile_name": "SGDBS-T1.json",
    "successfull": false,
    "sufficient_size_threshold": 6,
    "terminated": 74,
    "terminated_messages": [
        "Lost all replicas of file replica with id: FBZ_0134.NEF_#_45"
    ],
    "topologies_goal_achieved": [
        true,
        true,
        false,
        false
    ],
    "topologies_goal_distance": [
        0.925031172496212,
        1.1878620809379232,
        1.6945568641426354,
        2.6178685169722185
    ],
    "transmissions_failed": [
        6,
        0,
        6,
        4,
        2,
        4,
        6,
        7,
        3,
        3,
        4,
        7,
        3,
        4,
        4,
        4,
        4,
        6,
        5,
        5,
        6,
        7,
        6,
        3,
        6,
        8,
        8,
        4,
        3,
        5,
        7,
        12,
        8,
        6,
        7,
        9,
        5,
        6,
        5,
        12,
        7,
        6,
        5,
        4,
        3,
        1,
        3,
        5,
        7,
        5,
        5,
        6,
        3,
        4,
        9,
        0,
        1,
        1,
        1,
        0,
        0,
        0,
        1,
        3,
        5,
        1,
        1,
        3,
        0,
        0,
        0,
        1,
        3,
        0
    ]
}
